id,area,component,kind,label,handlers,disabled,visibilityConditions,title,helpId,testPointers,evidence,reviewFlags
"src/ui/app/AutosaveRecoveryBanner.tsx:11:9","app","AutosaveRecoveryBanner","button-component-call","Restore","{""onClick"":""offer.restore""}","null","[]","null","null","[""src/ui/app/AutosaveRecoveryBanner.test.tsx""]","source-inventory-only","[]"
"src/ui/app/AutosaveRecoveryBanner.tsx:14:9","app","AutosaveRecoveryBanner","button-component-call","Hide","{""onClick"":""offer.hide""}","null","[]","Hide this reminder and keep the autosave","null","[""src/ui/app/AutosaveRecoveryBanner.test.tsx""]","source-inventory-only","[]"
"src/ui/app/DesktopCloseNotice.tsx:16:9","app","DesktopCloseNotice","button-component-call","Keep app open","{""onClick"":""desktopCloseController.keepOpen""}","null","[]","null","null","[""src/ui/app/DesktopCloseNotice.test.tsx""]","source-inventory-only","[]"
"src/ui/app/DesktopCloseNotice.tsx:18:11","app","DesktopCloseNotice","button-component-call","Retry Abort","{""onClick"":""desktopCloseController.retryStop""}","null","[""notice.kind === 'failed'""]","null","null","[""src/ui/app/DesktopCloseNotice.test.tsx""]","source-inventory-only","[]"
"src/ui/app/DesktopCloseNotice.tsx:21:11","app","DesktopCloseNotice","button-component-call","Acknowledge warning and close","{""onClick"":""() => desktopCloseController.acknowledgeWarning(notice)""}","null","[""notice.kind === 'unconfirmed'""]","null","null","[""src/ui/app/DesktopCloseNotice.test.tsx""]","source-inventory-only","[]"
"src/ui/app/ExternalGcodePreviewBanner.tsx:14:7","app","ExternalGcodePreviewBanner","button-component-call","Show project toolpath","{""onClick"":""close""}","null","[]","null","null","[]","source-inventory-only","[]"
"src/ui/app/GcodeSaveDialog.tsx:58:9","app","GcodeSaveDialog","button-component-call","Cancel","{""onClick"":""props.onClose""}","null","[]","null","null","[""src/ui/app/GcodeSaveDialog.test.tsx""]","source-inventory-only","[]"
"src/ui/app/GcodeSaveDialog.tsx:59:9","app","GcodeSaveDialog","button-component-call","Choose destination…","{""onClick"":""save""}","preparation.kind === 'preparing' || preparation.kind === 'failed'","[]","null","null","[""src/ui/app/GcodeSaveDialog.test.tsx""]","source-inventory-only","[]"
"src/ui/app/ProjectBedReconciliationBanner.tsx:23:9","app","ProjectBedReconciliationBanner","button-component-call","Use project machine","{""onClick"":""accept""}","null","[]","null","null","[""src/ui/app/ProjectBedReconciliationBanner.test.tsx""]","source-inventory-only","[]"
"src/ui/app/ProjectBedReconciliationBanner.tsx:26:9","app","ProjectBedReconciliationBanner","button-component-call","Keep current machine","{""onClick"":""keepCurrent""}","null","[]","null","null","[""src/ui/app/ProjectBedReconciliationBanner.test.tsx""]","source-inventory-only","[]"
"src/ui/app/WorkspaceSidePanels.tsx:45:9","app","WorkspaceSidePanels","semantic-control","{active === 'layers' ? <CutsLayersPanel /> : <LaserWindow dockedJobActions />}","{}","null","[]","null","null","[""src/ui/app/WorkspaceSidePanels.test.tsx"",""src/ui/app/workspace-chrome-shortcuts.test.tsx""]","source-inventory-only","[]"
"src/ui/app/WorkspaceSidePanels.tsx:104:5","app","CompactPanelTabs","semantic-control","Side panel","{}","null","[]","null","null","[""src/ui/app/WorkspaceSidePanels.test.tsx"",""src/ui/app/workspace-chrome-shortcuts.test.tsx""]","source-inventory-only","[]"
"src/ui/app/WorkspaceSidePanels.tsx:190:5","app","PanelTab","native-button","props.label","{""onClick"":""props.onSelect"",""onKeyDown"":""moveTabFocus""}","null","[]","`Show ${props.label} panel`","null","[""src/ui/app/WorkspaceSidePanels.test.tsx"",""src/ui/app/workspace-chrome-shortcuts.test.tsx""]","source-inventory-only","[]"
"src/ui/app/WorkspaceSidePanels.tsx:216:5","app","PanelToggle","native-button","{props.label}","{""onClick"":""props.onToggle""}","null","[]","`${props.expanded ? 'Hide' : 'Show'} ${props.label} panel`","null","[""src/ui/app/WorkspaceSidePanels.test.tsx"",""src/ui/app/workspace-chrome-shortcuts.test.tsx""]","source-inventory-only","[]"
"src/ui/box/BoxFitTestDialog.tsx:115:9","box","BoxFitTestDialog","button-component-call","Cancel","{""onClick"":""props.onCancel""}","null","[]","null","null","[""src/ui/box/BoxFitTestDialog.test.tsx""]","source-inventory-only","[]"
"src/ui/box/BoxFitTestDialog.tsx:116:9","box","BoxFitTestDialog","button-component-call","Generate","{}","result.kind !== 'generated'","[]","null","null","[""src/ui/box/BoxFitTestDialog.test.tsx""]","source-inventory-only","[]"
"src/ui/box/BoxGenerationStatus.tsx:21:7","box","action","button-component-call","Cancel preview generation","{""onClick"":""props.onCancel""}","null","[""props.state.kind === 'pending'""]","null","null","[""src/ui/box/BoxGenerationStatus.test.tsx""]","source-inventory-only","[]"
"src/ui/box/BoxGenerationStatus.tsx:23:7","box","action","button-component-call","Retry preview generation","{""onClick"":""props.onRetry""}","null","[""props.state.kind === 'failed' || props.state.kind === 'cancelled'"",""not props.state.kind === 'pending'""]","null","null","[""src/ui/box/BoxGenerationStatus.test.tsx""]","source-inventory-only","[]"
"src/ui/box/BoxGeneratorDialog.tsx:87:9","box","BoxGeneratorDialog","button-component-call","Cancel","{""onClick"":""handleCancel""}","null","[]","null","null","[""src/ui/box/BoxGeneratorDialog.persistence.test.tsx"",""src/ui/box/BoxGeneratorDialog.test.tsx"",""src/ui/box/BoxGeneratorDialog.worker.test.tsx""]","source-inventory-only","[]"
"src/ui/box/BoxGeneratorDialog.tsx:88:9","box","BoxGeneratorDialog","button-component-call","Generate","{}","generation.currentSnapshot === null","[]","null","null","[""src/ui/box/BoxGeneratorDialog.persistence.test.tsx"",""src/ui/box/BoxGeneratorDialog.test.tsx"",""src/ui/box/BoxGeneratorDialog.worker.test.tsx""]","source-inventory-only","[]"
"src/ui/box/BoxGeneratorPreview.tsx:18:9","box","BoxGeneratorPreview","button-component-call","Flat","{""onClick"":""() => props.onSelectView('flat')""}","null","[]","null","null","[]","source-inventory-only","[]"
"src/ui/box/BoxGeneratorPreview.tsx:21:9","box","BoxGeneratorPreview","button-component-call","Assembled","{""onClick"":""() => props.onSelectView('assembled')""}","null","[]","null","null","[]","source-inventory-only","[]"
"src/ui/calibration/IntervalTestDialog.tsx:90:9","calibration","IntervalTestDialog","button-component-call","Cancel","{""onClick"":""props.onCancel""}","null","[]","null","null","[""src/ui/calibration/CalibrationDrafts.validation.test.tsx"",""src/ui/calibration/IntervalTestDialog.test.tsx""]","source-inventory-only","[]"
"src/ui/calibration/IntervalTestDialog.tsx:91:9","calibration","IntervalTestDialog","button-component-call","Generate","{}","issues.length > 0","[]","null","null","[""src/ui/calibration/CalibrationDrafts.validation.test.tsx"",""src/ui/calibration/IntervalTestDialog.test.tsx""]","source-inventory-only","[]"
"src/ui/calibration/MaterialTestDialog.tsx:97:9","calibration","MaterialTestDialog","button-component-call","Cancel","{""onClick"":""props.onCancel""}","null","[]","null","null","[""src/ui/calibration/CalibrationDrafts.validation.test.tsx"",""src/ui/calibration/MaterialTestDialog.test.tsx""]","source-inventory-only","[]"
"src/ui/calibration/MaterialTestDialog.tsx:98:9","calibration","MaterialTestDialog","button-component-call","Generate","{}","issues.length > 0","[]","null","null","[""src/ui/calibration/CalibrationDrafts.validation.test.tsx"",""src/ui/calibration/MaterialTestDialog.test.tsx""]","source-inventory-only","[]"
"src/ui/calibration/ScanOffsetCalibrationDialog.tsx:92:9","calibration","ScanOffsetCalibrationDialog","button-component-call","Cancel","{""onClick"":""props.onCancel""}","null","[]","null","null","[""src/ui/calibration/ScanOffsetCalibrationDialog.test.tsx""]","source-inventory-only","[]"
"src/ui/calibration/ScanOffsetCalibrationDialog.tsx:93:9","calibration","ScanOffsetCalibrationDialog","button-component-call","{mode === 'baseline' ? 'Generate uncorrected baseline' : 'Generate verification coupon'}","{}","null","[]","null","null","[""src/ui/calibration/ScanOffsetCalibrationDialog.test.tsx""]","source-inventory-only","[]"
"src/ui/camera/AutoAlignControls.tsx:24:7","camera","AutoAlignControls","native-button","Align to bed…","{""onClick"":""openWizard""}","!available","[]","alignmentButtonTitle(featureEnabled)","null","[""src/ui/camera/AutoAlignControls.test.tsx""]","source-inventory-only","[]"
"src/ui/camera/NetworkCameraView.tsx:104:11","camera","NetworkCameraView","button-component-call","","{}","null","[]","null","null","[""src/ui/camera/NetworkCameraView.test.ts""]","source-inventory-only","[]"
"src/ui/camera/NetworkCameraView.tsx:110:11","camera","NetworkCameraView","native-button","Re-align","{""onClick"":""resetAlignment""}","null","[]","Re-run the 4-point bed alignment.","null","[""src/ui/camera/NetworkCameraView.test.ts""]","source-inventory-only","[]"
"src/ui/camera/NetworkCameraView.tsx:125:7","camera","NetworkCameraView","other-interactive","","{""onClick"":""handleClick""}","null","[]","null","null","[""src/ui/camera/NetworkCameraView.test.ts""]","source-inventory-only","[""nonsemantic-click-target-review""]"
"src/ui/camera/NetworkCameraView.tsx:166:5","camera","SaveAlignmentButton","native-button","{isCurrent ? 'Saved to device' : 'Save & show on canvas'}","{""onClick"":""() => updateDeviceProfile({ cameraAlignment: { homography: props.homography, frameWidth: props.natural.width, frameHeight: props.natural.height, basis: 'raw', alignedAt: Date.now(), // Manual four-corner alignment targets the bare machine bed. Use // the calibrated marker wizard for non-zero surface compensation. planeHeightMm: 0, capture: cameraCaptureBindingForFrame( machineJpegSource(props.cameraUrl, props.queryFingerprint), props.natural.width, props.natural.height, ), }, })""}","isCurrent","[]","Save this alignment to the device and show the camera on the workspace canvas.","null","[""src/ui/camera/NetworkCameraView.test.ts""]","source-inventory-only","[]"
"src/ui/camera/NetworkCameraView.tsx:230:9","camera","AlignmentControls","native-button","Cancel","{""onClick"":""props.onReset""}","null","[]","Cancel bed alignment and discard the corners clicked so far.","null","[""src/ui/camera/NetworkCameraView.test.ts""]","source-inventory-only","[]"
"src/ui/camera/NetworkCameraView.tsx:245:9","camera","AlignmentControls","native-button","Align to bed","{""onClick"":""props.onBegin""}","null","[]","Try bed alignment again: click each bed corner in the camera view.","null","[""src/ui/camera/NetworkCameraView.test.ts""]","source-inventory-only","[]"
"src/ui/camera/NetworkCameraView.tsx:257:5","camera","AlignmentControls","native-button","Align to bed","{""onClick"":""props.onBegin""}","null","[]","Start the 4-point bed alignment: click each bed corner in the camera view.","null","[""src/ui/camera/NetworkCameraView.test.ts""]","source-inventory-only","[]"
"src/ui/camera/OverlayControls.tsx:65:7","camera","OverlayActionRow","native-button","{props.visible ? 'Overlay on' : 'Overlay off'}","{""onClick"":""props.placement.toggleOverlay""}","null","[]","Show or hide the aligned camera image on the workspace canvas.","null","[]","source-inventory-only","[]"
"src/ui/camera/OverlayControls.tsx:74:7","camera","OverlayActionRow","native-button","Update still","{""onClick"":""() => void props.placement.updateStill()""}","!props.sourceLive","[]","Freeze the current camera frame as the workspace overlay.","null","[]","source-inventory-only","[]"
"src/ui/camera/OverlayControls.tsx:83:7","camera","OverlayActionRow","native-button","Live","{""onClick"":""props.placement.useLive""}","!props.hasStill || !props.liveOverlayAvailable","[]","Use the continuous live video as the workspace overlay (USB cameras).","null","[]","source-inventory-only","[]"
"src/ui/camera/OverlayControls.tsx:92:7","camera","OverlayActionRow","button-component-call","","{}","null","[]","null","null","[]","source-inventory-only","[]"
"src/ui/camera/OverlayControls.tsx:93:33","camera","OverlayActionRow","button-component-call","","{}","null","[""props.placement.active""]","null","null","[]","source-inventory-only","[]"
"src/ui/camera/OverlayControls.tsx:160:5","camera","ExitPlacementButton","native-button","Exit camera placement","{""onClick"":""props.onExit""}","null","[]","Leave camera placement mode. Start-from remains under operator control, and the completed Frame verifies exact motion.","null","[]","source-inventory-only","[]"
"src/ui/camera/OverlayControls.tsx:179:9","camera","CameraPlacementStatus","native-button","Confirm bed coordinates","{""onClick"":""placement.confirmPosition""}","null","[""!placement.homingEnabled && !placement.positionTrusted""]","Confirm only after checking that the controller coordinate origin still matches the physical bed used for camera alignment. This confirmation expires after reconnect, reset, alarm, sleep, or homing.","null","[]","source-inventory-only","[]"
"src/ui/camera/TraceFromCameraButton.tsx:74:5","camera","TraceFromCameraButton","native-button","Trace from camera","{""onClick"":""() => void traceFromCamera()""}","sourceState.kind !== 'live'","[]","Capture the bed, flatten it top-down, and trace it — vectors land at the object's true position.","null","[]","source-inventory-only","[]"
"src/ui/camera/align-wizard/AlignWizardDetectStep.tsx:25:9","camera","DetectStep","native-button","{props.status.kind === 'running' ? 'Detecting…' : 'Detect markers'}","{""onClick"":""() => void detectCameraAlignment()""}","sourceState.kind !== 'live' || props.status.kind === 'running'","[]","Capture a frame, find the five burned markers, and solve the camera-to-bed alignment.","null","[]","source-inventory-only","[]"
"src/ui/camera/align-wizard/AlignWizardDetectStep.tsx:63:9","camera","DoneStep","native-button","Done","{""onClick"":""closeWizard""}","null","[]","Close the alignment wizard.","null","[]","source-inventory-only","[]"
"src/ui/camera/align-wizard/AlignWizardSteps.tsx:41:9","camera","SetupStep","native-button","Burn markers","{""onClick"":""() => void burn()""}","!connected","[]","Burn a temporary marker job without changing the project (normal preflight + confirmation).","null","[""src/ui/camera/align-wizard/AlignWizardSteps.test.tsx""]","source-inventory-only","[]"
"src/ui/camera/align-wizard/AlignWizardSteps.tsx:50:9","camera","SetupStep","native-button","Markers already burned","{""onClick"":""() => setStep({ kind: 'detect', status: { kind: 'idle' } })""}","null","[]","The marker pattern is already burned on the bed — skip to detection.","null","[""src/ui/camera/align-wizard/AlignWizardSteps.test.tsx""]","source-inventory-only","[]"
"src/ui/camera/align-wizard/AlignWizardSteps.tsx:174:9","camera","ClearBedStep","native-button","Bed is clear — detect","{""onClick"":""() => setStep({ kind: 'detect', status: { kind: 'idle' } })""}","null","[]","The bed shows only the burned markers — continue to detection.","null","[""src/ui/camera/align-wizard/AlignWizardSteps.test.tsx""]","source-inventory-only","[]"
"src/ui/camera/panel/CameraDiagnostics.tsx:50:7","camera","CameraDiagnostics","disclosure","Diagnostics","{}","null","[]","Self-check: bridge liveness, ffmpeg, active source, and a pixel-readability capture test.","null","[""src/ui/camera/panel/CameraDiagnostics.test.tsx""]","source-inventory-only","[]"
"src/ui/camera/panel/CameraDiagnostics.tsx:67:11","camera","CameraDiagnostics","native-button","Test capture","{""onClick"":""() => void testCapture()""}","sourceState.kind !== 'live'","[]","Grab one frame from the active source and verify its pixels are readable.","null","[""src/ui/camera/panel/CameraDiagnostics.test.tsx""]","source-inventory-only","[]"
"src/ui/camera/panel/CameraPanel.tsx:56:9","camera","CameraPanelOpen","button-component-call","Camera","{}","null","[]","null","null","[]","source-inventory-only","[]"
"src/ui/camera/panel/CameraPanel.tsx:57:9","camera","CameraPanelOpen","native-button","Close camera panel","{""onClick"":""close""}","null","[]","Close the camera panel.","null","[]","source-inventory-only","[]"
"src/ui/camera/panel/MachineCameraSection.tsx:22:9","camera","MachineCameraSection","native-button","{state.kind === 'detecting' ? 'Detecting…' : 'Detect machine camera'}","{""onClick"":""props.onDetect""}","state.kind === 'detecting'","[]","Detect the camera on the connected laser machine.","null","[]","source-inventory-only","[]"
"src/ui/camera/panel/MachineCameraSection.tsx:32:11","camera","MachineCameraSection","native-button","{machineActive ? 'In use' : 'Use this camera'}","{""onClick"":""activateMachineCamera""}","machineActive","[""state.kind === 'found'""]","Use the machine camera for calibration, alignment, overlay, and trace.","null","[]","source-inventory-only","[]"
"src/ui/camera/panel/RtspSourceControls.tsx:45:7","camera","RtspSourceControls","disclosure","RTSP camera…","{}","null","[]","Connect a machine camera that streams RTSP through the local bridge.","null","[""src/ui/camera/panel/RtspSourceControls.test.tsx""]","source-inventory-only","[]"
"src/ui/camera/panel/RtspSourceControls.tsx:65:9","camera","RtspSourceControls","native-button","{rtspButtonLabel(control)}","{""onClick"":""rtspSource === null ? connect : stopSource""}","rtspSource === null && (url.trim() === '' || rtspStarting)","[]","rtspSource === null ? 'Probe the RTSP camera through the local bridge and use it as the camera source.' : 'Stop the RTSP camera preview.'","null","[""src/ui/camera/panel/RtspSourceControls.test.tsx""]","source-inventory-only","[]"
"src/ui/camera/panel/SnapshotControls.tsx:29:7","camera","SnapshotControls","native-button","Save snapshot…","{""onClick"":""() => void save()""}","sourceState.kind !== 'live'","[]","Save the current camera frame as a PNG file.","null","[]","source-inventory-only","[]"
"src/ui/camera/panel/SnapshotControls.tsx:38:7","camera","SnapshotControls","native-button","{props.wide ? 'Compact view' : 'Larger view'}","{""onClick"":""props.onToggleWide""}","null","[]","Toggle a larger camera panel for monitoring a running job.","null","[]","source-inventory-only","[]"
"src/ui/camera/panel/UsbCameraSection.tsx:62:11","camera","UsbCameraSection","native-button","Stop camera","{""onClick"":""stopSource""}","null","[""usbLive""]","Stop the live camera feed.","null","[]","source-inventory-only","[]"
"src/ui/camera/panel/UsbCameraSection.tsx:71:11","camera","UsbCameraSection","native-button","{usbStarting ? 'Starting…' : 'Start USB camera'}","{""onClick"":""() => void startUsbSource(camera)""}","usbStarting","[""not usbLive""]","Start the live USB camera feed.","null","[]","source-inventory-only","[]"
"src/ui/camera/panel/UsbCameraSection.tsx:81:9","camera","UsbCameraSection","native-button","Calibrate lens…","{""onClick"":""openWizard""}","sourceState.kind !== 'live'","[]","Calibrate the camera lens: print a checkerboard, capture poses, and de-fisheye the feed.","null","[]","source-inventory-only","[]"
"src/ui/camera/wizard/BoardActions.tsx:44:7","camera","BoardActions","button-component-call","Print checkerboard…","{""onClick"":""printBoard""}","null","[]","Print a true-scale checkerboard (with a 100 mm verification bar) matching the numbers below.","null","[]","source-inventory-only","[]"
"src/ui/camera/wizard/BoardActions.tsx:51:7","camera","BoardActions","button-component-call","Save…","{""onClick"":""() => void saveBoard()""}","null","[]","Save the checkerboard as an SVG to print later.","null","[]","source-inventory-only","[]"
"src/ui/camera/wizard/CameraWizardFrame.tsx:24:9","camera","header","button-component-call","Camera calibration","{}","null","[]","null","null","[]","source-inventory-only","[]"
"src/ui/camera/wizard/CameraWizardFrame.tsx:25:9","camera","header","native-button","{props.minimized ? 'Expand' : 'Minimize'}","{""onClick"":""props.onToggleMinimize""}","null","[]","props.minimized ? 'Expand the wizard back to full size.' : 'Minimize — keep the camera visible and reach the machine while you work.'","null","[]","source-inventory-only","[]"
"src/ui/camera/wizard/CameraWizardFrame.tsx:37:9","camera","header","native-button","`Close ${props.title}`","{""onClick"":""props.onExit""}","null","[]","Close the wizard.","null","[]","source-inventory-only","[]"
"src/ui/camera/wizard/CaptureStep.tsx:125:7","camera","CaptureControls","button-component-call","Auto-capture","{""onClick"":""() => setAutoCapture(!autoCapture)""}","null","[]","Automatically capture whenever a new board pose is held steady.","null","[]","source-inventory-only","[]"
"src/ui/camera/wizard/CaptureStep.tsx:132:7","camera","CaptureControls","button-component-call","Capture now","{""onClick"":""() => { const frame = props.element === null ? null : captureElementFrame(props.element, 1); if (frame !== null) { addCaptureFrame( frame, cameraCaptureBindingForFrame(props.source, frame.width, frame.height), ); } }""}","!props.detectionLocked || props.element === null","[]","Capture the current board pose now.","null","[]","source-inventory-only","[]"
"src/ui/camera/wizard/CaptureStep.tsx:147:7","camera","CaptureControls","button-component-call","Reset","{""onClick"":""resetSession""}","session.captures.length === 0","[]","Discard all captures and start over.","null","[]","source-inventory-only","[]"
"src/ui/camera/wizard/CaptureStep.tsx:155:7","camera","CaptureControls","button-component-call","Solve calibration","{""onClick"":""beginSolve""}","!canSolve(session)","[]","Solve the lens model from the captured poses.","null","[]","source-inventory-only","[]"
"src/ui/camera/wizard/ReviewStep.tsx:47:9","camera","FailedView","button-component-call","Back to capture","{""onClick"":""resetSession""}","null","[]","null","null","[""src/ui/camera/wizard/ReviewStep.test.tsx""]","source-inventory-only","[]"
"src/ui/camera/wizard/ReviewStep.tsx:101:9","camera","SolvedView","button-component-call","Original","{""onClick"":""() => setAbMode('raw')""}","null","[]","null","null","[""src/ui/camera/wizard/ReviewStep.test.tsx""]","source-inventory-only","[]"
"src/ui/camera/wizard/ReviewStep.tsx:104:9","camera","SolvedView","button-component-call","Corrected","{""onClick"":""() => setAbMode('rectified')""}","null","[]","null","null","[""src/ui/camera/wizard/ReviewStep.test.tsx""]","source-inventory-only","[]"
"src/ui/camera/wizard/ReviewStep.tsx:125:9","camera","SolvedView","button-component-call","Capture more poses","{""onClick"":""() => setStep('capture')""}","null","[]","null","null","[""src/ui/camera/wizard/ReviewStep.test.tsx""]","source-inventory-only","[]"
"src/ui/camera/wizard/ReviewStep.tsx:128:9","camera","SolvedView","button-component-call","Apply calibration","{""onClick"":""apply""}","null","[]","null","null","[""src/ui/camera/wizard/ReviewStep.test.tsx""]","source-inventory-only","[]"
"src/ui/camera/wizard/SetupStep.tsx:67:9","camera","SetupStep","button-component-call","Start capturing","{""onClick"":""() => setStep('capture')""}","null","[]","null","null","[]","source-inventory-only","[]"
"src/ui/cnc-viewer3d/CncBitPreviewToast.tsx:102:7","cnc-viewer3d","CncBitPreviewToast","native-button","`Dismiss preview for ${tool.name}`","{""onClick"":""onDismiss""}","null","[]","Dismiss preview","null","[""src/ui/cnc-viewer3d/CncBitPreviewToast.test.tsx""]","source-inventory-only","[]"
"src/ui/cnc-viewer3d/Viewer3DToolbar.tsx:23:11","cnc-viewer3d","Viewer3DToolbar","native-button","{choice.label}","{""onClick"":""() => onModeChange(choice.mode)""}","null","[]","choice.hint","null","[""src/ui/cnc-viewer3d/Viewer3DToolbar.test.tsx""]","source-inventory-only","[]"
"src/ui/cnc-viewer3d/Viewer3DToolbar.tsx:49:7","cnc-viewer3d","Viewer3DToolbar","native-button","Save PNG","{""onClick"":""onSavePng""}","null","[]","Save the current 3D view as a PNG image.","null","[""src/ui/cnc-viewer3d/Viewer3DToolbar.test.tsx""]","source-inventory-only","[]"
"src/ui/commands/AppMenuBar.tsx:80:7","commands","MenuFamily","disclosure","{familyLabel(props.family, props.machineKind)}","{""onClick"":""(event) => { event.preventDefault(); toggle(); }"",""onKeyDown"":""(event) => { if (event.key !== 'Enter' && event.key !== ' ') return; event.preventDefault(); toggle(); }""}","null","[]","controlHelp(familyHelpId)","familyHelpId","[""src/ui/commands/AppMenuBar.test.tsx""]","source-inventory-only","[]"
"src/ui/commands/AppMenuBar.tsx:131:7","commands","MenuItem","native-button","{command.active === true ? '✓' : ''} {command.label} {command.shortcut !== undefined ? ( <span style={shortcutStyle}>{command.shortcut}</span> ) : null}","{""onClick"":""(event) => { if (command.id === 'help.tutorials') { // The menu row disappears before the tutorial captures its return target. event.currentTarget.closest('details')?.querySelector('summary')?.focus(); } if (runCommand(command)) props.onCommandRun(); }""}","!command.enabled","[]","controlHelp(commandHelp, command.disabledReason)","commandHelp","[""src/ui/commands/AppMenuBar.test.tsx""]","source-inventory-only","[]"
"src/ui/commands/AppMenuBar.tsx:156:7","commands","MenuItem","button-component-call","","{}","null","[]","null","null","[""src/ui/commands/AppMenuBar.test.tsx""]","source-inventory-only","[]"
"src/ui/commands/ArrayDialog.tsx:52:7","commands","ArrayDialog","semantic-control","Array type","{}","null","[]","null","null","[""src/ui/commands/ArrayDialog.test.tsx""]","source-inventory-only","[]"
"src/ui/commands/ArrayDialog.tsx:53:9","commands","ArrayDialog","button-component-call","Grid","{""onClick"":""() => setMode('grid')""}","null","[]","null","null","[""src/ui/commands/ArrayDialog.test.tsx""]","source-inventory-only","[]"
"src/ui/commands/ArrayDialog.tsx:54:9","commands","ArrayDialog","button-component-call","Point Rotation","{""onClick"":""() => setMode('point-rotation')""}","null","[]","null","null","[""src/ui/commands/ArrayDialog.test.tsx""]","source-inventory-only","[]"
"src/ui/commands/ArrayDialog.tsx:59:9","commands","ArrayDialog","button-component-call","Circular","{""onClick"":""() => setMode('circular')""}","null","[]","null","null","[""src/ui/commands/ArrayDialog.test.tsx""]","source-inventory-only","[]"
"src/ui/commands/ArrayDialog.tsx:82:9","commands","ArrayDialog","button-component-call","Cancel","{""onClick"":""props.onCancel""}","null","[]","null","null","[""src/ui/commands/ArrayDialog.test.tsx""]","source-inventory-only","[]"
"src/ui/commands/ArrayDialog.tsx:83:9","commands","ArrayDialog","button-component-call","Create array","{}","null","[]","null","null","[""src/ui/commands/ArrayDialog.test.tsx""]","source-inventory-only","[]"
"src/ui/commands/ArrayDialog.tsx:97:5","commands","ModeButton","native-button","{props.label}","{""onClick"":""props.onClick""}","null","[]","`Use ${props.label.toLowerCase()} array placement`","null","[""src/ui/commands/ArrayDialog.test.tsx""]","source-inventory-only","[]"
"src/ui/commands/ArrayDialogFields.tsx:103:9","commands","CircularArrayFields","input-control","Rotate each copy to follow its position around the circle","{""onChange"":""(event) => props.setters.setRotateCopies(event.currentTarget.checked)""}","null","[]","Rotate each copy to follow its position around the circle","null","[]","source-inventory-only","[]"
"src/ui/commands/CloseOpenFillContoursDialog.tsx:68:9","commands","CloseOpenFillContoursDialog","button-component-call","Cancel","{""onClick"":""props.onCancel""}","null","[]","null","null","[""src/ui/commands/CloseOpenFillContoursDialog.test.tsx""]","source-inventory-only","[]"
"src/ui/commands/CloseOpenFillContoursDialog.tsx:69:9","commands","CloseOpenFillContoursDialog","button-component-call","Apply Close","{}","!canApply","[]","null","null","[""src/ui/commands/CloseOpenFillContoursDialog.test.tsx""]","source-inventory-only","[]"
"src/ui/commands/CommandTutorialButton.tsx:13:5","commands","CommandTutorialButton","native-button","`Tutorial: ${props.command.label}`","{""onClick"":""(event) => { // A menu row unmounts on open. Give focus a stable return target first. event.currentTarget.closest('details')?.querySelector('summary')?.focus(); props.onOpen(); useTutorialStore.getState().openTutorial(id); }""}","null","[]","`Tutorial: ${props.command.label}`","null","[]","source-inventory-only","[]"
"src/ui/commands/NumericEditsBar.tsx:151:7","commands","SizeFields","native-button","Lock aspect ratio","{""onClick"":""() => model.setPreserveAspect((value) => !value)""}","!model.hasSelection","[]","Keep width and height proportional when resizing the selection.","null","[""src/ui/commands/NumericEditsBar.test.tsx""]","source-inventory-only","[]"
"src/ui/commands/ProjectNotesDialog.tsx:30:9","commands","ProjectNotesDialog","button-component-call","Cancel","{""onClick"":""props.onCancel""}","null","[]","null","null","[""src/ui/commands/ProjectNotesDialog.test.tsx""]","source-inventory-only","[]"
"src/ui/commands/ProjectNotesDialog.tsx:33:9","commands","ProjectNotesDialog","button-component-call","Save Notes","{}","null","[]","null","null","[""src/ui/commands/ProjectNotesDialog.test.tsx""]","source-inventory-only","[]"
"src/ui/commands/QuickNestDialog.tsx:51:11","commands","QuickNestDialog","input-control","Allow parts to rotate by 90 degrees while nesting","{""onChange"":""(event) => setAllowRotation(event.currentTarget.checked)""}","null","[]","Allow parts to rotate by 90 degrees while nesting","null","[""src/ui/commands/QuickNestDialog.test.tsx""]","source-inventory-only","[]"
"src/ui/commands/QuickNestDialog.tsx:61:9","commands","QuickNestDialog","button-component-call","Cancel","{""onClick"":""props.onCancel""}","null","[]","null","null","[""src/ui/commands/QuickNestDialog.test.tsx""]","source-inventory-only","[]"
"src/ui/commands/QuickNestDialog.tsx:62:9","commands","QuickNestDialog","button-component-call","Nest selection","{}","null","[]","null","null","[""src/ui/commands/QuickNestDialog.test.tsx""]","source-inventory-only","[]"
"src/ui/commands/QuickNestDialog.tsx:78:9","commands","NestingMethod","button-component-call","Outline","{""onClick"":""() => props.onChange('outline')""}","null","[]","Use closed vector outlines to compact concave parts and parts with holes.","null","[""src/ui/commands/QuickNestDialog.test.tsx""]","source-inventory-only","[]"
"src/ui/commands/QuickNestDialog.tsx:85:9","commands","NestingMethod","button-component-call","Fast","{""onClick"":""() => props.onChange('fast')""}","null","[]","Use fast rectangular bounds for large or mixed raster selections.","null","[""src/ui/commands/QuickNestDialog.test.tsx""]","source-inventory-only","[]"
"src/ui/commands/TransformAnchorPicker.tsx:44:7","commands","TransformAnchorPicker","native-button","Choose transform anchor","{""onClick"":""() => setOpen((value) => !value)"",""onKeyDown"":""(event) => { if (event.key !== 'ArrowDown' && event.key !== 'ArrowUp') return; event.preventDefault(); event.stopPropagation(); setOpen(true); }""}","props.disabled","[]","`Transform anchor: ${ANCHOR_NAMES[props.active]}. Choose the X/Y reference and resize anchor.`","null","[]","source-inventory-only","[]"
"src/ui/commands/TransformAnchorPicker.tsx:80:15","commands","TransformAnchorPicker","native-button","`Transform anchor: ${ANCHOR_NAMES[anchor]}`","{""onClick"":""() => { props.onChange(anchor); close(); triggerRef.current?.focus(); }""}","props.disabled","[""open""]","anchorTitle(anchor)","null","[]","source-inventory-only","[]"
"src/ui/commands/UndoHistoryDialog.tsx:25:9","commands","UndoHistoryDialog","button-component-call","Undo","{""onClick"":""props.onUndo""}","props.undoStack.length === 0","[]","null","null","[""src/ui/commands/UndoHistoryDialog.test.tsx""]","source-inventory-only","[]"
"src/ui/commands/UndoHistoryDialog.tsx:28:9","commands","UndoHistoryDialog","button-component-call","Redo","{""onClick"":""props.onRedo""}","props.redoStack.length === 0","[]","null","null","[""src/ui/commands/UndoHistoryDialog.test.tsx""]","source-inventory-only","[]"
"src/ui/commands/UndoHistoryDialog.tsx:31:9","commands","UndoHistoryDialog","button-component-call","Close","{""onClick"":""props.onClose""}","null","[]","null","null","[""src/ui/commands/UndoHistoryDialog.test.tsx""]","source-inventory-only","[]"
"src/ui/commands/WorkspaceContextBar.tsx:51:9","commands","WorkspaceContextBar","button-component-call","","{}","null","[]","null","null","[""src/ui/commands/WorkspaceContextBar.test.tsx""]","source-inventory-only","[]"
"src/ui/commands/WorkspaceContextBar.tsx:54:9","commands","WorkspaceContextBar","native-button","More","{""onClick"":""() => setMoreOpen((open) => !open)""}","null","[""more.length > 0""]","Show more workspace commands","null","[""src/ui/commands/WorkspaceContextBar.test.tsx""]","source-inventory-only","[]"
"src/ui/commands/WorkspaceContextBar.tsx:75:13","commands","WorkspaceContextBar","button-component-call","","{}","null","[""moreOpen""]","null","null","[""src/ui/commands/WorkspaceContextBar.test.tsx""]","source-inventory-only","[]"
"src/ui/commands/WorkspaceContextBar.tsx:89:5","commands","ContextCommandButton","native-button","{props.command.label}","{""onClick"":""() => { if (runCommand(props.command)) props.onCommandRun(); }""}","!props.command.enabled","[]","commandButtonTitle(props.command, helpId)","helpId","[""src/ui/commands/WorkspaceContextBar.test.tsx""]","source-inventory-only","[]"
"src/ui/common/CollapsibleRail.tsx:20:9","common","RailPanelHeading","button-component-call","props.title","{}","null","[""not props.tutorialId === undefined""]","null","null","[]","source-inventory-only","[]"
"src/ui/common/CollapsibleRail.tsx:22:7","common","RailPanelHeading","button-component-call","label","{""onClick"":""props.onCollapse""}","null","[]","props.collapseDisabledReason ?? label","null","[]","source-inventory-only","[]"
"src/ui/common/CollapsibleRail.tsx:42:7","common","CollapsedRail","native-button","label","{""onClick"":""props.onExpand""}","null","[]","label","null","[]","source-inventory-only","[]"
"src/ui/common/ConfirmSaveDialog.tsx:30:9","common","ConfirmSavePanel","button-component-call","Save","{""onClick"":""() => choose('save')""}","null","[]","null","null","[""src/ui/common/ConfirmSaveDialog.test.tsx""]","source-inventory-only","[]"
"src/ui/common/ConfirmSaveDialog.tsx:33:9","common","ConfirmSavePanel","button-component-call","Don&apos;t Save","{""onClick"":""() => choose('discard')""}","null","[]","null","null","[""src/ui/common/ConfirmSaveDialog.test.tsx""]","source-inventory-only","[]"
"src/ui/common/ConfirmSaveDialog.tsx:34:9","common","ConfirmSavePanel","button-component-call","Cancel","{""onClick"":""() => choose('cancel')""}","null","[]","null","null","[""src/ui/common/ConfirmSaveDialog.test.tsx""]","source-inventory-only","[]"
"src/ui/common/DesktopPreviewUpdateButton.tsx:36:9","common","DesktopPreviewUpdateButton","link","`Download KerfDesk ${version}`","{}","null","[""version !== null && updates !== undefined""]","`KerfDesk ${version} is available. Open the official download page.`","null","[""src/ui/common/DesktopPreviewUpdateButton.test.tsx""]","source-inventory-only","[]"
"src/ui/common/DownloadDesktopLink.tsx:15:5","common","DownloadDesktopLink","link","Download desktop app","{}","null","[]","Download the KerfDesk desktop Preview for Windows or macOS","null","[""src/ui/common/DownloadDesktopLink.test.tsx""]","source-inventory-only","[]"
"src/ui/common/ErrorBoundary.tsx:106:11","common","CrashScreen","native-button","{SOFTWARE_ABORT_LABEL}","{""onClick"":""() => props.softwareAbort?.trigger()""}","null","[""showSoftwareAbort""]","`${SOFTWARE_ABORT_TITLE} The interface crashed but the machine may still be moving.`","null","[""src/ui/common/ErrorBoundary.test.tsx""]","source-inventory-only","[]"
"src/ui/common/ErrorBoundary.tsx:116:9","common","CrashScreen","native-button","{copyState === 'copied' ? 'Copied' : 'Copy diagnostic'}","{""onClick"":""handleCopy""}","null","[]","Copy the local crash diagnostic so you can paste it into a bug report.","null","[""src/ui/common/ErrorBoundary.test.tsx""]","source-inventory-only","[]"
"src/ui/common/ErrorBoundary.tsx:123:9","common","CrashScreen","native-button","Try again","{""onClick"":""props.onRetry""}","null","[]","Try to reload the KerfDesk interface without closing the app.","null","[""src/ui/common/ErrorBoundary.test.tsx""]","source-inventory-only","[]"
"src/ui/common/InstallButton.tsx:35:5","common","InstallButton","native-button","Install app","{""onClick"":""() => { void deferredPrompt.prompt(); setDeferredPrompt(null); }""}","null","[]","`Install ${APP_DISPLAY_NAME} as an app that launches from your taskbar and runs offline`","null","[""src/ui/common/InstallButton.test.tsx""]","source-inventory-only","[]"
"src/ui/common/PwaUpdateButton.tsx:28:9","common","PwaUpdateButton","native-button","Apply app update","{""onClick"":""() => void stagedApply()""}","null","[""stagedApply !== null""]","`A new version of ${APP_DISPLAY_NAME} is ready — click to reload and apply it.`","null","[""src/ui/common/PwaUpdateButton.test.tsx""]","source-inventory-only","[]"
"src/ui/common/SaveFilenamePanel.tsx:48:9","common","FilenameRequestPanel","button-component-call","Save","{""onClick"":""() => finish(displayName)""}","null","[]","null","null","[""src/ui/common/SaveFilenamePanel.test.tsx""]","source-inventory-only","[]"
"src/ui/common/SaveFilenamePanel.tsx:51:9","common","FilenameRequestPanel","button-component-call","Cancel","{""onClick"":""() => finish(null)""}","null","[]","null","null","[""src/ui/common/SaveFilenamePanel.test.tsx""]","source-inventory-only","[]"
"src/ui/common/ShortcutsDialog.tsx:33:9","common","ShortcutsDialog","button-component-call","Close","{""onClick"":""props.onClose""}","null","[]","null","null","[]","source-inventory-only","[]"
"src/ui/common/StatusBar.tsx:64:9","common","StatusBar","button-component-call","","{}","null","[]","null","null","[""src/ui/common/StatusBar.test.tsx""]","source-inventory-only","[]"
"src/ui/common/StatusBar.tsx:65:9","common","StatusBar","button-component-call","","{}","null","[]","null","null","[""src/ui/common/StatusBar.test.tsx""]","source-inventory-only","[]"
"src/ui/common/Toasts.tsx:45:13","common","notifications","native-button","dismissLabel","{""onClick"":""() => dismiss(toast.id)""}","null","[]","dismissLabel","null","[""src/ui/common/Toasts.accessibility.test.tsx"",""src/ui/common/Toasts.placement.test.tsx"",""src/ui/common/Toasts.test.tsx""]","source-inventory-only","[]"
"src/ui/common/Toolbar.tsx:30:9","common","Toolbar","button-component-call","Learn","{}","null","[]","null","null","[""src/ui/common/Toolbar.box-generator.test.tsx"",""src/ui/common/Toolbar.dialog-focus.test.tsx"",""src/ui/common/Toolbar.icons.test.tsx"",""src/ui/common/Toolbar.overflow.test.tsx"",""src/ui/common/Toolbar.test.tsx""]","source-inventory-only","[]"
"src/ui/common/Toolbar.tsx:32:9","common","Toolbar","native-button","Keyboard Shortcuts","{""onClick"":""() => setShortcutsOpen(true)""}","null","[]","shortcutHint(props.machineKind)","null","[""src/ui/common/Toolbar.box-generator.test.tsx"",""src/ui/common/Toolbar.dialog-focus.test.tsx"",""src/ui/common/Toolbar.icons.test.tsx"",""src/ui/common/Toolbar.overflow.test.tsx"",""src/ui/common/Toolbar.test.tsx""]","source-inventory-only","[]"
"src/ui/common/Toolbar.tsx:42:9","common","Toolbar","button-component-call","","{}","null","[]","null","null","[""src/ui/common/Toolbar.box-generator.test.tsx"",""src/ui/common/Toolbar.dialog-focus.test.tsx"",""src/ui/common/Toolbar.icons.test.tsx"",""src/ui/common/Toolbar.overflow.test.tsx"",""src/ui/common/Toolbar.test.tsx""]","source-inventory-only","[]"
"src/ui/common/ToolbarCommands.tsx:19:13","common","ToolbarCommands","button-component-call","","{}","null","[]","null","null","[]","source-inventory-only","[]"
"src/ui/common/ToolbarCommands.tsx:59:7","common","ToolbarMore","native-button","More commands","{""onClick"":""() => { setInitialFocus(undefined); setOpen((value) => !value); }"",""onKeyDown"":""(event) => { if (event.key !== 'ArrowDown' && event.key !== 'ArrowUp') return; event.preventDefault(); event.stopPropagation(); setInitialFocus(event.key === 'ArrowUp' ? 'last' : undefined); setOpen(true); }""}","null","[]","More tools and file commands","null","[]","source-inventory-only","[]"
"src/ui/common/ToolbarCommands.tsx:125:5","common","OverflowCommand","native-button","command.label","{""onClick"":""() => props.onRun(command)""}","!command.enabled","[]","toolbarTitle(command)","commandHelpId(command.id)","[]","source-inventory-only","[]"
"src/ui/common/ToolbarCommands.tsx:151:5","common","ToolbarButton","native-button","command.label","{""onClick"":""() => runCommand(command)""}","!command.enabled","[]","toolbarTitle(command)","commandHelpId(command.id)","[]","source-inventory-only","[]"
"src/ui/common/WorkspaceLayoutSelect.tsx:44:7","common","WorkspaceLayoutSelect","native-button","Workspace layout","{""onClick"":""() => setOpen((value) => !value)"",""onKeyDown"":""(event) => { if (event.key !== 'ArrowDown' && event.key !== 'ArrowUp') return; event.preventDefault(); event.stopPropagation(); setOpen(true); }""}","null","[]","Choose how the workspace fits this window","null","[""src/ui/common/WorkspaceLayoutSelect.test.tsx""]","source-inventory-only","[]"
"src/ui/common/WorkspaceLayoutSelect.tsx:97:9","common","LayoutOptions","native-button","option.label","{""onClick"":""() => props.onChoose(option.value)""}","null","[]","option.title","null","[""src/ui/common/WorkspaceLayoutSelect.test.tsx""]","source-inventory-only","[]"
"src/ui/design-studio/DesignCanvas.tsx:62:7","design-studio","DesignCanvas","other-interactive","`Design canvas, ${entityCount} entities`","{""onPointerDown"":""pointer.onPointerDown"",""onPointerMove"":""pointer.onPointerMove"",""onPointerUp"":""pointer.onPointerUp"",""onPointerLeave"":""pointer.onPointerLeave"",""onDoubleClick"":""pointer.onDoubleClick""}","null","[]","null","null","[]","source-inventory-only","[]"
"src/ui/design-studio/DesignOptionsBar.tsx:35:7","design-studio","DesignOptionsBar","button-component-call","`${tool.label} tutorial`","{}","null","[]","null","null","[]","source-inventory-only","[]"
"src/ui/design-studio/DesignToolRails.tsx:40:11","design-studio","ToolGroup","button-component-call","","{}","null","[]","null","null","[]","source-inventory-only","[]"
"src/ui/design-studio/DesignToolRails.tsx:52:5","design-studio","ToolButton","native-button","props.tool.label","{""onClick"":""() => setTool(props.tool.kind)""}","null","[]","`${props.tool.label} (${props.tool.shortcut.toUpperCase()})${planned}\n${props.tool.hint}`","null","[]","source-inventory-only","[]"
"src/ui/design-studio/DesignTopBar.tsx:32:7","design-studio","DesignTopBar","button-component-call","","{}","null","[]","null","null","[]","source-inventory-only","[]"
"src/ui/design-studio/DesignTopBar.tsx:34:7","design-studio","DesignTopBar","button-component-call","Undo","{""onClick"":""undo""}","!canUndo(session.history)","[]","Undo (Ctrl+Z)","null","[]","source-inventory-only","[]"
"src/ui/design-studio/DesignTopBar.tsx:40:7","design-studio","DesignTopBar","button-component-call","Redo","{""onClick"":""redo""}","!canRedo(session.history)","[]","Redo (Ctrl+Y)","null","[]","source-inventory-only","[]"
"src/ui/design-studio/DesignTopBar.tsx:49:7","design-studio","DesignTopBar","button-component-call","Fit","{""onClick"":""props.onFit""}","null","[]","Frame the bed (Shift+F)","null","[]","source-inventory-only","[]"
"src/ui/design-studio/DesignTopBar.tsx:50:7","design-studio","DesignTopBar","other-interactive","Snap","{""onClick"":""toggleSnap""}","null","[]","Snap to grid and geometry (Shift+S)","null","[]","source-inventory-only","[]"
"src/ui/design-studio/DesignTopBar.tsx:56:7","design-studio","DesignTopBar","other-interactive","Ortho","{""onClick"":""toggleOrtho""}","null","[]","Constrain to horizontal and vertical (Shift+O)","null","[]","source-inventory-only","[]"
"src/ui/design-studio/DesignTopBar.tsx:62:7","design-studio","DesignTopBar","other-interactive","Grid","{""onClick"":""toggleGrid""}","null","[]","Show the grid (Shift+G)","null","[]","source-inventory-only","[]"
"src/ui/design-studio/DesignTopBar.tsx:68:7","design-studio","DesignTopBar","other-interactive","3D","{""onClick"":""toggleSurface3d""}","null","[]","Design in 3D — the canvas is the 3D space with the carve live under your drawing. Off = the flat 2D canvas (dimension call-outs and marquee live there).","null","[]","source-inventory-only","[]"
"src/ui/design-studio/DesignTopBar.tsx:77:7","design-studio","DesignTopBar","button-component-call","Apply","{""onClick"":""applyHandlers.apply""}","!applyHandlers.canApply","[]","Add this drawing to the project as cuttable artwork. One undo step; the Studio stays open.","null","[]","source-inventory-only","[]"
"src/ui/design-studio/DesignTopBar.tsx:83:7","design-studio","DesignTopBar","button-component-call","Apply & Close","{""onClick"":""applyHandlers.applyAndClose""}","!applyHandlers.canApply","[]","Add the drawing to the project, then close the Studio. Your drawing is kept.","null","[]","source-inventory-only","[]"
"src/ui/design-studio/DesignTopBar.tsx:89:7","design-studio","DesignTopBar","button-component-call","Close","{""onClick"":""closeStudio""}","null","[]","Close the Studio (Esc). Nothing is applied and your drawing is kept.","null","[]","source-inventory-only","[]"
"src/ui/design-studio/DesignTopBar.tsx:105:5","design-studio","BarButton","native-button","{props.label}","{""onClick"":""props.onClick""}","props.disabled === true","[]","props.title","null","[]","source-inventory-only","[]"
"src/ui/design-studio/DesignTopBar.tsx:124:5","design-studio","BarToggle","native-button","{props.label}","{""onClick"":""props.onClick""}","null","[]","props.title","null","[]","source-inventory-only","[]"
"src/ui/design-studio/ShapeInspector.tsx:64:7","design-studio","ShapeInspector","other-interactive","{KIND_LABEL[entity.kind]} {entity.construction === true ? <span style={badgeStyle}>guide</span> : null}","{""onPointerDown"":""drag.onPointerDown""}","null","[]","null","null","[]","source-inventory-only","[""nonsemantic-click-target-review""]"
"src/ui/design-studio/ShapeInspector.tsx:69:9","design-studio","ShapeInspector","button-component-call","Precision tutorial","{}","null","[]","null","null","[]","source-inventory-only","[]"
"src/ui/design-studio/ShapeInspector.tsx:108:7","design-studio","InspectorActions","native-button","Duplicate","{""onClick"":""() => duplicateEntity(props.entity.id, crypto.randomUUID(), DUPLICATE_OFFSET_MM)""}","null","[]","Copy this shape, offset slightly so both are visible","null","[]","source-inventory-only","[]"
"src/ui/design-studio/ShapeInspector.tsx:116:7","design-studio","InspectorActions","native-button","Guide","{""onClick"":""() => setConstruction(props.entity.id, !isGuide)""}","null","[]","Construction geometry is drawn as a guide and is left out of the output","null","[]","source-inventory-only","[]"
"src/ui/design-studio/ShapeInspector.tsx:125:7","design-studio","InspectorActions","native-button","Delete","{""onClick"":""deleteSelected""}","null","[]","Delete this shape (Ctrl+Z restores it)","null","[]","source-inventory-only","[]"
"src/ui/design-studio/layers/DesignLayerFields.tsx:61:9","design-studio","DesignDepthFields","input-control","`Flat depth for ${layer.name}`","{""onChange"":""(event) => props.onPatch({ vCarveFlatDepthEnabled: event.target.checked })""}","null","[]","Limit the V-carve to a flat floor. Leave off for ordinary flowing depth.","null","[]","source-inventory-only","[]"
"src/ui/design-studio/layers/DesignLayerFields.tsx:179:9","design-studio","DepthField","native-button","Through","{""onClick"":""() => props.onCommit(props.stockThicknessMm)""}","null","[""not props.flatDepth === true""]","`Set the depth to the stock thickness (${props.stockThicknessMm} mm) — a through cut`","null","[]","source-inventory-only","[]"
"src/ui/design-studio/layers/DesignLayerRow.tsx:30:7","design-studio","DesignLayerRow","native-button","{layer.name} {props.hasSelection ? ( <span style={selectionBadgeStyle} title=""The selected shape is on this layer""> selected </span> ) : null} {summary} {props.entityCount > 0 ? ` · ${props.entityCount} shape${props.entityCount === 1 ? '' : 's'}` : ''}","{""onClick"":""props.onSelect""}","null","[]","`Draw on ""${layer.name}"" — new shapes land on the active layer`","null","[""src/ui/design-studio/layers/DesignLayerRow.test.ts""]","source-inventory-only","[]"
"src/ui/design-studio/layers/DesignLayerRow.tsx:55:7","design-studio","DesignLayerRow","native-button","↑","{""onClick"":""() => props.onMove('up')""}","!props.canMoveUp","[]","Move this layer up the list","null","[""src/ui/design-studio/layers/DesignLayerRow.test.ts""]","source-inventory-only","[]"
"src/ui/design-studio/layers/DesignLayerRow.tsx:64:7","design-studio","DesignLayerRow","native-button","↓","{""onClick"":""() => props.onMove('down')""}","!props.canMoveDown","[]","Move this layer down the list","null","[""src/ui/design-studio/layers/DesignLayerRow.test.ts""]","source-inventory-only","[]"
"src/ui/design-studio/layers/DesignLayerRow.tsx:73:7","design-studio","DesignLayerRow","native-button","✕","{""onClick"":""props.onRemove""}","!props.canRemove","[]","props.canRemove ? 'Remove this layer — its shapes move to the first layer' : 'A sketch always keeps one layer'","null","[""src/ui/design-studio/layers/DesignLayerRow.test.ts""]","source-inventory-only","[]"
"src/ui/design-studio/layers/DesignLayerSettings.tsx:28:7","design-studio","DesignLayerSettings","button-component-call","Cut type tutorial","{}","null","[]","null","null","[""src/ui/design-studio/layers/DesignLayerSettings.test.tsx""]","source-inventory-only","[]"
"src/ui/design-studio/layers/DesignLayersCard.tsx:124:7","design-studio","LayersCardHeader","button-component-call","Carve layers","{}","null","[]","null","null","[]","source-inventory-only","[]"
"src/ui/design-studio/layers/DesignLayersCard.tsx:125:7","design-studio","LayersCardHeader","native-button","Assign","{""onClick"":""props.onAssign""}","!props.canAssign","[]","selectionCount > 0 ? `Move the ${selectionCount} selected shape${selectionCount === 1 ? '' : 's'} onto the active layer` : 'Select shapes on the canvas first, then assign them to the active layer'","null","[]","source-inventory-only","[]"
"src/ui/design-studio/layers/DesignLayersCard.tsx:138:7","design-studio","LayersCardHeader","native-button","+ New","{""onClick"":""props.onNew""}","null","[]","Add a carve layer — draw the next shapes with its own cut and depth; it inherits the Startup Setup default bit","null","[]","source-inventory-only","[]"
"src/ui/design-studio/preview3d/DesignSidePanel.tsx:20:7","design-studio","DesignSidePanel","other-interactive","Resize the layers panel","{""onPointerDown"":""resize.onHandlePointerDown"",""onKeyDown"":""resize.onHandleKeyDown""}","null","[]","Drag to resize the layers panel; arrow keys work too","null","[""src/ui/design-studio/preview3d/DesignSidePanel.test.tsx""]","source-inventory-only","[]"
"src/ui/design-studio/viewport3d/DesignViewport3D.tsx:33:7","design-studio","DesignViewport3D","other-interactive","3D design space — draw with the left button, pan with middle, orbit with right or Shift+middle, zoom with the wheel","{""onPointerDown"":""pointer.onPointerDown"",""onPointerMove"":""pointer.onPointerMove"",""onPointerUp"":""pointer.onPointerUp"",""onPointerLeave"":""pointer.onPointerLeave"",""onDoubleClick"":""pointer.onDoubleClick""}","null","[]","null","null","[]","source-inventory-only","[]"
"src/ui/design-studio/viewport3d/DesignViewportToolbar.tsx:18:7","design-studio","DesignViewportToolbar","button-component-call","Top","{""onClick"":""() => props.onPreset('top')""}","null","[]","Look straight down at the stock — the precision drawing view","null","[]","source-inventory-only","[]"
"src/ui/design-studio/viewport3d/DesignViewportToolbar.tsx:23:7","design-studio","DesignViewportToolbar","button-component-call","Iso","{""onClick"":""() => props.onPreset('iso')""}","null","[]","Three-quarter view of the carve","null","[]","source-inventory-only","[]"
"src/ui/design-studio/viewport3d/DesignViewportToolbar.tsx:29:7","design-studio","DesignViewportToolbar","button-component-call","Design","{""onClick"":""() => props.onTier('design')""}","null","[]","The target surface each layer asks for — instant, updates as you draw","null","[]","source-inventory-only","[]"
"src/ui/design-studio/viewport3d/DesignViewportToolbar.tsx:35:7","design-studio","DesignViewportToolbar","button-component-call","props.isStale ? 'Bits (stale)' : 'Bits'","{""onClick"":""() => props.onTier('bits')""}","!props.canShowBits","[]","props.canShowBits ? props.isStale ? 'Simulated with each layer’s real bit — the drawing changed since this ran, press Simulate again' : 'Simulated from real toolpaths, each tool section stamped with its own bit' : 'Press Simulate first — compiles the layers and carves them with each bit’s real shape'","null","[]","source-inventory-only","[]"
"src/ui/design-studio/viewport3d/DesignViewportToolbar.tsx:48:7","design-studio","DesignViewportToolbar","button-component-call","Simulate","{""onClick"":""props.onSimulate""}","null","[]","Compile the layers into real toolpaths and carve them with each layer's bit shape","null","[]","source-inventory-only","[]"
"src/ui/design-studio/viewport3d/DesignViewportToolbar.tsx:70:5","design-studio","ToolButton","native-button","{props.label}","{""onClick"":""props.onClick""}","props.disabled === true","[]","props.title","null","[]","source-inventory-only","[]"
"src/ui/gcode-inspector/CanvasGcodeView.tsx:39:9","gcode-inspector","CanvasGcodeView","native-button","{state.kind === 'compiling' ? 'Compiling…' : followingRun ? 'Current design' : 'Refresh'}","{""onClick"":""refresh""}","state.kind === 'compiling' || activeRun","[]","activeRun ? 'Showing the exact started program' : ""Recompile this project's G-code""","null","[]","source-inventory-only","[]"
"src/ui/gcode-inspector/CanvasViewSwitch.tsx:41:5","gcode-inspector","Option","native-button","{props.label}","{""onClick"":""props.onSelect""}","null","[]","props.title","null","[]","source-inventory-only","[]"
"src/ui/gcode-inspector/GcodeInspectorDialog.tsx:36:9","gcode-inspector","GcodeInspectorDialog","button-component-call","","{}","null","[]","null","null","[""src/ui/gcode-inspector/GcodeInspectorDialog.test.tsx""]","source-inventory-only","[]"
"src/ui/gcode-inspector/GcodeInspectorDialog.tsx:37:9","gcode-inspector","GcodeInspectorDialog","native-button","Close","{""onClick"":""props.onClose""}","null","[]","Close the Inspector (Esc)","null","[""src/ui/gcode-inspector/GcodeInspectorDialog.test.tsx""]","source-inventory-only","[]"
"src/ui/gcode-inspector/GcodeInspectorDialog.tsx:73:11","gcode-inspector","GcodeInspectorDialog","native-button","Open in 2D simulator","{""onClick"":""props.onOpen2dSimulator""}","null","[""props.machineKind === 'cnc' && props.onOpen2dSimulator !== undefined""]","Open this program in the 2D simulator (F-CNC10)","null","[""src/ui/gcode-inspector/GcodeInspectorDialog.test.tsx""]","source-inventory-only","[]"
"src/ui/gcode-inspector/InspectorHealthPanel.tsx:59:9","gcode-inspector","FindingRow","native-button","Go to line {finding.line + 1}","{""onClick"":""() => props.onLocate(finding.line ?? 0)""}","null","[""not finding.line === null""]","Move the playhead to this line","null","[]","source-inventory-only","[]"
"src/ui/gcode-inspector/InspectorSidebar.tsx:48:11","gcode-inspector","InspectorSidebar","input-control","Show or hide the non-cutting moves between shapes","{""onChange"":""(event) => props.onTravelVisibleChange(event.currentTarget.checked)""}","null","[]","Show or hide the non-cutting moves between shapes","null","[""src/ui/gcode-inspector/InspectorSidebar.test.tsx""]","source-inventory-only","[]"
"src/ui/gcode-inspector/InspectorSidebar.tsx:57:11","gcode-inspector","InspectorSidebar","input-control","Mark the cut path with arrows showing direction of travel","{""onChange"":""(event) => props.onArrowsVisibleChange(event.currentTarget.checked)""}","null","[]","Mark the cut path with arrows showing direction of travel","null","[""src/ui/gcode-inspector/InspectorSidebar.test.tsx""]","source-inventory-only","[]"
"src/ui/gcode-inspector/InspectorSourcePane.tsx:127:5","gcode-inspector","SourceRow","native-button","{props.line + 1} {props.badge} {props.text === '' ? ' ' : props.text}","{""onClick"":""() => props.onSelect(props.line)""}","null","[]","`Jump the playhead to line ${props.line + 1}`","null","[""src/ui/gcode-inspector/InspectorSourcePane.test.ts""]","source-inventory-only","[]"
"src/ui/gcode-inspector/InspectorTimeline.tsx:112:9","gcode-inspector","PlaybackTransport","native-button","Restart","{""onClick"":""playback.restart""}","null","[]","Restart preview playback from the beginning","null","[""src/ui/gcode-inspector/InspectorTimeline.test.tsx""]","source-inventory-only","[]"
"src/ui/gcode-inspector/InspectorTimeline.tsx:120:9","gcode-inspector","PlaybackTransport","native-button","`Step back ${STEP_SECONDS} seconds`","{""onClick"":""() => playback.stepBy(-STEP_SECONDS)""}","total <= 0","[]","`Step back ${STEP_SECONDS} seconds`","null","[""src/ui/gcode-inspector/InspectorTimeline.test.tsx""]","source-inventory-only","[]"
"src/ui/gcode-inspector/InspectorTimeline.tsx:130:9","gcode-inspector","PlaybackTransport","native-button","{playback.playing ? 'Pause' : 'Play'}","{""onClick"":""playback.togglePlay""}","total <= 0","[]","playback.playing ? 'Pause preview playback' : 'Play the estimated toolpath'","null","[""src/ui/gcode-inspector/InspectorTimeline.test.tsx""]","source-inventory-only","[]"
"src/ui/gcode-inspector/InspectorTimeline.tsx:140:9","gcode-inspector","PlaybackTransport","native-button","`Step forward ${STEP_SECONDS} seconds`","{""onClick"":""() => playback.stepBy(STEP_SECONDS)""}","total <= 0","[]","`Step forward ${STEP_SECONDS} seconds`","null","[""src/ui/gcode-inspector/InspectorTimeline.test.tsx""]","source-inventory-only","[]"
"src/ui/gcode-inspector/InspectorView.tsx:154:9","gcode-inspector","ViewerHeader","button-component-call","","{}","null","[]","null","null","[""src/ui/gcode-inspector/InspectorView.live.test.tsx""]","source-inventory-only","[]"
"src/ui/gcode-inspector/InspectorView.tsx:156:11","gcode-inspector","ViewerHeader","native-button","{session.liveMode ? 'Preview playback' : 'Watch live run'}","{""onClick"":""() => session.setFollowLive(!session.followLive)""}","null","[""session.live.matched""]","Switch between reported machine progress and local preview playback","null","[""src/ui/gcode-inspector/InspectorView.live.test.tsx""]","source-inventory-only","[]"
"src/ui/gcode-inspector/InspectorView.tsx:167:11","gcode-inspector","ViewerHeader","native-button","{props.sourceVisible ? 'Hide source' : 'Show source'}","{""onClick"":""props.onSourceToggle""}","null","[""props.full""]","Show or hide the G-code source beside the 3D view","null","[""src/ui/gcode-inspector/InspectorView.live.test.tsx""]","source-inventory-only","[]"
"src/ui/gcode-inspector/InspectorViewControls.tsx:42:11","gcode-inspector","InspectorViewControls","native-button","{mode.label}","{""onClick"":""() => props.onCameraModeChange(mode.id)""}","props.disabled","[]","mode.hint","null","[""src/ui/gcode-inspector/InspectorViewControls.test.tsx""]","source-inventory-only","[]"
"src/ui/gcode-inspector/InspectorViewControls.tsx:57:11","gcode-inspector","InspectorViewControls","native-button","{CAMERA_PRESET_LABEL[preset]}","{""onClick"":""() => props.onSelectView(preset)""}","props.disabled","[]","VIEW_HINT[preset]","null","[""src/ui/gcode-inspector/InspectorViewControls.test.tsx""]","source-inventory-only","[]"
"src/ui/gcode-inspector/InspectorViewControls.tsx:68:9","gcode-inspector","InspectorViewControls","native-button","Fit","{""onClick"":""props.onFit""}","props.disabled","[]","Fit the whole program in view","null","[""src/ui/gcode-inspector/InspectorViewControls.test.tsx""]","source-inventory-only","[]"
"src/ui/gcode-inspector/InspectorViewControls.tsx:77:9","gcode-inspector","InspectorViewControls","native-button","PNG","{""onClick"":""props.onCapture""}","props.disabled","[]","Save a PNG of this view","null","[""src/ui/gcode-inspector/InspectorViewControls.test.tsx""]","source-inventory-only","[]"
"src/ui/gcode-inspector/InspectorViewport.tsx:52:11","gcode-inspector","InspectorViewport","input-control","Show or hide non-cutting travel moves","{""onChange"":""(event) => props.onTravelChange(event.currentTarget.checked)""}","null","[]","Show or hide non-cutting travel moves","null","[]","source-inventory-only","[]"
"src/ui/image-editor/AdjustDialog.tsx:24:7","image-editor","AdjustmentHeading","button-component-call","Image adjustments","{}","null","[]","null","null","[""src/ui/image-editor/AdjustDialog.test.tsx""]","source-inventory-only","[]"
"src/ui/image-editor/AdjustDialog.tsx:84:9","image-editor","PanelBody","input-control","Preview on canvas","{""onChange"":""(e) => store.setPreviewEnabled(e.target.checked)""}","null","[]","Show the result on the canvas while adjusting","null","[""src/ui/image-editor/AdjustDialog.test.tsx""]","source-inventory-only","[]"
"src/ui/image-editor/AdjustDialog.tsx:94:9","image-editor","PanelBody","native-button","Reset","{""onClick"":""store.reset""}","null","[]","Reset every slider to its default","null","[""src/ui/image-editor/AdjustDialog.test.tsx""]","source-inventory-only","[]"
"src/ui/image-editor/AdjustDialog.tsx:102:9","image-editor","PanelBody","native-button","Cancel","{""onClick"":""store.cancel""}","null","[]","Close without changing the image (Esc)","null","[""src/ui/image-editor/AdjustDialog.test.tsx""]","source-inventory-only","[]"
"src/ui/image-editor/AdjustDialog.tsx:110:9","image-editor","PanelBody","native-button","OK","{""onClick"":""store.commit""}","null","[]","Apply to the image as one undo step (Enter)","null","[""src/ui/image-editor/AdjustDialog.test.tsx""]","source-inventory-only","[]"
"src/ui/image-editor/ColorPickerDialog.tsx:63:11","image-editor","ColorPickerDialog","button-component-call","Paint colours","{}","null","[]","null","null","[""src/ui/image-editor/ColorPickerDialog.test.tsx"",""src/ui/image-editor/ImageStudioAccessibility.test.tsx""]","source-inventory-only","[]"
"src/ui/image-editor/ColorPickerDialog.tsx:106:7","image-editor","PickerActions","native-button","Cancel","{""onClick"":""props.onClose""}","null","[]","Close without changing the color (Esc)","null","[""src/ui/image-editor/ColorPickerDialog.test.tsx"",""src/ui/image-editor/ImageStudioAccessibility.test.tsx""]","source-inventory-only","[]"
"src/ui/image-editor/ColorPickerDialog.tsx:114:7","image-editor","PickerActions","native-button","OK","{""onClick"":""props.onCommit""}","null","[]","Use this color (Enter)","null","[""src/ui/image-editor/ColorPickerDialog.test.tsx"",""src/ui/image-editor/ImageStudioAccessibility.test.tsx""]","source-inventory-only","[]"
"src/ui/image-editor/ColorPickerPad.tsx:22:5","image-editor","ColorPickerPad","other-interactive","Saturation and brightness","{""onPointerDown"":""(event) => { event.currentTarget.setPointerCapture(event.pointerId); setFromPad(event); }"",""onPointerMove"":""(event) => { if (event.buttons === 1) setFromPad(event); }"",""onKeyDown"":""(event) => handleKeyDown(event, props.onChange)""}","null","[]","Drag or use arrows to pick saturation (left/right) and brightness (up/down)","null","[]","source-inventory-only","[]"
"src/ui/image-editor/CurvesEditor.tsx:75:5","image-editor","CurvesEditor","other-interactive","Tone curve editor: click to add a point, drag to shape the curve","{""onPointerDown"":""onPointerDown"",""onPointerMove"":""onPointerMove"",""onPointerUp"":""() => setDragIndex(null)"",""onPointerCancel"":""() => setDragIndex(null)""}","null","[]","Click to add a point; drag to shape; drag a point away to remove it","null","[]","source-inventory-only","[]"
"src/ui/image-editor/EditorAdjustMenus.tsx:48:7","image-editor","EditorAdjustMenus","button-component-call","Image","{}","null","[]","null","null","[""src/ui/image-editor/EditorAdjustMenus.test.tsx""]","source-inventory-only","[]"
"src/ui/image-editor/EditorAdjustMenus.tsx:49:7","image-editor","EditorAdjustMenus","button-component-call","Adjust","{}","null","[]","null","null","[""src/ui/image-editor/EditorAdjustMenus.test.tsx""]","source-inventory-only","[]"
"src/ui/image-editor/EditorAdjustMenus.tsx:54:7","image-editor","EditorAdjustMenus","button-component-call","Filter","{}","null","[]","null","null","[""src/ui/image-editor/EditorAdjustMenus.test.tsx""]","source-inventory-only","[]"
"src/ui/image-editor/EditorAdjustMenus.tsx:59:7","image-editor","EditorAdjustMenus","native-button","Text…","{""onClick"":""openText""}","null","[]","Add text on a new layer (T)","null","[""src/ui/image-editor/EditorAdjustMenus.test.tsx""]","source-inventory-only","[]"
"src/ui/image-editor/EditorAdjustMenus.tsx:96:7","image-editor","MenuButton","native-button","{props.label} ▾","{""onClick"":""menu.toggle"",""onKeyDown"":""(event) => { if (event.key !== 'ArrowDown' && event.key !== 'ArrowUp') return; event.preventDefault(); event.stopPropagation(); menu.openAt(event.key === 'ArrowUp' ? 'last' : 'first'); }""}","props.disabledReason !== undefined","[]","props.disabledReason ?? `${props.label} menu — image operations for the Studio document`","null","[""src/ui/image-editor/EditorAdjustMenus.test.tsx""]","source-inventory-only","[]"
"src/ui/image-editor/EditorAdjustMenus.tsx:119:11","image-editor","MenuButton","other-interactive","","{""onClick"":""menu.close""}","null","[""menu.isOpen""]","null","null","[""src/ui/image-editor/EditorAdjustMenus.test.tsx""]","source-inventory-only","[""nonsemantic-click-target-review""]"
"src/ui/image-editor/EditorAdjustMenus.tsx:137:15","image-editor","MenuButton","native-button","{item.label} {item.hint === '' ? null : <span style={hintStyle}>{item.hint}</span>}","{""onClick"":""() => { menu.close(); item.pick(); }""}","null","[""menu.isOpen""]","item.title","null","[""src/ui/image-editor/EditorAdjustMenus.test.tsx""]","source-inventory-only","[]"
"src/ui/image-editor/EditorCanvas.tsx:101:7","image-editor","EditorCanvas","other-interactive","Image Studio document canvas","{""onPointerDown"":""pointer.onPointerDown"",""onPointerMove"":""(e) => { hover.onHoverMove(e); pointer.onPointerMove(e); }"",""onPointerUp"":""pointer.onPointerUp"",""onDoubleClick"":""pointer.onDoubleClick"",""onPointerCancel"":""pointer.cancelDrag"",""onPointerLeave"":""hover.onHoverLeave""}","null","[]","null","null","[]","source-inventory-only","[]"
"src/ui/image-editor/EditorOptionsBar.tsx:59:7","image-editor","EditorOptionsBar","button-component-call","Tool tutorial","{}","null","[]","null","null","[]","source-inventory-only","[]"
"src/ui/image-editor/EditorOptionsBar.tsx:91:9","image-editor","GradientOptions","native-button","{shape === 'linear' ? 'Linear' : 'Radial'}","{""onClick"":""() => setTool({ kind: 'gradient', shape })""}","null","[]","shape === 'linear' ? 'Linear gradient along the drag' : 'Radial gradient out from the drag start'","null","[]","source-inventory-only","[]"
"src/ui/image-editor/EditorOptionsBar.tsx:124:7","image-editor","CropActions","native-button","✓ Crop","{""onClick"":""commitPendingCrop""}","!hasPending","[]","Commit the crop (Enter) — history clears; mm size follows the same DPI","null","[]","source-inventory-only","[]"
"src/ui/image-editor/EditorOptionsBar.tsx:134:7","image-editor","CropActions","native-button","✕","{""onClick"":""() => setPendingCrop(null)""}","!hasPending","[]","Discard the crop box (Esc)","null","[]","source-inventory-only","[]"
"src/ui/image-editor/EditorOptionsBar.tsx:184:15","image-editor","PaintOptions","native-button","`Paint ${swatch.r === 0 ? 'black' : swatch.r === 255 ? 'white' : 'gray'}`","{""onClick"":""() => setForeground(swatch)""}","null","[""props.showColor""]","`Paint ${swatch.r === 0 ? 'black' : swatch.r === 255 ? 'white' : 'gray'}`","null","[]","source-inventory-only","[]"
"src/ui/image-editor/EditorOptionsBar.tsx:220:9","image-editor","WandOptions","input-control","Select only the connected region under the click; off selects every matching pixel","{""onChange"":""(e) => setContiguous(e.target.checked)""}","null","[]","Select only the connected region under the click; off selects every matching pixel","null","[]","source-inventory-only","[]"
"src/ui/image-editor/EditorSelectionControls.tsx:38:9","image-editor","SelectionModeButtons","native-button","{entry.glyph}","{""onClick"":""() => setSelectionMode(entry.mode)""}","null","[]","entry.label","null","[]","source-inventory-only","[]"
"src/ui/image-editor/EditorSelectionControls.tsx:90:9","image-editor","SelectionModifyRow","native-button","{entry.label}","{""onClick"":""() => modifySelection(entry.kind, radius)""}","null","[]","`${entry.label} the selection by ${radius} px (Select ▸ Modify)`","null","[]","source-inventory-only","[]"
"src/ui/image-editor/EditorSelectionControls.tsx:116:7","image-editor","SelectionActions","button-component-call","Delete","{""onClick"":""deleteSelection""}","null","[]","Clear the selected area to white (Delete)","null","[]","source-inventory-only","[]"
"src/ui/image-editor/EditorSelectionControls.tsx:122:7","image-editor","SelectionActions","button-component-call","Fill","{""onClick"":""fillSelection""}","null","[]","Fill the selected area with the foreground colour","null","[]","source-inventory-only","[]"
"src/ui/image-editor/EditorSelectionControls.tsx:128:7","image-editor","SelectionActions","button-component-call","Invert","{""onClick"":""invert""}","null","[]","Invert the selection (Ctrl+Shift+I)","null","[]","source-inventory-only","[]"
"src/ui/image-editor/EditorSelectionControls.tsx:134:7","image-editor","SelectionActions","button-component-call","Deselect","{""onClick"":""() => select(null)""}","null","[]","Clear the selection (Ctrl+D)","null","[]","source-inventory-only","[]"
"src/ui/image-editor/EditorSelectionControls.tsx:151:5","image-editor","ActionButton","native-button","{props.label}","{""onClick"":""props.onClick""}","!props.enabled","[]","props.title","null","[]","source-inventory-only","[]"
"src/ui/image-editor/EditorToolStrip.tsx:72:11","image-editor","EditorToolStrip","native-button","entry.label","{""onClick"":""() => setTool(entry.tool)""}","null","[]","`${entry.label}${shapeSuffix} (${entry.shortcut})`","null","[""src/ui/image-editor/ImageStudioAccessibility.test.tsx""]","source-inventory-only","[]"
"src/ui/image-editor/EditorToolStrip.tsx:102:9","image-editor","ColorChips","native-button","Choose background color","{""onClick"":""() => setPicking('background')""}","null","[]","Background color — the eraser paints this on the Background layer. Click to choose.","null","[""src/ui/image-editor/ImageStudioAccessibility.test.tsx""]","source-inventory-only","[]"
"src/ui/image-editor/EditorToolStrip.tsx:109:9","image-editor","ColorChips","native-button","Choose foreground color","{""onClick"":""() => setPicking('foreground')""}","null","[]","Foreground color — brush, pencil, line, and fill paint this. Click to choose.","null","[""src/ui/image-editor/ImageStudioAccessibility.test.tsx""]","source-inventory-only","[]"
"src/ui/image-editor/EditorToolStrip.tsx:118:9","image-editor","ColorChips","native-button","⇄","{""onClick"":""swapColors""}","null","[]","Swap foreground and background colors (X)","null","[""src/ui/image-editor/ImageStudioAccessibility.test.tsx""]","source-inventory-only","[]"
"src/ui/image-editor/EditorToolStrip.tsx:126:9","image-editor","ColorChips","native-button","▨","{""onClick"":""resetColors""}","null","[]","Reset to black foreground / white background (D)","null","[""src/ui/image-editor/ImageStudioAccessibility.test.tsx""]","source-inventory-only","[]"
"src/ui/image-editor/HistoryPanel.tsx:54:9","image-editor","HistoryPanel","button-component-call","Image history","{}","null","[]","null","null","[]","source-inventory-only","[]"
"src/ui/image-editor/HistoryPanel.tsx:58:11","image-editor","HistoryPanel","native-button","{row.label}","{""onClick"":""() => jumpEditorHistory(row.target)""}","null","[]","row.isCurrent ? 'Current state' : row.isFuture ? `Redo forward to after ""${row.label}""` : `Jump back to after ""${row.label}""`","null","[]","source-inventory-only","[]"
"src/ui/image-editor/ImageEditorTopBar.tsx:32:9","image-editor","ImageEditorTopBar","button-component-call","","{}","null","[]","null","null","[""src/ui/image-editor/ImageStudioAccessibility.test.tsx""]","source-inventory-only","[]"
"src/ui/image-editor/ImageEditorTopBar.tsx:33:9","image-editor","ImageEditorTopBar","native-button","Panels","{""onClick"":""props.onToggleHistory""}","null","[]","Show or hide the Layers and History panels","null","[""src/ui/image-editor/ImageStudioAccessibility.test.tsx""]","source-inventory-only","[]"
"src/ui/image-editor/ImageEditorTopBar.tsx:64:7","image-editor","ActionButtons","native-button","Undo","{""onClick"":""props.actions.undo""}","!props.canUndo","[]","Undo the last editor step (Ctrl+Z)","null","[""src/ui/image-editor/ImageStudioAccessibility.test.tsx""]","source-inventory-only","[]"
"src/ui/image-editor/ImageEditorTopBar.tsx:73:7","image-editor","ActionButtons","native-button","Redo","{""onClick"":""props.actions.redo""}","!props.canRedo","[]","Redo the last undone editor step (Ctrl+Shift+Z)","null","[""src/ui/image-editor/ImageStudioAccessibility.test.tsx""]","source-inventory-only","[]"
"src/ui/image-editor/ImageEditorTopBar.tsx:82:7","image-editor","ActionButtons","native-button","Revert","{""onClick"":""props.actions.revert""}","!props.canUndo && !props.session.dirtySinceApply","[]","Discard every session edit and return to the as-opened image","null","[""src/ui/image-editor/ImageStudioAccessibility.test.tsx""]","source-inventory-only","[]"
"src/ui/image-editor/ImageEditorTopBar.tsx:91:7","image-editor","ActionButtons","native-button","{props.isApplying ? 'Applying…' : 'Apply'}","{""onClick"":""props.actions.apply""}","applyDisabled","[]","Bake the edits into the project image (one undo step)","null","[""src/ui/image-editor/ImageStudioAccessibility.test.tsx""]","source-inventory-only","[]"
"src/ui/image-editor/ImageEditorTopBar.tsx:100:7","image-editor","ActionButtons","native-button","Apply &amp; Trace","{""onClick"":""props.actions.applyAndTrace""}","props.isApplying","[]","Apply pending edits if needed, then open the tracer","null","[""src/ui/image-editor/ImageStudioAccessibility.test.tsx""]","source-inventory-only","[]"
"src/ui/image-editor/ImageEditorTopBar.tsx:109:7","image-editor","ActionButtons","native-button","✕","{""onClick"":""props.actions.close""}","null","[]","Close — the editing session is kept and resumes on reopen","null","[""src/ui/image-editor/ImageStudioAccessibility.test.tsx""]","source-inventory-only","[]"
"src/ui/image-editor/KerfStatus.tsx:20:9","image-editor","KerfStatus","native-button","Thicken","{""onClick"":""() => applyThicken(check)""}","null","[""not check.removedMask === null""]","Thicken the reversibly mapped active-layer runs (one undo step)","null","[""src/ui/image-editor/KerfStatus.test.tsx""]","source-inventory-only","[]"
"src/ui/image-editor/LayersPanel.tsx:42:9","image-editor","LayersPanel","button-component-call","Image layers","{}","null","[]","null","null","[]","source-inventory-only","[]"
"src/ui/image-editor/LayersPanel.tsx:64:13","image-editor","LayersPanel","native-button","{layer.isVisible ? '👁' : '—'}","{""onClick"":""() => updateSession((s) => s.activeLayerId === layer.id ? setActiveLayerProps(s, { isVisible: !layer.isVisible }) : setActiveLayerProps(setActiveLayer(s, layer.id), { isVisible: !layer.isVisible, }), )""}","null","[]","layer.isVisible ? 'Hide this layer' : 'Show this layer'","null","[]","source-inventory-only","[]"
"src/ui/image-editor/LayersPanel.tsx:82:13","image-editor","LayersPanel","native-button","{layer.name}","{""onClick"":""() => updateSession((s) => setActiveLayer(s, layer.id))""}","null","[]","Make this the active paint layer (undo follows your strokes across layers); drag rows to reorder","null","[]","source-inventory-only","[]"
"src/ui/image-editor/LayersPanel.tsx:143:7","image-editor","LayerActions","native-button","+","{""onClick"":""() => updateSession((s) => addLayerAboveActive(s, crypto.randomUUID()))""}","null","[]","Add a transparent layer above the active one","null","[]","source-inventory-only","[]"
"src/ui/image-editor/LayersPanel.tsx:152:7","image-editor","LayerActions","native-button","⧉","{""onClick"":""() => updateSession((s) => duplicateActiveLayer(s, crypto.randomUUID()))""}","null","[]","Duplicate the active layer","null","[]","source-inventory-only","[]"
"src/ui/image-editor/LayersPanel.tsx:161:7","image-editor","LayerActions","native-button","↑","{""onClick"":""() => updateSession((s) => moveActiveLayer(s, 1))""}","null","[]","Move the active layer up","null","[]","source-inventory-only","[]"
"src/ui/image-editor/LayersPanel.tsx:170:7","image-editor","LayerActions","native-button","↓","{""onClick"":""() => updateSession((s) => moveActiveLayer(s, -1))""}","null","[]","Move the active layer down","null","[]","source-inventory-only","[]"
"src/ui/image-editor/LayersPanel.tsx:179:7","image-editor","LayerActions","native-button","⤓","{""onClick"":""() => updateSession((s) => mergeActiveLayerDown(s))""}","!props.canMerge","[]","Merge the active layer into the one below it","null","[]","source-inventory-only","[]"
"src/ui/image-editor/LayersPanel.tsx:189:7","image-editor","LayerActions","native-button","🗑","{""onClick"":""() => updateSession((s) => removeActiveLayer(s))""}","!props.canMerge","[]","Delete the active layer (the last layer always stays)","null","[]","source-inventory-only","[]"
"src/ui/image-editor/ResizeDialog.tsx:49:11","image-editor","ResizeBody","button-component-call","Image size","{}","null","[]","null","null","[""src/ui/image-editor/ImageStudioAccessibility.test.tsx""]","source-inventory-only","[]"
"src/ui/image-editor/ResizeDialog.tsx:65:13","image-editor","ResizeBody","input-control","Constrain proportions","{""onChange"":""(e) => store.setLockAspect(e.target.checked)""}","null","[""dialog.kind === 'image-size'""]","Keep the width/height ratio while editing","null","[""src/ui/image-editor/ImageStudioAccessibility.test.tsx""]","source-inventory-only","[]"
"src/ui/image-editor/ResizeDialog.tsx:83:11","image-editor","ResizeBody","native-button","Cancel","{""onClick"":""store.cancel""}","null","[]","Close without resizing (Esc)","null","[""src/ui/image-editor/ImageStudioAccessibility.test.tsx""]","source-inventory-only","[]"
"src/ui/image-editor/ResizeDialog.tsx:91:11","image-editor","ResizeBody","native-button","OK","{""onClick"":""store.commit""}","null","[]","Resize the working image (Enter)","null","[""src/ui/image-editor/ImageStudioAccessibility.test.tsx""]","source-inventory-only","[]"
"src/ui/image-editor/ResizeDialog.tsx:141:13","image-editor","AnchorGrid","native-button","{isActive ? '●' : '·'}","{""onClick"":""() => props.onPick({ x, y })""}","null","[]","`Anchor the existing pixels at ${anchorName(x, y)}`","null","[""src/ui/image-editor/ImageStudioAccessibility.test.tsx""]","source-inventory-only","[]"
"src/ui/image-editor/TextDialog.tsx:46:11","image-editor","TextDialogBody","button-component-call","Image text","{}","null","[]","null","null","[""src/ui/image-editor/ImageStudioAccessibility.test.tsx""]","source-inventory-only","[]"
"src/ui/image-editor/TextDialog.tsx:64:11","image-editor","TextDialogBody","native-button","Cancel","{""onClick"":""state.close""}","null","[]","Close without adding text (Esc)","null","[""src/ui/image-editor/ImageStudioAccessibility.test.tsx""]","source-inventory-only","[]"
"src/ui/image-editor/TextDialog.tsx:72:11","image-editor","TextDialogBody","native-button","OK","{""onClick"":""() => void state.commit()""}","state.text.trim().length === 0","[]","Rasterize onto a new layer (Ctrl+Enter)","null","[""src/ui/image-editor/ImageStudioAccessibility.test.tsx""]","source-inventory-only","[]"
"src/ui/kit/Button.tsx:35:5","kit","Button","native-button","{children}","{}","null","[]","hoverTitle","null","[""src/ui/kit/Button.test.tsx"",""src/ui/kit/Dialog.test.tsx""]","source-inventory-only","[]"
"src/ui/kit/Dialog.tsx:52:9","kit","heading","button-component-call","","{}","null","[""not props.tutorialId === undefined""]","null","null","[""src/ui/kit/Dialog.test.tsx""]","source-inventory-only","[]"
"src/ui/kit/IconButton.tsx:32:5","kit","IconButton","native-button","props.label","{""onClick"":""props.onClick""}","props.disabled ?? false","[]","title","null","[""src/ui/kit/Button.test.tsx""]","source-inventory-only","[]"
"src/ui/kit/RailSection.tsx:22:7","kit","RailSection","disclosure","{props.label} {props.badge === undefined ? null : <span className=""lf-section-badge"">{props.badge}</span>}","{}","null","[]","props.hint","null","[""src/ui/kit/RailSection.test.tsx""]","source-inventory-only","[]"
"src/ui/kit/RailSection.tsx:29:13","kit","RailSection","button-component-call","","{}","null","[""not props.tutorialId === undefined""]","null","null","[""src/ui/kit/RailSection.test.tsx""]","source-inventory-only","[]"
"src/ui/laser/AccessoryResetControls.tsx:31:7","laser","AccessoryResetControls","native-button","{busy ? 'Stopping…' : 'Stop spindle & coolant'}","{""onClick"":""() => { if (jobAwareConfirm(STOP_ACCESSORIES_CONFIRMATION)) { void stopAccessories(sendConsoleCommand, setBusy); } }""}","busy || disabled","[]","Send one acknowledged GRBL block containing M5 (spindle off) and M9 (coolant off).","null","[]","source-inventory-only","[]"
"src/ui/laser/AutofocusEditor.tsx:40:11","laser","AutofocusEditor","native-button","Use {p.label}","{""onClick"":""() => props.onChange(p.command)""}","null","[]","p.hint","null","[""src/ui/laser/AutofocusEditor.test.tsx""]","source-inventory-only","[]"
"src/ui/laser/CheckpointResumeBanner.tsx:44:9","laser","CheckpointResumeBanner","disclosure","Interrupted job saved {' '} · {capsule.artifact.machineKind === 'cnc' ? 'router' : 'laser'} · {capsule.ackedLines} {' '} of {capsule.sendableLines} lines acknowledged","{}","null","[]","Expand the isolated interrupted-job recovery options.","null","[""src/ui/laser/CheckpointResumeBanner.test.tsx""]","source-inventory-only","[]"
"src/ui/laser/CheckpointResumeBanner.tsx:140:7","laser","RecoveryActions","native-button","{props.capsule.artifact.machineKind === 'cnc' ? 'Review supervised recovery' : 'Review recovery'}","{""onClick"":""props.onReview""}","props.disabled || props.claimActive","[]","Open a read-only review. No live state changes until final supervised Start.","null","[""src/ui/laser/CheckpointResumeBanner.test.tsx""]","source-inventory-only","[]"
"src/ui/laser/CheckpointResumeBanner.tsx:150:7","laser","RecoveryActions","native-button","Discard","{""onClick"":""() => void discard()""}","props.disabled","[]","Permanently discard only this isolated recovery capsule.","null","[""src/ui/laser/CheckpointResumeBanner.test.tsx""]","source-inventory-only","[]"
"src/ui/laser/CncPassRecoveryChecklist.tsx:46:11","laser","CncPassRecoveryChecklist","input-control","Keep the controller's retained position — available only with session-continuity evidence.","{""onChange"":""() => onChange({ ...checklist, position: { kind: 'retained-confirmed' } })""}","props.retainedPositionIssue !== null","[]","Keep the controller's retained position — available only with session-continuity evidence.","null","[]","source-inventory-only","[]"
"src/ui/laser/CncPassRecoveryChecklist.tsx:63:11","laser","CncPassRecoveryChecklist","input-control","Position was re-established by hand before recovery.","{""onChange"":""() => onChange({ ...checklist, position: { kind: 're-zeroed' } })""}","null","[]","Position was re-established by hand before recovery.","null","[]","source-inventory-only","[]"
"src/ui/laser/CncPassRecoveryChecklist.tsx:84:7","laser","ReviewCheck","input-control","props.label","{""onChange"":""(event) => props.onChange(event.currentTarget.checked)""}","null","[]","props.label","null","[]","source-inventory-only","[]"
"src/ui/laser/CncPassRecoveryWizard.tsx:112:7","laser","WizardActions","native-button","Close","{""onClick"":""props.onClose""}","props.starting","[]","Close without moving the machine.","null","[""src/ui/laser/CncPassRecoveryWizard.test.tsx""]","source-inventory-only","[]"
"src/ui/laser/CncPassRecoveryWizard.tsx:120:7","laser","WizardActions","native-button","Advanced: mid-pass runway…","{""onClick"":""props.onAdvanced""}","props.starting","[]","Open the advanced mid-pass runway recovery review instead.","null","[""src/ui/laser/CncPassRecoveryWizard.test.tsx""]","source-inventory-only","[]"
"src/ui/laser/CncPassRecoveryWizard.tsx:128:7","laser","WizardActions","native-button","{props.starting ? 'Starting recovery…' : 'Start pass recovery'}","{""onClick"":""props.onStart""}","!props.canStart","[]","Run the ordinary CNC Start gates, then stream the newly generated recovery job.","null","[""src/ui/laser/CncPassRecoveryWizard.test.tsx""]","source-inventory-only","[]"
"src/ui/laser/CncRecoveryPreviewWizard.tsx:125:7","laser","RecoveryWizardActions","native-button","Close","{""onClick"":""props.onClose""}","props.starting","[]","props.starting ? 'Wait for the supervised recovery start attempt to finish.' : 'Close without moving the machine.'","null","[""src/ui/laser/CncRecoveryPreviewWizard.test.tsx""]","source-inventory-only","[]"
"src/ui/laser/CncRecoveryPreviewWizard.tsx:138:9","laser","RecoveryWizardActions","native-button","Back","{""onClick"":""() => props.onStep(STEPS[props.stepIndex - 1] ?? 'evidence')""}","props.starting","[""props.stepIndex > 0""]","Return to the previous recovery review step.","null","[""src/ui/laser/CncRecoveryPreviewWizard.test.tsx""]","source-inventory-only","[]"
"src/ui/laser/CncRecoveryPreviewWizard.tsx:148:9","laser","RecoveryWizardActions","native-button","Next: {nextStepLabel(props.step)}","{""onClick"":""() => props.onStep(STEPS[props.stepIndex + 1] ?? 'decision')""}","nextDisabled(props.step, props.model, props.reviewComplete)","[""props.stepIndex < STEPS.length - 1""]","Continue after completing every requirement on this recovery review step.","null","[""src/ui/laser/CncRecoveryPreviewWizard.test.tsx""]","source-inventory-only","[]"
"src/ui/laser/CncRecoveryPreviewWizard.tsx:157:9","laser","RecoveryWizardActions","native-button","{props.starting ? 'Starting recovery…' : 'Start supervised recovery'}","{""onClick"":""props.onStart""}","!props.canStart","[""not props.stepIndex < STEPS.length - 1""]","Run the ordinary CNC Start gates again, then stream the newly generated recovery job.","null","[""src/ui/laser/CncRecoveryPreviewWizard.test.tsx""]","source-inventory-only","[]"
"src/ui/laser/CncRecoveryQualificationStep.tsx:96:7","laser","ReviewCheck","input-control","props.label","{""onChange"":""(event) => props.onChange(event.currentTarget.checked)""}","null","[]","props.label","null","[]","source-inventory-only","[]"
"src/ui/laser/CollapsibleRailSection.tsx:12:7","laser","CollapsibleRailSection","disclosure","{label}","{}","null","[]","title","null","[]","source-inventory-only","[]"
"src/ui/laser/CompletedJobNotice.tsx:21:7","laser","CompletedJobNotice","native-button","Done","{""onClick"":""() => dismissCompletedJobDisplay({ plan, startedAtMs })""}","null","[]","Clear the completed run display. Keep the artwork and saved job history.","null","[""src/ui/laser/CompletedJobNotice.simulator.test.tsx"",""src/ui/laser/CompletedJobNotice.test.tsx""]","source-inventory-only","[]"
"src/ui/laser/ConnectionBar.tsx:43:9","laser","ConnectionBar","button-component-call","Connection","{}","null","[]","null","null","[""src/ui/laser/ConnectionBar-forget-device.test.tsx""]","source-inventory-only","[]"
"src/ui/laser/ConnectionBar.tsx:61:11","laser","ConnectionActions","native-button","Disconnect","{""onClick"":""props.onDisconnect""}","props.disabled","[]","`Close the current ${props.machineNoun} serial connection but keep device permission.`","null","[""src/ui/laser/ConnectionBar-forget-device.test.tsx""]","source-inventory-only","[]"
"src/ui/laser/ConnectionBar.tsx:70:11","laser","ConnectionActions","native-button","Forget Controller","{""onClick"":""props.onForget""}","props.disabled","[]","`Disconnect and remove this ${props.machineNoun} from the browser's permitted devices.`","null","[""src/ui/laser/ConnectionBar-forget-device.test.tsx""]","source-inventory-only","[]"
"src/ui/laser/ConnectionBar.tsx:93:5","laser","connectButton","native-button","{label}","{""onClick"":""props.onConnect""}","disabled","[]","`Open the browser serial picker and connect to your ${props.machineNoun} controller.`","null","[""src/ui/laser/ConnectionBar-forget-device.test.tsx""]","source-inventory-only","[]"
"src/ui/laser/ConnectionBar.tsx:127:11","laser","QualificationNotice","native-button","Retry reading controller settings","{""onClick"":""props.onRetry""}","props.disabled","[""props.onRetry !== undefined""]","Retry the owned controller settings read for this connection.","null","[""src/ui/laser/ConnectionBar-forget-device.test.tsx""]","source-inventory-only","[]"
"src/ui/laser/ConnectionBar.tsx:138:11","laser","QualificationNotice","native-button","Reconnect controller","{""onClick"":""props.onReconnect""}","props.disabled","[""props.onReconnect !== undefined""]","Close this controller connection and reconnect for fresh qualification.","null","[""src/ui/laser/ConnectionBar-forget-device.test.tsx""]","source-inventory-only","[]"
"src/ui/laser/ConsolePanel.tsx:78:9","laser","ConsoleHeader","button-component-call","Console","{}","null","[]","null","null","[""src/ui/laser/ConsolePanel.response-presentation.test.tsx"",""src/ui/laser/ConsolePanel.test.tsx""]","source-inventory-only","[]"
"src/ui/laser/ConsolePanel.tsx:79:9","laser","ConsoleHeader","native-button","{props.copyState === 'copied' ? 'Copied' : props.copyState === 'copying' ? 'Copying…' : 'Copy visible'}","{""onClick"":""props.onCopy""}","props.visibleCount === 0 || props.copyState === 'copying'","[]","copyHelp.title","copyHelp['data-help-id']","[""src/ui/laser/ConsolePanel.response-presentation.test.tsx"",""src/ui/laser/ConsolePanel.test.tsx""]","source-inventory-only","[]"
"src/ui/laser/ConsolePanel.tsx:92:9","laser","ConsoleHeader","native-button","Clear","{""onClick"":""props.onClear""}","props.transcriptCount === 0","[]","clearHelp.title","clearHelp['data-help-id']","[""src/ui/laser/ConsolePanel.response-presentation.test.tsx"",""src/ui/laser/ConsolePanel.test.tsx""]","source-inventory-only","[]"
"src/ui/laser/ConsolePanel.tsx:115:9","laser","ConsoleFilters","input-control","Show periodic controller status reports.","{""onChange"":""(event) => props.onShowStatus(event.target.checked)""}","null","[]","Show periodic controller status reports.","null","[""src/ui/laser/ConsolePanel.response-presentation.test.tsx"",""src/ui/laser/ConsolePanel.test.tsx""]","source-inventory-only","[]"
"src/ui/laser/ConsolePanel.tsx:124:9","laser","ConsoleFilters","input-control","Show high-volume job stream writes that are hidden by default.","{""onChange"":""(event) => props.onShowStream(event.target.checked)""}","null","[]","Show high-volume job stream writes that are hidden by default.","null","[""src/ui/laser/ConsolePanel.response-presentation.test.tsx"",""src/ui/laser/ConsolePanel.test.tsx""]","source-inventory-only","[]"
"src/ui/laser/ControlledLaserOffTravelRow.tsx:12:9","laser","ControlledLaserOffTravelRow","input-control","Enable controlled laser-off seek travel","{""onChange"":""(event) => props.onChange( event.target.checked ? (props.value ?? Math.min(800, props.maxFeed)) : undefined, )""}","null","[]","Replace rapid G0 positioning with laser-off G1 positioning at the configured feed. This can substantially increase runtime.","null","[]","source-inventory-only","[]"
"src/ui/laser/DetectedSettingsBanner.tsx:50:9","laser","DetectedSettingsBanner","native-button","Dismiss","{""onClick"":""dismiss""}","null","[]","controlHelp('control:laser.detected-settings.dismiss')","control:laser.detected-settings.dismiss","[""src/ui/laser/DetectedSettingsBanner.test.ts""]","source-inventory-only","[]"
"src/ui/laser/DetectedSettingsBanner.tsx:59:11","laser","DetectedSettingsBanner","native-button","Apply safe settings","{""onClick"":""apply""}","null","[""rows.length > 0""]","controlHelp('control:laser.detected-settings.apply-safe')","control:laser.detected-settings.apply-safe","[""src/ui/laser/DetectedSettingsBanner.test.ts""]","source-inventory-only","[]"
"src/ui/laser/DetectedSettingsBanner.tsx:114:19","laser","ReviewSection","native-button","{action.label}","{""onClick"":""() => props.onApplyAction?.(action.patch)""}","null","[""not action === undefined || props.onApplyAction === undefined""]","action.title","action.helpId","[""src/ui/laser/DetectedSettingsBanner.test.ts""]","source-inventory-only","[]"
"src/ui/laser/DeviceProfileFields.tsx:61:9","laser","HomingEditor","input-control","Homing enabled","{""onChange"":""(e) => props.onChange({ enabled: e.target.checked, direction: props.direction })""}","null","[]","Enable this only when the controller supports GRBL $H homing.","null","[]","source-inventory-only","[]"
"src/ui/laser/DeviceProfilePowerFields.tsx:64:11","laser","LaserPowerRows","input-control","grblLabels ? 'GRBL $32 laser mode enabled' : 'Laser mode enabled'","{""onChange"":""(e) => update({ laserModeEnabled: e.target.checked })""}","null","[]","grblLabels ? 'Record that GRBL laser mode ($32=1) is expected. This checkbox does not change controller firmware settings.' : 'Record that the controller is configured for laser output. This checkbox does not change controller firmware settings.'","null","[]","source-inventory-only","[]"
"src/ui/laser/DeviceProfilePowerFields.tsx:113:7","laser","AirRestartRow","input-control","Controller cannot restart air assist mid-job","{""onChange"":""(event) => update({ airAssistRestartUnreliable: event.target.checked })""}","null","[]","Tick when the controller cannot switch air off and on again inside a running job — Creality A1 firmware holds the pump in standby after M9 and may not restart it. Air is then held on through operations that sit between two air-on operations, and Job Review says so. Untick once $152=0 is set on the controller.","null","[]","source-inventory-only","[]"
"src/ui/laser/DeviceProfilePowerFields.tsx:138:11","laser","FireControlRow","input-control","Enable low-power Fire for this machine","{""onChange"":""(event) => update({ fireControl: { ...control, enabled: event.target.checked } })""}","null","[]","Enable the capped momentary Fire positioning beam for this machine profile.","null","[]","source-inventory-only","[]"
"src/ui/laser/DeviceProfileRows.tsx:27:9","laser","ProfileRows","native-button","Use Neotronics 4040 Max","{""onClick"":""() => { if (!jobAwareConfirm(neotronicsProfileConfirmation())) return; update(NEOTRONICS_4040_MAX_LT4LDS_V2_PROFILE); }""}","null","[]","Apply the researched Neotronics 4040 Max / LT-4LDS-V2 20W diode defaults. Confirm live $$ settings after connecting.","null","[]","source-inventory-only","[]"
"src/ui/laser/DeviceProfileRows.tsx:63:11","laser","ZRows","input-control","Powered Z jog enabled","{""onChange"":""(e) => { const enabled = e.target.checked; update({ capabilities: setCapability(device.capabilities, 'z-axis', enabled), zTravelConfirmed: false, }); }""}","null","[]","Shows manual Z focus jog buttons after Z travel is confirmed.","null","[]","source-inventory-only","[]"
"src/ui/laser/DeviceProfileRows.tsx:99:11","laser","ZRows","input-control","Z travel confirmed","{""onChange"":""(e) => update({ zTravelConfirmed: e.target.checked })""}","!canConfirmZTravel","[]","canConfirmZTravel ? 'Confirm only after checking the real Z travel / clearance on this machine.' : 'Enable Powered Z and enter the measured Z travel before confirming.'","null","[]","source-inventory-only","[]"
"src/ui/laser/DeviceProfileRows.tsx:119:11","laser","ZRows","input-control","Z probe present","{""onChange"":""(e) => update({ zProbePresent: e.target.checked })""}","null","[]","Enable when the machine has a usable Z-probe. This does not send any probe command by itself.","null","[]","source-inventory-only","[]"
"src/ui/laser/DeviceSettings.tsx:51:7","laser","DeviceSettings","disclosure","Device Profile","{}","null","[]","Choose the local KerfDesk machine profile: bed size, origin, feed limits, power range, homing, focus, and air output. This does not write firmware settings.","null","[""src/ui/laser/DeviceSettings.test.tsx""]","source-inventory-only","[]"
"src/ui/laser/ExecutionArchivePanel.tsx:48:7","laser","ExecutionArchivePanel","disclosure","Execution archive ( {records.length} )","{}","null","[]","Show or hide completed and interrupted execution records available for export.","null","[""src/ui/laser/CompletedJobNotice.test.tsx"",""src/ui/laser/ExecutionArchivePanel.test.tsx""]","source-inventory-only","[]"
"src/ui/laser/ExecutionArchivePanel.tsx:116:7","laser","ExecutionArchiveRow","native-button","`Export stored execution ${record.runId}`","{""onClick"":""props.onExport""}","props.disabled","[]","Save the exact stored execution artifact and its recorded provenance as JSON.","null","[""src/ui/laser/CompletedJobNotice.test.tsx"",""src/ui/laser/ExecutionArchivePanel.test.tsx""]","source-inventory-only","[]"
"src/ui/laser/FocusJogControls.tsx:41:9","laser","FocusJogControls","button-component-call","`Jog Z+ ${props.focusStep} mm`","{""onClick"":""() => props.onJog(1)""}","disabled","[]","null","null","[]","source-inventory-only","[]"
"src/ui/laser/FocusJogControls.tsx:47:9","laser","FocusJogControls","button-component-call","`Jog Z- ${props.focusStep} mm`","{""onClick"":""() => props.onJog(-1)""}","disabled","[]","null","null","[]","source-inventory-only","[]"
"src/ui/laser/FocusJogControls.tsx:54:11","laser","FocusJogControls","native-button","Zero work Z at current bit height","{""onClick"":""props.onZeroZ""}","disabled","[""isCncMachine""]","Touch the bit to the stock top, then click to declare that height Z0 (G92 Z0).","null","[]","source-inventory-only","[]"
"src/ui/laser/FocusJogControls.tsx:88:5","laser","FocusButton","native-button","props.label","{""onClick"":""props.onClick""}","props.disabled","[]","props.label","null","[]","source-inventory-only","[]"
"src/ui/laser/IslandFillRecoveryAction.tsx:53:7","laser","IslandFillRecoveryAction","native-button","Switch Island Fill to Scanline","{""onClick"":""() => { switchIslandFillLayersToScanline(); pushToast('Switched Island Fill layers to Scanline.', 'success'); }""}","streaming","[]","Switch Island Fill layers to Scanline Fill for safer 4040 output.","null","[""src/ui/laser/IslandFillRecoveryAction.test.tsx""]","source-inventory-only","[]"
"src/ui/laser/JobActionControls.tsx:47:11","laser","JobActionControls","button-component-call","Frame & Start","{}","null","[]","null","null","[]","source-inventory-only","[]"
"src/ui/laser/JobActionControls.tsx:105:5","laser","frame","native-button","{docked && <Icon name=""fit-bed"" size={18} />} {model.frameLabel}","{""onClick"":""model.onFrame""}","model.frameControl.disabled","[]","model.frameControl.title","null","[]","source-inventory-only","[]"
"src/ui/laser/JobActionControls.tsx:117:5","laser","start","native-button","{docked && <Icon name=""play"" size={18} />} {model.startLabel}","{""onClick"":""props.onStartJob""}","model.startControl.disabled","[]","model.startControl.title","null","[]","source-inventory-only","[]"
"src/ui/laser/JobControls.tsx:102:11","laser","JobControls","button-component-call","Frame & Start","{}","null","[""!props.dockedJobActions""]","null","null","[""src/ui/laser/JobControls-absolute-placement.test.tsx"",""src/ui/laser/JobControls-camera-placement.test.tsx"",""src/ui/laser/JobControls-frame-motion-bounds.test.tsx"",""src/ui/laser/JobControls-output-scope.test.tsx"",""src/ui/laser/JobControls-unhomed-origin.test.tsx"",""src/ui/laser/JobControls.cnc-mode.test.tsx"",""src/ui/laser/JobControls.idle-accessories.test.tsx"",""src/ui/laser/JobControls.idle-overrides.test.tsx"",""src/ui/laser/JobControls.layout.test.tsx"",""src/ui/laser/JobControls.progress.test.tsx"",""src/ui/laser/JobControls.render-cost.test.tsx"",""src/ui/laser/JobControls.setup-navigation.test.tsx"",""src/ui/laser/JobControls.styles.test.ts"",""src/ui/laser/JobControls.test.tsx"",""src/ui/laser/LiveMotionBar.test.tsx"",""src/ui/laser/start-blocker-surface.test.tsx"",""src/ui/laser/start-frame-raster-budget.test.tsx""]","source-inventory-only","[]"
"src/ui/laser/JobPlacementControls.tsx:76:9","laser","OutputScopeControls","input-control","Selected artwork only","{""onChange"":""(e) => setScope({ cutSelectedGraphics: e.currentTarget.checked })""}","props.disabled","[]","controlHelp(CUT_SELECTED_HELP_ID)","CUT_SELECTED_HELP_ID","[]","source-inventory-only","[]"
"src/ui/laser/JobPlacementControls.tsx:90:11","laser","OutputScopeControls","input-control","Anchor from selected artwork","{""onChange"":""(e) => setScope({ useSelectionOrigin: e.currentTarget.checked })""}","props.disabled","[""showSelectionAnchor""]","controlHelp(SELECTION_ORIGIN_HELP_ID)","SELECTION_ORIGIN_HELP_ID","[]","source-inventory-only","[]"
"src/ui/laser/JobPlacementControls.tsx:115:9","laser","AnchorPicker","native-button","`Job origin ${anchor}`","{""onClick"":""() => setJobPlacement({ anchor })""}","props.disabled","[]","`Job origin: ${anchor}`","null","[]","source-inventory-only","[]"
"src/ui/laser/JobSetupControls.tsx:24:7","laser","JobSetupControls","button-component-call","","{}","null","[]","null","null","[]","source-inventory-only","[]"
"src/ui/laser/JobSetupControls.tsx:32:9","laser","JobSetupControls","button-component-call","","{}","null","[""machineKind !== 'cnc'""]","null","null","[]","source-inventory-only","[]"
"src/ui/laser/JobSetupControls.tsx:54:7","laser","HomeButton","native-button","Set up homing","{""onClick"":""props.onConfigureHoming""}","props.streaming","[]","Homing is off for this machine. Open Machine Setup to turn on $H homing.","null","[]","source-inventory-only","[]"
"src/ui/laser/JobSetupControls.tsx:66:5","laser","HomeButton","native-button","Home","{""onClick"":""props.onHome""}","props.busy","[]","Send $H — home all axes","null","[]","source-inventory-only","[]"
"src/ui/laser/JobSetupControls.tsx:87:5","laser","AutofocusButton","native-button","{props.needsSetup ? 'Set up auto-focus' : 'Auto-focus'}","{""onClick"":""props.needsSetup ? props.onConfigure : props.onRun""}","props.needsSetup ? props.streaming : props.busy","[]","props.needsSetup ? 'Open Machine Setup at Auto-focus setup.' : 'Run the auto-focus command configured in Machine Setup.'","null","[]","source-inventory-only","[]"
"src/ui/laser/JogArrowGrid.tsx:43:9","laser","JogArrowGrid","button-component-call","","{}","null","[]","null","null","[]","source-inventory-only","[]"
"src/ui/laser/JogArrowGrid.tsx:49:9","laser","JogArrowGrid","button-component-call","","{}","null","[]","null","null","[]","source-inventory-only","[]"
"src/ui/laser/JogArrowGrid.tsx:80:5","laser","JogArrowButton","native-button","label","{}","props.disabled","[]","props.continuousJogSupported ? `${label}. Hold for continuous jog.` : label","null","[]","source-inventory-only","[]"
"src/ui/laser/JogPad.tsx:73:9","laser","JogPad","button-component-call","Jogging","{}","null","[]","null","null","[""src/ui/laser/JogPad.motion-controls.test.tsx"",""src/ui/laser/JogPad.test.tsx""]","source-inventory-only","[]"
"src/ui/laser/JogPadAirAssist.tsx:91:5","laser","AirAssistControl","native-button","label","{""onClick"":""() => props.onToggle(!props.enabled)""}","null","[]","title","null","[]","source-inventory-only","[]"
"src/ui/laser/JogPadAirAssist.tsx:149:9","laser","AirOutputUnsetNotice","native-button","Cancel air assist setup","{""onClick"":""props.onCancel""}","null","[]","Keep manual air off.","null","[]","source-inventory-only","[]"
"src/ui/laser/JogPadAirAssist.tsx:157:9","laser","AirOutputUnsetNotice","native-button","Open Machine Setup for air assist","{""onClick"":""props.onOpenSetup""}","null","[]","Open Machine Setup at the machine step that holds the air-assist output.","null","[]","source-inventory-only","[]"
"src/ui/laser/JogPadAirAssist.tsx:183:9","laser","AirAssistSetupWarning","native-button","Cancel air assist setup","{""onClick"":""props.onCancel""}","null","[]","Leave project air-assist defaults unchanged and keep manual air off.","null","[]","source-inventory-only","[]"
"src/ui/laser/JogPadAirAssist.tsx:191:9","laser","AirAssistSetupWarning","native-button","Proceed with air assist setup","{""onClick"":""props.onProceed""}","null","[]","Apply the listed air-assist defaults, then turn manual air on.","null","[]","source-inventory-only","[]"
"src/ui/laser/LabsSettingsDialog.tsx:51:9","laser","LabsSettingsDialog","button-component-call","Reset all","{""onClick"":""resetFeatures""}","null","[]","null","null","[""src/ui/laser/LabsSettingsDialog.test.tsx""]","source-inventory-only","[]"
"src/ui/laser/LabsSettingsDialog.tsx:52:9","laser","LabsSettingsDialog","button-component-call","Done","{""onClick"":""props.onClose""}","null","[]","null","null","[""src/ui/laser/LabsSettingsDialog.test.tsx""]","source-inventory-only","[]"
"src/ui/laser/LabsSettingsDialog.tsx:67:7","laser","FeatureRow","input-control","props.row.detail","{""onChange"":""(event) => props.onChange(event.currentTarget.checked)""}","null","[]","props.row.detail","null","[""src/ui/laser/LabsSettingsDialog.test.tsx""]","source-inventory-only","[]"
"src/ui/laser/LaserRecoveryReviewDialog.tsx:157:7","laser","RecoveryActions","native-button","Close","{""onClick"":""props.onClose""}","starting","[]","Close this review without changing the live job or controller.","null","[""src/ui/laser/LaserRecoveryReviewDialog.test.tsx""]","source-inventory-only","[]"
"src/ui/laser/LaserRecoveryReviewDialog.tsx:165:7","laser","RecoveryActions","native-button","{starting ? 'Starting supervised recovery...' : 'Start supervised recovery'}","{""onClick"":""props.onStart""}","starting","[]","Run fresh safety checks, then start this saved laser job under supervised recovery.","null","[""src/ui/laser/LaserRecoveryReviewDialog.test.tsx""]","source-inventory-only","[]"
"src/ui/laser/LaserWindow.tsx:249:7","laser","SleepBanner","native-button","Wake (Ctrl-X)","{""onClick"":""onWake""}","null","[]","Send Ctrl-X soft reset to wake GRBL.","null","[""src/ui/laser/LaserWindow-alarm-recovery.test.tsx"",""src/ui/laser/LaserWindow-forget-controller.test.ts"",""src/ui/laser/LaserWindow-recovery-escape.test.tsx"",""src/ui/laser/LaserWindow-sleep-recovery.test.tsx"",""src/ui/laser/LaserWindow.collapse.test.tsx"",""src/ui/laser/LaserWindow.connection-hints.test.tsx"",""src/ui/laser/LaserWindow.console-disclosure.test.tsx"",""src/ui/laser/LaserWindow.device-setup.test.tsx"",""src/ui/laser/LaserWindow.response-presentation.test.tsx"",""src/ui/laser/LaserWindow.test.tsx"",""src/ui/laser/LaserWindow.tool-change-hold.test.tsx"",""src/ui/laser/WorkspaceJobActions.test.tsx""]","source-inventory-only","[]"
"src/ui/laser/LaserWindow.tsx:316:9","laser","AlarmRecoveryActions","native-button","Home ($H)","{""onClick"":""props.onHome""}","null","[""props.homingEnabled""]","Send $H. Use this only when the machine has working homing switches.","null","[""src/ui/laser/LaserWindow-alarm-recovery.test.tsx"",""src/ui/laser/LaserWindow-forget-controller.test.ts"",""src/ui/laser/LaserWindow-recovery-escape.test.tsx"",""src/ui/laser/LaserWindow-sleep-recovery.test.tsx"",""src/ui/laser/LaserWindow.collapse.test.tsx"",""src/ui/laser/LaserWindow.connection-hints.test.tsx"",""src/ui/laser/LaserWindow.console-disclosure.test.tsx"",""src/ui/laser/LaserWindow.device-setup.test.tsx"",""src/ui/laser/LaserWindow.response-presentation.test.tsx"",""src/ui/laser/LaserWindow.test.tsx"",""src/ui/laser/LaserWindow.tool-change-hold.test.tsx"",""src/ui/laser/WorkspaceJobActions.test.tsx""]","source-inventory-only","[]"
"src/ui/laser/LaserWindow.tsx:324:9","laser","AlarmRecoveryActions","native-button","Set up homing","{""onClick"":""props.onConfigureHoming""}","null","[""not props.homingEnabled""]","Homing is off for this machine. Open Machine Setup to turn on $H homing.","null","[""src/ui/laser/LaserWindow-alarm-recovery.test.tsx"",""src/ui/laser/LaserWindow-forget-controller.test.ts"",""src/ui/laser/LaserWindow-recovery-escape.test.tsx"",""src/ui/laser/LaserWindow-sleep-recovery.test.tsx"",""src/ui/laser/LaserWindow.collapse.test.tsx"",""src/ui/laser/LaserWindow.connection-hints.test.tsx"",""src/ui/laser/LaserWindow.console-disclosure.test.tsx"",""src/ui/laser/LaserWindow.device-setup.test.tsx"",""src/ui/laser/LaserWindow.response-presentation.test.tsx"",""src/ui/laser/LaserWindow.test.tsx"",""src/ui/laser/LaserWindow.tool-change-hold.test.tsx"",""src/ui/laser/WorkspaceJobActions.test.tsx""]","source-inventory-only","[]"
"src/ui/laser/LaserWindow.tsx:338:9","laser","AlarmRecoveryActions","native-button","$X — Unlock","{""onClick"":""props.onUnlock""}","null","[""props.canUnlock""]","Send $X to unlock the controller after you have confirmed the machine is safe.","null","[""src/ui/laser/LaserWindow-alarm-recovery.test.tsx"",""src/ui/laser/LaserWindow-forget-controller.test.ts"",""src/ui/laser/LaserWindow-recovery-escape.test.tsx"",""src/ui/laser/LaserWindow-sleep-recovery.test.tsx"",""src/ui/laser/LaserWindow.collapse.test.tsx"",""src/ui/laser/LaserWindow.connection-hints.test.tsx"",""src/ui/laser/LaserWindow.console-disclosure.test.tsx"",""src/ui/laser/LaserWindow.device-setup.test.tsx"",""src/ui/laser/LaserWindow.response-presentation.test.tsx"",""src/ui/laser/LaserWindow.test.tsx"",""src/ui/laser/LaserWindow.tool-change-hold.test.tsx"",""src/ui/laser/WorkspaceJobActions.test.tsx""]","source-inventory-only","[]"
"src/ui/laser/LiveMotionActionButton.tsx:10:5","laser","PendingPauseResumeAction","button-component-call","pausing ? 'Pausing…' : 'Resuming…'","{""onClick"":""pausing ? props.pauseJob : props.resumeJob""}","true","[]","`Waiting for ${pausing ? 'Pause' : 'Resume'} to complete`","null","[]","source-inventory-only","[]"
"src/ui/laser/LiveMotionActionButton.tsx:26:5","laser","LiveMotionActionButton","native-button","{props.label}","{""onClick"":""() => void props.onClick().catch(() => undefined)""}","props.disabled","[]","props.title","null","[]","source-inventory-only","[]"
"src/ui/laser/LiveMotionBar.tsx:69:9","laser","LiveMotionBar","native-button","{description.abortLabel}","{""onClick"":""() => void abort().catch(() => undefined)""}","null","[]","SOFTWARE_ABORT_TITLE","null","[""src/ui/laser/CompletedJobNotice.simulator.test.tsx"",""src/ui/laser/CompletedJobNotice.test.tsx"",""src/ui/laser/LiveMotionBar.test.tsx""]","source-inventory-only","[]"
"src/ui/laser/LiveMotionBar.tsx:105:7","laser","LiveMotionPrimaryAction","button-component-call","Pause","{""onClick"":""pauseJob""}","null","[]","pauseControlMessage(machineKind, hasRealtimePause)","null","[""src/ui/laser/CompletedJobNotice.simulator.test.tsx"",""src/ui/laser/CompletedJobNotice.test.tsx"",""src/ui/laser/LiveMotionBar.test.tsx""]","source-inventory-only","[]"
"src/ui/laser/LiveMotionBar.tsx:114:7","laser","LiveMotionPrimaryAction","button-component-call","Resume","{""onClick"":""resumeJob""}","null","[]","resumeControlTitle(resumeAdvisory, hasRealtimePause)","null","[""src/ui/laser/CompletedJobNotice.simulator.test.tsx"",""src/ui/laser/CompletedJobNotice.test.tsx"",""src/ui/laser/LiveMotionBar.test.tsx""]","source-inventory-only","[]"
"src/ui/laser/LiveMotionBar.tsx:123:7","laser","LiveMotionPrimaryAction","button-component-call","Continue","{""onClick"":""continueToolChange""}","toolChangeBlockMessage !== null","[]","toolChangeBlockMessage ?? TOOL_CHANGE_CONTINUE_TITLE","null","[""src/ui/laser/CompletedJobNotice.simulator.test.tsx"",""src/ui/laser/CompletedJobNotice.test.tsx"",""src/ui/laser/LiveMotionBar.test.tsx""]","source-inventory-only","[]"
"src/ui/laser/MachineSettingsPanel.tsx:61:7","laser","MachineSettingsPanel","disclosure","Read / Backup Controller Settings","{}","null","[]","panelHelp.title","panelHelp['data-help-id']","[""src/ui/laser/MachineSettingsPanel.test.tsx""]","source-inventory-only","[]"
"src/ui/laser/MachineSettingsPanel.tsx:68:7","laser","MachineSettingsPanel","button-component-call","Controller settings tutorial","{}","null","[]","null","null","[""src/ui/laser/MachineSettingsPanel.test.tsx""]","source-inventory-only","[]"
"src/ui/laser/MachineSettingsPanel.tsx:100:7","laser","MachineSettingsActions","native-button","Read ($$)","{""onClick"":""props.onRead""}","props.readDisabledReason !== null","[]","readHelp.title","readHelp['data-help-id']","[""src/ui/laser/MachineSettingsPanel.test.tsx""]","source-inventory-only","[]"
"src/ui/laser/MachineSettingsPanel.tsx:109:7","laser","MachineSettingsActions","native-button","Export backup","{""onClick"":""props.onExport""}","props.exportDisabledReason !== null","[]","exportHelp.title","exportHelp['data-help-id']","[""src/ui/laser/MachineSettingsPanel.test.tsx""]","source-inventory-only","[]"
"src/ui/laser/MachineSetupController.tsx:130:11","laser","FirmwareWriteRow","input-control","`Confirm write ${row.code}`","{""onChange"":""(event) => setConfirmed(event.target.checked)""}","null","[]","`Confirm you want to write ${row.code}.`","null","[""src/ui/laser/MachineSetupController.cnc.test.tsx""]","source-inventory-only","[]"
"src/ui/laser/MachineSetupController.tsx:139:9","laser","FirmwareWriteRow","button-component-call","Write {row.code}","{""onClick"":""write""}","!canWrite","[]","null","null","[""src/ui/laser/MachineSetupController.cnc.test.tsx""]","source-inventory-only","[]"
"src/ui/laser/MachineSetupImportExport.tsx:85:9","laser","ImportExportPanel","button-component-call","Export active profile","{""onClick"":""exportActive""}","null","[]","null","null","[""src/ui/laser/MachineSetupImportExport.test.tsx""]","source-inventory-only","[]"
"src/ui/laser/MachineSetupImportExport.tsx:86:9","laser","ImportExportPanel","button-component-call","Import KerfDesk profile","{""onClick"":""importKerfDesk""}","null","[]","null","null","[""src/ui/laser/MachineSetupImportExport.test.tsx""]","source-inventory-only","[]"
"src/ui/laser/MachineSetupImportExport.tsx:87:9","laser","ImportExportPanel","button-component-call","Import LightBurn .lbdev","{""onClick"":""importLightBurn""}","null","[]","null","null","[""src/ui/laser/MachineSetupImportExport.test.tsx""]","source-inventory-only","[]"
"src/ui/laser/MachineSetupImportExport.tsx:134:7","laser","MachineProfileReview","button-component-call","Apply imported profile","{""onClick"":""() => props.onApply(props.review.document.profile)""}","null","[]","null","null","[""src/ui/laser/MachineSetupImportExport.test.tsx""]","source-inventory-only","[]"
"src/ui/laser/MachineSetupImportExport.tsx:152:7","laser","LightBurnReview","button-component-call","Apply imported profile","{""onClick"":""() => props.onApply(props.review.profile)""}","!props.review.canCreateProfile","[]","null","null","[""src/ui/laser/MachineSetupImportExport.test.tsx""]","source-inventory-only","[]"
"src/ui/laser/MachineSetupProfiles.tsx:123:7","laser","CatalogCard","button-component-call","","{}","null","[]","null","null","[""src/ui/laser/MachineSetupProfiles.test.tsx""]","source-inventory-only","[]"
"src/ui/laser/MachineSetupProfiles.tsx:139:5","laser","CatalogApplyButton","button-component-call","{label}","{""onClick"":""props.onApply""}","props.isActive","[]","null","null","[""src/ui/laser/MachineSetupProfiles.test.tsx""]","source-inventory-only","[]"
"src/ui/laser/MachineSetupSafetyZones.tsx:31:9","laser","SafetyZonesPanel","button-component-call","Add zone","{""onClick"":""() => updateZones([...zones, defaultZone(zones.length)])""}","null","[]","null","null","[""src/ui/laser/MachineSetupSafetyZones.test.tsx""]","source-inventory-only","[]"
"src/ui/laser/MachineSetupSafetyZones.tsx:108:11","laser","ZoneEditor","input-control","Enable or disable this safety zone.","{""onChange"":""(event) => props.onChange({ ...zone, enabled: event.target.checked })""}","null","[]","Enable or disable this safety zone.","null","[""src/ui/laser/MachineSetupSafetyZones.test.tsx""]","source-inventory-only","[]"
"src/ui/laser/MachineSetupSafetyZones.tsx:116:9","laser","ZoneEditor","button-component-call","Remove","{""onClick"":""props.onRemove""}","null","[]","null","null","[""src/ui/laser/MachineSetupSafetyZones.test.tsx""]","source-inventory-only","[]"
"src/ui/laser/MeasuredScanOffsetApply.tsx:109:7","laser","MeasurementActions","native-button","Add measurement","{""onClick"":""props.onAdd""}","null","[]","Add another speed point from the burned calibration pattern.","null","[""src/ui/laser/MeasuredScanOffsetApply.lightburn.test.tsx"",""src/ui/laser/MeasuredScanOffsetApply.test.tsx""]","source-inventory-only","[]"
"src/ui/laser/MeasuredScanOffsetApply.tsx:116:7","laser","MeasurementActions","native-button","Reset from profile","{""onClick"":""props.onReset""}","null","[]","Reload the scan-offset values currently saved on the active profile.","null","[""src/ui/laser/MeasuredScanOffsetApply.lightburn.test.tsx"",""src/ui/laser/MeasuredScanOffsetApply.test.tsx""]","source-inventory-only","[]"
"src/ui/laser/MeasuredScanOffsetApply.tsx:123:7","laser","MeasurementActions","native-button","Apply measured offsets","{""onClick"":""props.onApply""}","props.applyDisabled","[]","Save this candidate table; a corrected verification coupon is still required.","null","[""src/ui/laser/MeasuredScanOffsetApply.lightburn.test.tsx"",""src/ui/laser/MeasuredScanOffsetApply.test.tsx""]","source-inventory-only","[]"
"src/ui/laser/MeasuredScanOffsetApply.tsx:150:11","laser","CalibrationLifecycleStatus","native-button","Mark verified","{""onClick"":""props.onMarkVerified""}","null","[]","Record that the physical verification coupon passed. Profiles requiring verified offsets can then use bidirectional scanning.","null","[""src/ui/laser/MeasuredScanOffsetApply.lightburn.test.tsx"",""src/ui/laser/MeasuredScanOffsetApply.test.tsx""]","source-inventory-only","[]"
"src/ui/laser/MeasuredScanOffsetApply.tsx:168:9","laser","CalibrationLifecycleStatus","native-button","Mark pending","{""onClick"":""props.onMarkPending""}","null","[]","Record that this table still needs a physical verification coupon. Profiles requiring verified offsets will use one-way scanning while pending.","null","[""src/ui/laser/MeasuredScanOffsetApply.lightburn.test.tsx"",""src/ui/laser/MeasuredScanOffsetApply.test.tsx""]","source-inventory-only","[]"
"src/ui/laser/MeasuredScanOffsetApply.tsx:176:11","laser","CalibrationLifecycleStatus","native-button","Mark verified","{""onClick"":""props.onMarkVerified""}","null","[""legacy""]","Record that the physical verification coupon passed. Profiles requiring verified offsets can then use bidirectional scanning.","null","[""src/ui/laser/MeasuredScanOffsetApply.lightburn.test.tsx"",""src/ui/laser/MeasuredScanOffsetApply.test.tsx""]","source-inventory-only","[]"
"src/ui/laser/MomentaryFireControl.tsx:31:5","laser","MomentaryFireControl","native-button","`Hold for low-power Fire at ${control.maxPowerPercent}%`","{""onPointerDown"":""(event) => { event.preventDefault(); press(); }"",""onPointerLeave"":""release"",""onKeyDown"":""(event) => { if (isFireKey(event.key) && !event.repeat) { event.preventDefault(); press(); } }"",""onKeyUp"":""(event) => { if (isFireKey(event.key)) release(); }""}","disabled","[]","`Hold to turn on the positioning beam at no more than ${control.maxPowerPercent}%. Release always sends M5.`","null","[""src/ui/laser/MomentaryFireControl.test.tsx""]","source-inventory-only","[]"
"src/ui/laser/NoHomingPositionChoices.tsx:24:7","laser","NoHomingPositionChoices","native-button","{props.releasing ? RELEASING_MOTORS_LABEL : RELEASE_MOTORS_LABEL}","{""onClick"":""props.onRelease""}","props.disabled || !props.canSleep","[]","props.canSleep ? RELEASE_MOTORS_TITLE : NO_SLEEP_COMMAND_TITLE","null","[]","source-inventory-only","[]"
"src/ui/laser/NoHomingPositionGuide.tsx:226:7","laser","PositioningStep","native-button","{props.controllerSleeping ? 'Use this position' : 'Waiting for Sleep...'}","{""onClick"":""props.onUseHandPosition""}","!props.controllerSleeping","[]","Wake the controller, set this position as origin, then require a Frame.","null","[""src/ui/laser/NoHomingPositionGuide.test.tsx""]","source-inventory-only","[]"
"src/ui/laser/NoHomingPositionGuide.tsx:249:9","laser","RecoveringStep","native-button","Unlock and continue","{""onClick"":""props.onUnlock""}","!props.canUnlock","[]","Unlock only after confirming the hand-positioned head is safe.","null","[""src/ui/laser/NoHomingPositionGuide.test.tsx""]","source-inventory-only","[]"
"src/ui/laser/OptimizationSettingsDialog.tsx:30:9","laser","OptimizationSettingsDialog","button-component-call","Cancel","{""onClick"":""props.onCancel""}","null","[]","null","null","[""src/ui/laser/OptimizationSettingsDialog.test.tsx""]","source-inventory-only","[]"
"src/ui/laser/OptimizationSettingsDialog.tsx:31:9","laser","OptimizationSettingsDialog","button-component-call","Apply","{}","null","[]","null","null","[""src/ui/laser/OptimizationSettingsDialog.test.tsx""]","source-inventory-only","[]"
"src/ui/laser/OptimizationSettingsDialog.tsx:63:9","laser","PlannerFields","input-control","orderingControlTitle ?? 'Cut enclosed paths before their containing paths.'","{""onChange"":""(event) => update({ insideFirst: event.currentTarget.checked })""}","keepsSourceOrder","[]","orderingControlTitle ?? 'Cut enclosed paths before their containing paths.'","null","[""src/ui/laser/OptimizationSettingsDialog.test.tsx""]","source-inventory-only","[]"
"src/ui/laser/OriginRow.tsx:59:5","laser","SetOriginButton","native-button","Set origin here","{""onClick"":""props.onSet""}","props.busy","[]","props.needsAttention ? SET_ORIGIN_ATTENTION_TITLE : 'Declare the current head position as the workpiece (0, 0). Cleared on alarm or stop.'","null","[""src/ui/laser/OriginRow.attention.test.tsx"",""src/ui/laser/OriginRow.test.tsx""]","source-inventory-only","[]"
"src/ui/laser/OriginRow.tsx:88:5","laser","ReleaseMotorsButton","native-button","Release motors","{""onClick"":""props.onRelease""}","props.busy","[]","Release the motors ($SLP) so you can move the head by hand. Clears the work origin; Wake and Set origin again afterward.","null","[""src/ui/laser/OriginRow.attention.test.tsx"",""src/ui/laser/OriginRow.test.tsx""]","source-inventory-only","[]"
"src/ui/laser/OriginRow.tsx:153:9","laser","OriginRow","button-component-call","Origin","{}","null","[]","null","null","[""src/ui/laser/OriginRow.attention.test.tsx"",""src/ui/laser/OriginRow.test.tsx""]","source-inventory-only","[]"
"src/ui/laser/OriginRow.tsx:156:9","laser","OriginRow","button-component-call","","{}","null","[]","null","null","[""src/ui/laser/OriginRow.attention.test.tsx"",""src/ui/laser/OriginRow.test.tsx""]","source-inventory-only","[]"
"src/ui/laser/OriginRow.tsx:166:9","laser","OriginRow","native-button","Reset origin","{""onClick"":""onReset""}","busy || !hasCustom || persistentOrUnknown","[]","resetOriginTitle(persistentOrUnknown, hasCustom)","null","[""src/ui/laser/OriginRow.attention.test.tsx"",""src/ui/laser/OriginRow.test.tsx""]","source-inventory-only","[]"
"src/ui/laser/OriginRow.tsx:175:9","laser","OriginRow","button-component-call","","{}","null","[]","null","null","[""src/ui/laser/OriginRow.attention.test.tsx"",""src/ui/laser/OriginRow.test.tsx""]","source-inventory-only","[]"
"src/ui/laser/OriginRow.tsx:176:9","laser","OriginRow","button-component-call","","{}","null","[]","null","null","[""src/ui/laser/OriginRow.attention.test.tsx"",""src/ui/laser/OriginRow.test.tsx""]","source-inventory-only","[]"
"src/ui/laser/OriginRow.tsx:286:5","laser","GoToWorkZeroButton","native-button","Go to work zero","{""onClick"":""onGo""}","!ready","[]","props.hasCustom && wcoCache !== null ? 'Move the head to work X0 Y0 with the beam off.' : 'Set a work origin and wait for its controller position before returning to it.'","null","[""src/ui/laser/OriginRow.attention.test.tsx"",""src/ui/laser/OriginRow.test.tsx""]","source-inventory-only","[]"
"src/ui/laser/OriginRow.tsx:335:7","laser","AdvancedOriginControls","disclosure","Advanced origin","{}","null","[]","Show persistent G54 origin controls.","null","[""src/ui/laser/OriginRow.attention.test.tsx"",""src/ui/laser/OriginRow.test.tsx""]","source-inventory-only","[]"
"src/ui/laser/OriginRow.tsx:342:9","laser","AdvancedOriginControls","native-button","Set persistent origin","{""onClick"":""onSetPersistent""}","persistentDisabled","[]","setTitle","null","[""src/ui/laser/OriginRow.attention.test.tsx"",""src/ui/laser/OriginRow.test.tsx""]","source-inventory-only","[]"
"src/ui/laser/OriginRow.tsx:351:9","laser","AdvancedOriginControls","native-button","Clear persistent origin","{""onClick"":""onClearPersistent""}","persistentDisabled || !props.hasCustom","[]","clearTitle","null","[""src/ui/laser/OriginRow.attention.test.tsx"",""src/ui/laser/OriginRow.test.tsx""]","source-inventory-only","[]"
"src/ui/laser/OverrideControls.tsx:72:9","laser","OverrideControls","native-button","25","{""onClick"":""() => fire(RT_RAPID_OV_QUARTER)""}","null","[]","Limit rapid moves to 25% speed.","null","[""src/ui/laser/OverrideControls.test.tsx""]","source-inventory-only","[]"
"src/ui/laser/OverrideControls.tsx:80:9","laser","OverrideControls","native-button","50","{""onClick"":""() => fire(RT_RAPID_OV_HALF)""}","null","[]","Limit rapid moves to 50% speed.","null","[""src/ui/laser/OverrideControls.test.tsx""]","source-inventory-only","[]"
"src/ui/laser/OverrideControls.tsx:88:9","laser","OverrideControls","native-button","100","{""onClick"":""() => fire(RT_RAPID_OV_FULL)""}","null","[]","Restore rapid moves to full speed.","null","[""src/ui/laser/OverrideControls.test.tsx""]","source-inventory-only","[]"
"src/ui/laser/OverrideControls.tsx:147:9","laser","OverrideRow","native-button","{step.text}","{""onClick"":""step.onClick""}","null","[]","step.title","null","[""src/ui/laser/OverrideControls.test.tsx""]","source-inventory-only","[]"
"src/ui/laser/PlannerAdvanced.tsx:31:7","laser","PlannerAdvanced","disclosure","Advanced: estimator tuning","{}","null","[]","Open or close advanced acceleration and junction-deviation estimator settings.","null","[]","source-inventory-only","[]"
"src/ui/laser/PrintAndCutDialog.tsx:60:9","laser","PrintAndCutDialog","button-component-call","Disable","{""onClick"":""props.onDisable""}","null","[]","null","null","[""src/ui/laser/PrintAndCutDialog.test.tsx""]","source-inventory-only","[]"
"src/ui/laser/PrintAndCutDialog.tsx:61:9","laser","PrintAndCutDialog","button-component-call","Cancel","{""onClick"":""props.onCancel""}","null","[]","null","null","[""src/ui/laser/PrintAndCutDialog.test.tsx""]","source-inventory-only","[]"
"src/ui/laser/PrintAndCutDialog.tsx:62:9","laser","PrintAndCutDialog","button-component-call","Apply registration","{}","invalidReason !== null","[]","null","null","[""src/ui/laser/PrintAndCutDialog.test.tsx""]","source-inventory-only","[]"
"src/ui/laser/PrintAndCutDialog.tsx:118:9","laser","TargetRow","button-component-call","Capture head","{""onClick"":""props.onCapture""}","!props.captureEnabled","[]","null","null","[""src/ui/laser/PrintAndCutDialog.test.tsx""]","source-inventory-only","[]"
"src/ui/laser/ProbeControls.tsx:130:7","laser","ProbeControls","native-button","{probeButtonLabel(probeBusy)}","{""onClick"":""run""}","!readiness.ready","[]","readiness.title","null","[""src/ui/laser/ProbeControls.corner-geometry.test.tsx"",""src/ui/laser/ProbeControls.shared-form.test.tsx""]","source-inventory-only","[]"
"src/ui/laser/ProbePanel.tsx:18:9","laser","ProbePanel","disclosure","Probe (touch plate)","{}","null","[]","Zero the work coordinates with a conductive touch plate (G38.2).","null","[""src/ui/laser/ProbePanel.test.tsx"",""src/ui/laser/ProbePlateRemovalNotice.test.tsx""]","source-inventory-only","[]"
"src/ui/laser/ProbePanel.tsx:24:9","laser","ProbePanel","button-component-call","","{}","null","[]","null","null","[""src/ui/laser/ProbePanel.test.tsx"",""src/ui/laser/ProbePlateRemovalNotice.test.tsx""]","source-inventory-only","[]"
"src/ui/laser/ProbePlateRemovalNotice.tsx:15:7","laser","ProbePlateRemovalNotice","native-button","Dismiss reminder","{""onClick"":""confirm""}","null","[]","Dismiss this reminder after the touch plate and probe lead are clear of the stock and cutter.","null","[""src/ui/laser/ProbePlateRemovalNotice.test.tsx""]","source-inventory-only","[]"
"src/ui/laser/RotarySetupDialog.tsx:48:11","laser","RotarySetupFields","button-component-call","Roller","{""onClick"":""() => setType('roller')""}","null","[]","null","null","[""src/ui/laser/RotarySetupDialog.test.tsx""]","source-inventory-only","[]"
"src/ui/laser/RotarySetupDialog.tsx:51:11","laser","RotarySetupFields","button-component-call","Chuck","{""onClick"":""() => setType('chuck')""}","null","[]","null","null","[""src/ui/laser/RotarySetupDialog.test.tsx""]","source-inventory-only","[]"
"src/ui/laser/RotarySetupDialog.tsx:111:7","laser","ToggleRow","input-control","props.label","{""onChange"":""(event) => props.onChange(event.currentTarget.checked)""}","null","[]","props.label","null","[""src/ui/laser/RotarySetupDialog.test.tsx""]","source-inventory-only","[]"
"src/ui/laser/RotarySetupDialog.tsx:146:7","laser","RotaryActions","button-component-call","Cancel","{""onClick"":""props.onCancel""}","null","[]","null","null","[""src/ui/laser/RotarySetupDialog.test.tsx""]","source-inventory-only","[]"
"src/ui/laser/RotarySetupDialog.tsx:147:7","laser","RotaryActions","button-component-call","Generate test pattern","{""onClick"":""() => props.onGenerateCalibration(props.draft)""}","!props.valid || !props.draft.enabled","[]","null","null","[""src/ui/laser/RotarySetupDialog.test.tsx""]","source-inventory-only","[]"
"src/ui/laser/RotarySetupDialog.tsx:153:7","laser","RotaryActions","button-component-call","Apply","{""onClick"":""() => props.onApply(props.draft)""}","!props.valid","[]","null","null","[""src/ui/laser/RotarySetupDialog.test.tsx""]","source-inventory-only","[]"
"src/ui/laser/RotarySetupDialog.tsx:166:5","laser","SegmentButton","native-button","{props.children}","{""onClick"":""props.onClick""}","null","[]","Select the rotary attachment type.","null","[""src/ui/laser/RotarySetupDialog.test.tsx""]","source-inventory-only","[]"
"src/ui/laser/RunAgainControl.tsx:64:5","laser","RunAgainControl","native-button","{starting ? 'Checking completed job…' : 'Run same job again from start'}","{""onClick"":""() => void runAgain()""}","props.disabled || props.busy || starting","[]","Freshly compile this exact completed job, verify its fingerprint, and run it from line 1 with a new run identity.","null","[""src/ui/laser/CompletedJobNotice.test.tsx"",""src/ui/laser/RunAgainControl.render-cost.test.tsx"",""src/ui/laser/RunAgainControl.test.tsx""]","source-inventory-only","[]"
"src/ui/laser/SafetyNoticeBanner.tsx:53:11","laser","SafetyNoticeBanner","native-button","{connection.kind === 'connecting' ? 'Reconnecting…' : 'Reconnect controller…'}","{""onClick"":""props.onReconnect""}","props.reconnectDisabled || connection.kind === 'connecting'","[""reconnectRecommended && props.onReconnect !== undefined""]","Tear down any stale serial session and open the controller connection picker.","null","[""src/ui/laser/SafetyNoticeBanner.test.tsx""]","source-inventory-only","[]"
"src/ui/laser/SafetyNoticeBanner.tsx:64:11","laser","SafetyNoticeBanner","native-button","Reset controller (does not resume job)","{""onClick"":""() => void wakeController().catch(() => undefined)""}","controllerOperation !== null","[""resetAvailable""]","Send Ctrl-X to a connected sleeping controller. This does not resume the job.","null","[""src/ui/laser/SafetyNoticeBanner.test.tsx""]","source-inventory-only","[]"
"src/ui/laser/SafetyNoticeBanner.tsx:74:9","laser","SafetyNoticeBanner","native-button","I made the machine safe","{""onClick"":""clear""}","null","[]","Acknowledge this warning after using the physical E-stop or checking the machine.","null","[""src/ui/laser/SafetyNoticeBanner.test.tsx""]","source-inventory-only","[]"
"src/ui/laser/SafetyZonesPanel.tsx:17:7","laser","SafetyZonesPanel","button-component-call","Add zone","{""onClick"":""() => updateZones([ ...zones, { id: `zone-${Date.now()}`, name: 'No-go zone', enabled: true, x: 0, y: 0, width: 10, height: 10, }, ])""}","null","[]","null","null","[""src/ui/laser/SafetyZonesPanel.test.tsx""]","source-inventory-only","[]"
"src/ui/laser/SafetyZonesPanel.tsx:59:9","laser","ZoneRow","input-control","Enable or disable this no-go zone.","{""onChange"":""(event) => props.onChange({ enabled: event.target.checked })""}","null","[]","Enable or disable this no-go zone.","null","[""src/ui/laser/SafetyZonesPanel.test.tsx""]","source-inventory-only","[]"
"src/ui/laser/SafetyZonesPanel.tsx:98:7","laser","ZoneRow","button-component-call","Delete","{""onClick"":""props.onDelete""}","null","[]","null","null","[""src/ui/laser/SafetyZonesPanel.test.tsx""]","source-inventory-only","[]"
"src/ui/laser/ScanOffsetEditor.tsx:39:9","laser","ScanOffsetEditor","native-button","Add offset","{""onClick"":""() => props.onChange(addPoint(points))""}","null","[]","Add a calibrated scan-offset speed point.","null","[]","source-inventory-only","[]"
"src/ui/laser/ScanOffsetEditor.tsx:96:7","laser","ScanOffsetRow","native-button","`Remove scan offset ${rowNumber}`","{""onClick"":""props.onRemove""}","null","[]","Remove this calibrated scan-offset point.","null","[]","source-inventory-only","[]"
"src/ui/laser/StartFromLineControl.tsx:20:9","laser","StartFromLineControl","disclosure","CNC interruption recovery","{}","null","[]","Explain why line-number restart stays blocked and where supervised CNC recovery appears.","null","[]","source-inventory-only","[]"
"src/ui/laser/StartFromLineControl.tsx:37:7","laser","StartFromLineControl","disclosure","Start from line…","{}","null","[]","Resume an interrupted job from a specific G-code line — the recovery for a mid-job stop.","null","[]","source-inventory-only","[]"
"src/ui/laser/StartFromLineControl.tsx:58:9","laser","StartFromLineControl","native-button","Resume from line","{""onClick"":""() => void runStartFromLineFlow(line)""}","blocked","[]","Rebuild spindle/feed/position state at that line and replay the rest of the job. Work zero must be unchanged.","null","[]","source-inventory-only","[]"
"src/ui/laser/WorkZRecoveryControl.tsx:64:7","laser","WorkZRecoveryControl","disclosure","Advanced: Reuse existing controller setup","{}","null","[]","Show the advanced option for reusing a Z zero already stored by the controller.","null","[""src/ui/laser/WorkZRecoveryControl.test.tsx""]","source-inventory-only","[]"
"src/ui/laser/WorkZRecoveryControl.tsx:75:9","laser","WorkZRecoveryControl","native-button","Use existing controller Z zero","{""onClick"":""() => void confirmAndRecover(tool.id, tool.name, recover)""}","controllerOperation !== null","[]","controllerReuseTitle(controllerOperation !== null)","null","[""src/ui/laser/WorkZRecoveryControl.test.tsx""]","source-inventory-only","[]"
"src/ui/laser/board-capture/BoardAnchorOverlay.tsx:58:13","laser","BoardAnchorOverlay","button-component-call","","{}","props.disabled","[""not view === null""]","null","null","[""src/ui/laser/board-capture/BoardAnchorOverlay.test.tsx""]","source-inventory-only","[]"
"src/ui/laser/board-capture/BoardAnchorOverlay.tsx:80:5","laser","BoardAnchorButton","native-button","props.handle.label","{""onPointerDown"":""(event) => event.stopPropagation()"",""onClick"":""(event) => { event.stopPropagation(); props.onSelect(props.handle.target); }""}","props.disabled","[]","props.handle.label","null","[""src/ui/laser/board-capture/BoardAnchorOverlay.test.tsx""]","source-inventory-only","[]"
"src/ui/laser/board-capture/BoardArrayForm.tsx:38:9","laser","BoardArrayForm","input-control","Fill the board with as many copies as fit, instead of a fixed rows × cols","{""onChange"":""(event) => setAutoFit(event.target.checked)""}","null","[]","Fill the board with as many copies as fit, instead of a fixed rows × cols","null","[]","source-inventory-only","[]"
"src/ui/laser/board-capture/BoardArrayForm.tsx:79:7","laser","BoardArrayForm","button-component-call","Array on board","{""onClick"":""handleArray""}","disabled","[]","disabled ? 'Select exactly one design to array across the board' : 'Tile copies of the design across the board'","null","[]","source-inventory-only","[]"
"src/ui/laser/board-capture/BoardCapturePanel.tsx:219:7","laser","PanelHeader","button-component-call","Place board","{}","null","[]","null","null","[""src/ui/laser/board-capture/BoardCapturePanel.motion-safety.test.tsx"",""src/ui/laser/board-capture/BoardCapturePanel.test.tsx"",""src/ui/laser/board-capture/BoardCapturePanel.verification.test.tsx""]","source-inventory-only","[]"
"src/ui/laser/board-capture/BoardCapturePanel.tsx:220:7","laser","PanelHeader","button-component-call","Close board capture panel","{""onClick"":""props.onClose""}","props.disabled","[]","null","null","[""src/ui/laser/board-capture/BoardCapturePanel.motion-safety.test.tsx"",""src/ui/laser/board-capture/BoardCapturePanel.test.tsx"",""src/ui/laser/board-capture/BoardCapturePanel.verification.test.tsx""]","source-inventory-only","[]"
"src/ui/laser/board-capture/BoardCaptureSteps.tsx:45:9","laser","BoardCaptureSteps","button-component-call","Capture corner","{""onClick"":""props.onCapture""}","props.disabled || props.livePosition === null || allCaptured","[]","props.livePosition === null ? 'Waiting for a live machine position (connect and wait for Idle).' : 'Record the head position at this corner.'","null","[]","source-inventory-only","[]"
"src/ui/laser/board-capture/BoardCaptureSteps.tsx:57:9","laser","BoardCaptureSteps","button-component-call","Undo last","{""onClick"":""props.onUndo""}","props.sessionDisabled || count === 0","[]","null","null","[]","source-inventory-only","[]"
"src/ui/laser/board-capture/BoardCaptureSteps.tsx:65:11","laser","BoardCaptureSteps","button-component-call","Start over","{""onClick"":""props.onReset""}","props.sessionDisabled","[""count > 0""]","null","null","[]","source-inventory-only","[]"
"src/ui/laser/board-capture/BoardCaptureSteps.tsx:133:7","laser","MeasuredBoard","button-component-call","Create board outline","{""onClick"":""props.onFinish""}","tooSmall || props.disabled","[]","null","null","[]","source-inventory-only","[]"
"src/ui/laser/board-capture/BoardFineJogControls.tsx:78:13","laser","BoardFineJogControls","button-component-call","`Set fine jog step to ${option} millimeters`","{""onClick"":""() => setPreferredStep(option)""}","null","[]","null","null","[]","source-inventory-only","[]"
"src/ui/laser/board-capture/BoardPlacementControls.tsx:35:11","laser","BoardPlacementControls","button-component-call","{label}","{""onClick"":""() => alignToBox(anchor)""}","!canAlign","[]","canAlign ? `Move artwork to the ${label} of the board` : 'Select your artwork first'","null","[]","source-inventory-only","[]"
"src/ui/laser/board-capture/BoardPlacementControls.tsx:54:9","laser","BoardPlacementControls","button-component-call","Capture a new board","{""onClick"":""props.onReset""}","props.disabled || props.verification.activeTarget !== null","[]","null","null","[]","source-inventory-only","[]"
"src/ui/laser/board-capture/BoardPlacementControls.tsx:61:9","laser","BoardPlacementControls","button-component-call","Remove board","{""onClick"":""() => { if (boardSessionIsLocked(props.verification)) return; removeBoard(); props.onReset(); }""}","props.disabled || props.verification.activeTarget !== null","[]","Delete this board outline","null","[]","source-inventory-only","[]"
"src/ui/laser/board-capture/BoardPlacementControls.tsx:90:9","laser","FillBoardControls","button-component-call","Fit to board","{""onClick"":""props.onFit""}","!props.canFit","[]","props.canFit ? 'Scale the selected design to fill the board' : 'Select exactly one design to fit to the board'","null","[]","source-inventory-only","[]"
"src/ui/laser/board-capture/BoardShapeToggle.tsx:27:9","laser","BoardShapeToggle","button-component-call","{label}","{""onClick"":""() => onChange(kind)""}","disabled","[]","`Capture a ${label.toLowerCase()} board`","null","[]","source-inventory-only","[]"
"src/ui/laser/board-capture/BoardVerificationControls.tsx:31:11","laser","BoardVerificationControls","button-component-call","{shortTargetLabel(target)}","{""onClick"":""() => props.controller.selectTarget(target)""}","checksDisabled","[]","`Move the laser head beam-off to the ${boardVerificationTargetLabel(target).toLowerCase()}`","null","[]","source-inventory-only","[]"
"src/ui/laser/board-capture/BoardVerificationControls.tsx:80:11","laser","ActiveVerification","button-component-call","{props.controller.cancelling ? 'Stopping...' : 'Cancel check'}","{""onClick"":""props.controller.cancel""}","props.controller.cancelling","[""props.controller.canCancelMove""]","null","null","[]","source-inventory-only","[]"
"src/ui/laser/board-capture/BoardVerificationControls.tsx:102:11","laser","ActiveVerification","button-component-call","{props.controller.saving ? 'Updating…' : 'Use current head position & update board'}","{""onClick"":""props.controller.confirmCurrentPosition""}","props.disabled || props.controller.saving","[]","null","null","[]","source-inventory-only","[]"
"src/ui/laser/board-capture/BoardVerificationControls.tsx:109:11","laser","ActiveVerification","button-component-call","Cancel","{""onClick"":""props.controller.cancel""}","props.controller.saving","[]","null","null","[]","source-inventory-only","[]"
"src/ui/laser/board-capture/BoardVerificationControls.tsx:124:9","laser","ActiveVerification","button-component-call","Yes, correct","{""onClick"":""props.controller.acceptTarget""}","null","[]","null","null","[]","source-inventory-only","[]"
"src/ui/laser/board-capture/BoardVerificationControls.tsx:127:9","laser","ActiveVerification","button-component-call","No, adjust it","{""onClick"":""props.controller.adjustTarget""}","null","[]","null","null","[]","source-inventory-only","[]"
"src/ui/laser/board-capture/BoardVerificationControls.tsx:128:9","laser","ActiveVerification","button-component-call","Cancel","{""onClick"":""props.controller.cancel""}","null","[]","null","null","[]","source-inventory-only","[]"
"src/ui/laser/board-capture/CircleBoardPlacementControls.tsx:25:9","laser","CircleBoardPlacementControls","button-component-call","Center","{""onClick"":""() => alignToBox('center')""}","!canAlign","[]","canAlign ? 'Move artwork to the center of the board' : 'Select your artwork first'","null","[]","source-inventory-only","[]"
"src/ui/laser/board-capture/CircleBoardPlacementControls.tsx:40:9","laser","CircleBoardPlacementControls","button-component-call","Capture a new board","{""onClick"":""props.onReset""}","props.disabled || props.verification.activeTarget !== null","[]","null","null","[]","source-inventory-only","[]"
"src/ui/laser/board-capture/CircleBoardPlacementControls.tsx:47:9","laser","CircleBoardPlacementControls","button-component-call","Remove board","{""onClick"":""() => { if ( props.verification.activeTarget !== null || useLaserStore.getState().motionOperation !== null ) { return; } removeBoard(); props.onReset(); }""}","props.disabled || props.verification.activeTarget !== null","[]","Delete this board outline","null","[]","source-inventory-only","[]"
"src/ui/laser/board-capture/CircleCaptureSteps.tsx:25:9","laser","CircleCaptureSteps","button-component-call","Find center from rim","{""onClick"":""() => props.onMethodChange('rim-fit')""}","props.sessionDisabled","[]","null","null","[]","source-inventory-only","[]"
"src/ui/laser/board-capture/CircleCaptureSteps.tsx:33:9","laser","CircleCaptureSteps","button-component-call","Center already marked","{""onClick"":""() => props.onMethodChange('marked-center')""}","props.sessionDisabled","[]","null","null","[]","source-inventory-only","[]"
"src/ui/laser/board-capture/CircleCaptureSteps.tsx:60:9","laser","RimFitCapture","button-component-call","Capture rim point","{""onClick"":""props.onCapture""}","props.disabled || props.livePosition === null || complete","[]","Record a well-spaced point on the physical circle rim. The laser stays off.","null","[]","source-inventory-only","[]"
"src/ui/laser/board-capture/CircleCaptureSteps.tsx:68:9","laser","RimFitCapture","button-component-call","Undo last","{""onClick"":""props.onUndo""}","props.sessionDisabled || count === 0","[]","null","null","[]","source-inventory-only","[]"
"src/ui/laser/board-capture/CircleCaptureSteps.tsx:76:11","laser","RimFitCapture","button-component-call","Start over","{""onClick"":""() => props.onMethodChange('rim-fit')""}","props.sessionDisabled","[""count > 0""]","null","null","[]","source-inventory-only","[]"
"src/ui/laser/board-capture/CircleCaptureSteps.tsx:116:9","laser","MarkedCenterCapture","button-component-call","{count === 0 ? 'Capture center' : 'Capture edge'}","{""onClick"":""props.onCapture""}","props.disabled || props.livePosition === null || count >= 2","[]","markedCaptureTitle(count, props.livePosition)","null","[]","source-inventory-only","[]"
"src/ui/laser/board-capture/CircleCaptureSteps.tsx:124:9","laser","MarkedCenterCapture","button-component-call","Undo last","{""onClick"":""props.onUndo""}","props.sessionDisabled || count === 0","[]","null","null","[]","source-inventory-only","[]"
"src/ui/laser/board-capture/CircleCaptureSteps.tsx:132:11","laser","MarkedCenterCapture","button-component-call","Start over","{""onClick"":""() => props.onMethodChange('marked-center')""}","props.sessionDisabled","[""count > 0""]","null","null","[]","source-inventory-only","[]"
"src/ui/laser/board-capture/CircleCaptureSteps.tsx:201:7","laser","CircleDiameterForm","button-component-call","{saving ? 'Creating…' : 'Create board outline'}","{""onClick"":""draw""}","props.disabled || !canDraw || saving","[]","null","null","[]","source-inventory-only","[]"
"src/ui/laser/board-capture/CircleCenterConfirmation.tsx:179:7","laser","CircleCenterAction","button-component-call","Move to calculated center","{""onClick"":""controller.moveToCenter""}","confirmation.disabled || confirmation.fit.diameterMm < MIN_BOARD_DIMENSION_MM","[]","null","null","[]","source-inventory-only","[]"
"src/ui/laser/board-capture/CircleCenterConfirmation.tsx:197:7","laser","CircleCenterAction","button-component-call","{controller.saving ? 'Creating…' : 'Use current head position as center'}","{""onClick"":""controller.createAtCurrentPosition""}","confirmation.disabled || confirmation.livePosition === null || controller.saving || confirmation.fit.diameterMm < MIN_BOARD_DIMENSION_MM","[]","null","null","[]","source-inventory-only","[]"
"src/ui/laser/board-capture/CircleCenterConfirmation.tsx:225:9","laser","CircleCenterMovingAction","button-component-call","{controller.cancelling ? 'Stopping...' : 'Cancel center move'}","{""onClick"":""controller.cancelMove""}","controller.cancelling","[""controller.canCancelMove""]","null","null","[]","source-inventory-only","[]"
"src/ui/laser/board-capture/ManualSizeForm.tsx:48:7","laser","ManualSizeForm","button-component-call","Draw board at this size","{""onClick"":""() => valid && onDraw(width, height)""}","disabled || !valid","[]","null","null","[]","source-inventory-only","[]"
"src/ui/laser/console/ConsoleCommandDeck.tsx:49:15","laser","ConsoleCommandDeck","button-component-call","","{}","null","[]","null","null","[""src/ui/laser/console/ConsoleCommandDeck.test.tsx""]","source-inventory-only","[]"
"src/ui/laser/console/ConsoleCommandDeck.tsx:94:11","laser","QuickCommandRow","native-button","{quick.label}","{""onClick"":""() => props.onSend(quick.command)""}","props.isSending || disabledReason !== null","[]","disabledReason ?? quick.hint","null","[""src/ui/laser/console/ConsoleCommandDeck.test.tsx""]","source-inventory-only","[]"
"src/ui/laser/console/ConsoleCommandDeck.tsx:138:7","laser","ConsoleCommandForm","native-button","{props.isSending ? 'Sending...' : 'Send'}","{}","props.isSending || props.sendDisabledReason !== null","[]","props.isSending ? 'Waiting for the command write to finish.' : (props.sendDisabledReason ?? '')","null","[""src/ui/laser/console/ConsoleCommandDeck.test.tsx""]","source-inventory-only","[]"
"src/ui/laser/console/user-macros/UserMacroPanel.tsx:15:7","laser","UserMacroPanel","disclosure","User macros ( {model.macros.length} )","{}","null","[]","Show or hide saved user macros.","null","[]","source-inventory-only","[]"
"src/ui/laser/console/user-macros/UserMacroPanel.tsx:85:7","laser","MacroSelector","native-button","New macro","{""onClick"":""props.onNew""}","null","[]","Create a new single-command user macro.","null","[]","source-inventory-only","[]"
"src/ui/laser/console/user-macros/UserMacroPanel.tsx:88:7","laser","MacroSelector","native-button","Edit","{""onClick"":""props.onEdit""}","!hasSelection","[]","Edit the selected user macro.","null","[]","source-inventory-only","[]"
"src/ui/laser/console/user-macros/UserMacroPanel.tsx:96:7","laser","MacroSelector","native-button","Delete","{""onClick"":""props.onDelete""}","!hasSelection","[]","Delete the selected user macro from this browser.","null","[]","source-inventory-only","[]"
"src/ui/laser/console/user-macros/UserMacroPanel.tsx:134:9","laser","MacroEditorForm","native-button","Save macro","{""onClick"":""props.onSave""}","null","[]","Validate and save this user macro locally.","null","[]","source-inventory-only","[]"
"src/ui/laser/console/user-macros/UserMacroPanel.tsx:141:9","laser","MacroEditorForm","native-button","Cancel","{""onClick"":""props.onCancel""}","null","[]","Discard these unsaved macro edits.","null","[]","source-inventory-only","[]"
"src/ui/laser/console/user-macros/UserMacroPanel.tsx:182:7","laser","MacroRunner","native-button","{props.isSending ? 'Sending...' : 'Run user macro'}","{""onClick"":""props.onRun""}","props.isSending || props.isInputDisabled","[]","Expand and send this one command through the existing Console path.","null","[]","source-inventory-only","[]"
"src/ui/laser/device-setup/DeviceSetupCncJobStep.tsx:182:7","laser","DraftMaterialPicker","native-button","{preset === null ? `Use ${MANUAL_FEEDS_LABEL}` : `Apply ${preset.label} to operations`}","{""onClick"":""() => props.onApply(preset?.value ?? null)""}","null","[]","preset === null ? 'Stage manual feeds while preserving every current operation number.' : `Stage ${preset.label} starting values for every operation; final Save commits them.`","null","[]","source-inventory-only","[]"
"src/ui/laser/device-setup/DeviceSetupCncPreset.tsx:35:7","laser","DeviceSetupCncPreset","disclosure","Optional: start from a CNC machine preset","{}","null","[]","Show or hide built-in CNC presets for work area and spindle limits.","null","[""src/ui/laser/device-setup/DeviceSetupCncPreset.test.tsx""]","source-inventory-only","[]"
"src/ui/laser/device-setup/DeviceSetupCncPreset.tsx:55:9","laser","DeviceSetupCncPreset","native-button","Load into draft","{""onClick"":""apply""}","preset === null","[]","preset === null ? 'Choose a CNC machine preset first.' : 'Copy this preset into the unsaved Machine Setup draft.'","null","[""src/ui/laser/device-setup/DeviceSetupCncPreset.test.tsx""]","source-inventory-only","[]"
"src/ui/laser/device-setup/DeviceSetupCncPreset.tsx:102:13","laser","PresetDisclosure","link","{source.label}","{}","null","[]","source.supports","null","[""src/ui/laser/device-setup/DeviceSetupCncPreset.test.tsx""]","source-inventory-only","[]"
"src/ui/laser/device-setup/DeviceSetupCncProfiles.tsx:47:9","laser","DeviceSetupCncProfiles","native-button","Apply saved setup profile","{""onClick"":""applySelected""}","null","[]","Copy the selected saved profile into this draft; final Save commits it to the project.","null","[]","source-inventory-only","[]"
"src/ui/laser/device-setup/DeviceSetupCncProfiles.tsx:55:9","laser","DeviceSetupCncProfiles","native-button","Delete saved setup profile","{""onClick"":""deleteSelected""}","null","[]","Delete the selected app-level saved profile immediately.","null","[]","source-inventory-only","[]"
"src/ui/laser/device-setup/DeviceSetupCncProfiles.tsx:73:9","laser","DeviceSetupCncProfiles","native-button","Save current draft as setup profile","{""onClick"":""saveDraft""}","null","[]","Save the current draft to the app-level profile library immediately.","null","[]","source-inventory-only","[]"
"src/ui/laser/device-setup/DeviceSetupCncReview.tsx:20:9","laser","DeviceSetupCncReview","button-component-call","Edit","{""onClick"":""props.onEdit""}","null","[]","null","null","[]","source-inventory-only","[]"
"src/ui/laser/device-setup/DeviceSetupCncTilingFields.tsx:25:7","laser","DeviceSetupCncTilingFields","button-component-call","","{}","null","[]","null","null","[""src/ui/laser/device-setup/DeviceSetupRegistrationFields.test.tsx""]","source-inventory-only","[]"
"src/ui/laser/device-setup/DeviceSetupCncTilingFields.tsx:27:9","laser","DeviceSetupCncTilingFields","input-control","Enable tiling","{""onChange"":""(event) => props.onChange(event.target.checked ? DEFAULT_CNC_TILING : undefined)""}","null","[]","Stage indexed multi-file tiling for this CNC job.","null","[""src/ui/laser/device-setup/DeviceSetupRegistrationFields.test.tsx""]","source-inventory-only","[]"
"src/ui/laser/device-setup/DeviceSetupCncTilingFields.tsx:62:13","laser","DeviceSetupCncTilingFields","input-control","Drill registration holes","{""onChange"":""(event) => edit({ registrationHoles: event.target.checked })""}","null","[""not props.tiling === undefined""]","Include registration holes in tile overlap strips.","null","[""src/ui/laser/device-setup/DeviceSetupRegistrationFields.test.tsx""]","source-inventory-only","[]"
"src/ui/laser/device-setup/DeviceSetupCncToolPlan.tsx:59:7","laser","OperationToolPlan","disclosure","{props.layer.name} {operationSummary(props.machine, props.draft)}","{}","null","[]","`Show Startup assignments for ${props.layer.name}.`","null","[""src/ui/laser/device-setup/DeviceSetupCncToolPlan.pictures.test.tsx""]","source-inventory-only","[]"
"src/ui/laser/device-setup/DeviceSetupConfirmStep.tsx:35:11","laser","DeviceSetupConfirmStep","input-control","Homing enabled","{""onChange"":""(event) => update({ homing: { ...state.draft.homing, enabled: event.target.checked } })""}","guide.homeCommand === null","[]","Enable Home only after physical switches, axis direction, and the homing corner are verified.","null","[]","source-inventory-only","[]"
"src/ui/laser/device-setup/DeviceSetupConnectStep.tsx:147:7","laser","ConnectionMismatch","button-component-call","Reconnect using selected profile","{""onClick"":""() => void model.reconnect().catch(showError(model.pushToast))""}","null","[]","null","null","[]","source-inventory-only","[]"
"src/ui/laser/device-setup/DeviceSetupConnectStep.tsx:154:9","laser","ConnectionMismatch","button-component-call","Use detected {detectedGuide.label} in draft","{""onClick"":""() => props.dispatch({ kind: 'select-controller', controllerKind: detectedGuide.kind, })""}","null","[""detectedGuide !== null && model.detectedControllerKind !== model.controllerKind""]","null","null","[]","source-inventory-only","[]"
"src/ui/laser/device-setup/DeviceSetupConnectStep.tsx:177:9","laser","ConnectionActions","button-component-call","Connect…","{""onClick"":""() => void model.openConnection().catch(showError(model.pushToast))""}","model.connection.kind === 'connecting' || !model.supportsSerial","[]","null","null","[]","source-inventory-only","[]"
"src/ui/laser/device-setup/DeviceSetupConnectStep.tsx:191:9","laser","ConnectionActions","button-component-call","Run read-only checks","{""onClick"":""() => void model.readController()""}","model.mismatch || model.controllerOperation !== null || (model.guide.identityCommands.length === 0 && model.guide.settingsCommands.length === 0)","[]","null","null","[]","source-inventory-only","[]"
"src/ui/laser/device-setup/DeviceSetupConnectStep.tsx:250:7","laser","CommandContract","disclosure","Commands and configuration used for {guide.label}","{}","null","[]","`Show the exact read, status, home, and configuration contract for ${guide.label}.`","null","[]","source-inventory-only","[]"
"src/ui/laser/device-setup/DeviceSetupControls.tsx:33:7","laser","DeviceSetupControls","button-component-call","Machine Setup","{""onClick"":""() => openMachineSetup()""}","null","[]","null","null","[]","source-inventory-only","[]"
"src/ui/laser/device-setup/DeviceSetupDetectedApply.tsx:27:7","laser","DeviceSetupDetectedApply","button-component-call","Use detected values","{""onClick"":""() => props.dispatch({ kind: 'accept-detected', patch: props.detected, useSpindleScaleAsRpm: offerRpm && rpmChoice.checked, })""}","null","[]","null","null","[]","source-inventory-only","[]"
"src/ui/laser/device-setup/DeviceSetupFirmwareStep.tsx:99:9","laser","ComparedFirmware","input-control","Confirm controller backup exported","{""onChange"":""(event) => dispatch({ kind: 'set-firmware-backup-confirmed', confirmed: event.target.checked, })""}","null","[]","Attest that the current settings dump was exported and stored before queueing a write.","null","[""src/ui/laser/device-setup/DeviceSetupFirmwareStep.test.tsx""]","source-inventory-only","[]"
"src/ui/laser/device-setup/DeviceSetupFirmwareStep.tsx:243:9","laser","FirmwareSyncRow","input-control","`Confirm write ${diff.code}`","{""onChange"":""(event) => setConfirmed(event.target.checked)""}","null","[]","`Confirm the exact proposed value ${diff.code}=${diff.desired} before it can be queued.`","null","[""src/ui/laser/device-setup/DeviceSetupFirmwareStep.test.tsx""]","source-inventory-only","[]"
"src/ui/laser/device-setup/DeviceSetupFirmwareStep.tsx:252:7","laser","FirmwareSyncRow","button-component-call","{props.queued ? `Remove queued ${diff.code}` : `Queue ${diff.code} for Save`}","{""onClick"":""toggle""}","!props.queued && !canQueue","[]","null","null","[""src/ui/laser/device-setup/DeviceSetupFirmwareStep.test.tsx""]","source-inventory-only","[]"
"src/ui/laser/device-setup/DeviceSetupIdentifyStep.tsx:175:7","laser","AdvancedConnection","disclosure","Advanced connection and streaming","{}","null","[]","Show or hide controller streaming and receive-window settings.","null","[]","source-inventory-only","[]"
"src/ui/laser/device-setup/DeviceSetupIdentifyStep.tsx:240:7","laser","HostedStreamingRow","input-control","Read the serial port and refill the job stream in a worker","{""onChange"":""(event) => props.update({ workerHostedStreaming: event.target.checked })""}","null","[]","Experimental, untested on hardware. Reads the port and writes job refills off the main thread, so a busy interface cannot delay the controller. A browser that cannot hand the port to a worker keeps the normal transport.","null","[]","source-inventory-only","[]"
"src/ui/laser/device-setup/DeviceSetupIdentifyStep.tsx:255:7","laser","ProfileImport","disclosure","Import or export a machine profile","{}","null","[]","Show or hide machine-profile import and export tools.","null","[]","source-inventory-only","[]"
"src/ui/laser/device-setup/DeviceSetupMachineCapability.tsx:66:7","laser","MachineCapabilityRadio","input-control","`Configure Machine Setup for ${props.label}.`","{""onChange"":""props.onChange""}","null","[]","`Configure Machine Setup for ${props.label}.`","null","[]","source-inventory-only","[]"
"src/ui/laser/device-setup/DeviceSetupOptionsStep.tsx:157:7","laser","OptionSection","disclosure","{props.title} {props.status}","{}","null","[]","`Show or hide ${props.title}. Current: ${props.status}`","null","[""src/ui/laser/device-setup/DeviceSetupMaxFeedInvariant.test.tsx""]","source-inventory-only","[]"
"src/ui/laser/device-setup/DeviceSetupOptionsStep.tsx:162:9","laser","OptionSection","button-component-call","","{}","null","[]","null","null","[""src/ui/laser/device-setup/DeviceSetupMaxFeedInvariant.test.tsx""]","source-inventory-only","[]"
"src/ui/laser/device-setup/DeviceSetupProfilePicker.tsx:122:7","laser","PresetCard","button-component-call","{props.isActive ? 'Selected' : `Use ${profile.name}`}","{""onClick"":""props.onUse""}","props.isActive","[]","buttonTitle","null","[]","source-inventory-only","[]"
"src/ui/laser/device-setup/DeviceSetupRasterDiagnostics.tsx:23:7","laser","DeviceSetupRasterDiagnostics","disclosure","Raster Diagnostics and assisted conversion","{}","null","[]","Show or hide raster diagnostics and assisted scan-offset conversion for this setup draft.","null","[]","source-inventory-only","[]"
"src/ui/laser/device-setup/DeviceSetupRegistrationFields.tsx:43:9","laser","DeviceSetupRegistrationFields","native-button","Configure registration","{""onClick"":""() => props.onChange( registrationDraftFromCurrentSettings(props.machine, props.referenceSettings), )""}","null","[]","Create a separate registration cutting plan from the current default cutter and operation values, ready for review.","null","[""src/ui/laser/device-setup/DeviceSetupRegistrationFields.test.tsx""]","source-inventory-only","[]"
"src/ui/laser/device-setup/DeviceSetupReviewStep.tsx:275:9","laser","ReviewSection","button-component-call","Edit","{""onClick"":""props.onEdit""}","null","[]","null","null","[]","source-inventory-only","[]"
"src/ui/laser/device-setup/DeviceSetupRotaryFields.tsx:20:11","laser","DeviceSetupRotaryFields","input-control","Enable rotary attachment","{""onChange"":""(event) => onChange({ ...value, enabled: event.target.checked })""}","null","[]","Enable rotary output only while the attachment is installed and calibrated.","null","[]","source-inventory-only","[]"
"src/ui/laser/device-setup/DeviceSetupRotaryFields.tsx:53:11","laser","DeviceSetupRotaryFields","input-control","Reverse rotary direction","{""onChange"":""(event) => onChange({ ...value, reverseAxis: event.target.checked })""}","null","[]","Reverse rotary travel only if the calibration test moves in the wrong direction.","null","[]","source-inventory-only","[]"
"src/ui/laser/device-setup/DeviceSetupWizard.tsx:180:9","laser","SetupStepper","native-button","`Go to step ${index + 1}: ${STEP_TITLES[step]}`","{""onClick"":""() => props.dispatch({ kind: 'go', step })""}","null","[]","`Open ${STEP_TITLES[step]}`","null","[""src/ui/laser/device-setup/DeviceSetupWizard.catalog.test.tsx"",""src/ui/laser/device-setup/DeviceSetupWizard.cnc.test.tsx"",""src/ui/laser/device-setup/DeviceSetupWizard.detected-values.test.tsx"",""src/ui/laser/device-setup/DeviceSetupWizard.navigation.test.tsx"",""src/ui/laser/device-setup/DeviceSetupWizard.test.tsx""]","source-inventory-only","[]"
"src/ui/laser/device-setup/DeviceSetupWizard.tsx:209:7","laser","SetupActions","button-component-call","Cancel without saving","{""onClick"":""props.onClose""}","props.saving","[]","null","null","[""src/ui/laser/device-setup/DeviceSetupWizard.catalog.test.tsx"",""src/ui/laser/device-setup/DeviceSetupWizard.cnc.test.tsx"",""src/ui/laser/device-setup/DeviceSetupWizard.detected-values.test.tsx"",""src/ui/laser/device-setup/DeviceSetupWizard.navigation.test.tsx"",""src/ui/laser/device-setup/DeviceSetupWizard.test.tsx""]","source-inventory-only","[]"
"src/ui/laser/device-setup/DeviceSetupWizard.tsx:216:7","laser","SetupActions","button-component-call","Back","{""onClick"":""() => props.dispatch({ kind: 'back' })""}","props.saving || isFirstDeviceSetupStep(props.state.step, props.state.machineKind)","[]","null","null","[""src/ui/laser/device-setup/DeviceSetupWizard.catalog.test.tsx"",""src/ui/laser/device-setup/DeviceSetupWizard.cnc.test.tsx"",""src/ui/laser/device-setup/DeviceSetupWizard.detected-values.test.tsx"",""src/ui/laser/device-setup/DeviceSetupWizard.navigation.test.tsx"",""src/ui/laser/device-setup/DeviceSetupWizard.test.tsx""]","source-inventory-only","[]"
"src/ui/laser/device-setup/DeviceSetupWizard.tsx:224:9","laser","SetupActions","button-component-call","{saveButtonLabel(props.saving, props.firmwareWriteCount, props.state.machineKind)}","{""onClick"":""props.onSave""}","!ready || props.saving","[""finalStep""]","null","null","[""src/ui/laser/device-setup/DeviceSetupWizard.catalog.test.tsx"",""src/ui/laser/device-setup/DeviceSetupWizard.cnc.test.tsx"",""src/ui/laser/device-setup/DeviceSetupWizard.detected-values.test.tsx"",""src/ui/laser/device-setup/DeviceSetupWizard.navigation.test.tsx"",""src/ui/laser/device-setup/DeviceSetupWizard.test.tsx""]","source-inventory-only","[]"
"src/ui/laser/device-setup/DeviceSetupWizard.tsx:236:9","laser","SetupActions","button-component-call","Next","{""onClick"":""() => props.dispatch({ kind: 'next' })""}","!canAdvanceDeviceSetup(props.state)","[""not finalStep""]","null","null","[""src/ui/laser/device-setup/DeviceSetupWizard.catalog.test.tsx"",""src/ui/laser/device-setup/DeviceSetupWizard.cnc.test.tsx"",""src/ui/laser/device-setup/DeviceSetupWizard.detected-values.test.tsx"",""src/ui/laser/device-setup/DeviceSetupWizard.navigation.test.tsx"",""src/ui/laser/device-setup/DeviceSetupWizard.test.tsx""]","source-inventory-only","[]"
"src/ui/laser/job-review/JobReviewCncOwnerActions.tsx:23:7","laser","JobReviewCncOwnerActions","button-component-call","Edit Artwork settings","{""onClick"":""handleEditArtwork""}","null","[]","null","null","[]","source-inventory-only","[]"
"src/ui/laser/job-review/JobReviewCncOwnerActions.tsx:24:7","laser","JobReviewCncOwnerActions","button-component-call","Edit Startup Setup","{""onClick"":""handleEditStartup""}","null","[]","null","null","[]","source-inventory-only","[]"
"src/ui/laser/job-review/JobReviewControllerSection.tsx:30:7","laser","JobReviewControllerSection","disclosure","Controller — {controllerReviewSummary(args)} {facts.length === 0 ? null : ( <span style={detailsSummaryCountStyle}> · {facts.length} fact{facts.length === 1 ? '' : 's'} </span> )}","{}","null","[]","Expand to review the live controller facts: firmware, state, position, WCS, overrides, and the $$ settings read this session.","null","[""src/ui/laser/job-review/JobReviewControllerSection.test.tsx""]","source-inventory-only","[]"
"src/ui/laser/job-review/JobReviewDialog.tsx:90:9","laser","OpenJobReview","button-component-call","Cancel","{""onClick"":""handleCancel""}","null","[]","copy.cancelTitle","null","[""src/ui/laser/job-review/JobReviewDialog.test.tsx""]","source-inventory-only","[]"
"src/ui/laser/job-review/JobReviewDialog.tsx:93:9","laser","OpenJobReview","button-component-call","{copy.confirmLabel}","{""onClick"":""handleConfirm""}","startDisabledReason !== null","[]","startDisabledReason ?? copy.confirmTitle","null","[""src/ui/laser/job-review/JobReviewDialog.test.tsx""]","source-inventory-only","[]"
"src/ui/laser/job-review/JobReviewDialog.tsx:146:7","laser","BlockerBanner","button-component-call","Retry preparation","{""onClick"":""props.onRetry""}","null","[]","null","null","[""src/ui/laser/job-review/JobReviewDialog.test.tsx""]","source-inventory-only","[]"
"src/ui/laser/job-review/JobReviewLayerCells.tsx:112:11","laser","LaserRowCells","input-control","`Air assist for ${props.ariaContext}`","{""onChange"":""(event) => props.onCommit({ airAssist: event.target.checked })""}","null","[]","Toggle air assist for this operation","null","[]","source-inventory-only","[]"
"src/ui/laser/job-review/JobReviewMachineSection.tsx:33:7","laser","JobReviewMachineSection","disclosure","Machine — {project.device.name} · {facts.length} fact {facts.length === 1 ? '' : 's'}","{}","null","[]","Expand to review the machine profile facts: bed, origin, dialect, and the laser or CNC setup this job will run with.","null","[]","source-inventory-only","[]"
"src/ui/laser/job-review/JobReviewSettingsApproval.tsx:30:7","laser","JobReviewSettingsApproval","button-component-call","Approve settings","{""onClick"":""handleApprove""}","null","[]","hasChanges ? 'Approve the changed main settings and refresh the exact job review.' : 'Approve the current main Artwork / Operations settings.'","null","[""src/ui/laser/job-review/JobReviewSettingsApproval.test.tsx""]","source-inventory-only","[]"
"src/ui/laser/job-review/JobReviewWarnings.tsx:21:7","laser","JobReviewWarnings","disclosure","Warnings ( {props.warnings.length} ) {' '} — open to review; none block the start","{}","null","[]","Review every warning for this job. Warnings never block the start.","null","[]","source-inventory-only","[]"
"src/ui/laser/super-console/SuperConsoleDiagnostics.tsx:74:7","laser","DiagnosticSection","disclosure","{SECTION_LABELS[props.section]}","{}","null","[]","`Expand or collapse ${SECTION_LABELS[props.section].toLowerCase()} diagnostics.`","null","[]","source-inventory-only","[]"
"src/ui/laser/super-console/SuperConsoleDialog.tsx:110:11","laser","SuperConsoleToolbar","input-control","group.hint","{""onChange"":""() => props.view.toggleGroup(group.id)""}","null","[]","group.hint","null","[""src/ui/laser/super-console/SuperConsoleDialog.test.tsx""]","source-inventory-only","[]"
"src/ui/laser/super-console/SuperConsoleDialog.tsx:131:9","laser","SuperConsoleToolbar","input-control","Keep the transcript scrolled to the newest visible line.","{""onChange"":""(event) => props.view.setFollowLatest(event.target.checked)""}","null","[]","Keep the transcript scrolled to the newest visible line.","null","[""src/ui/laser/super-console/SuperConsoleDialog.test.tsx""]","source-inventory-only","[]"
"src/ui/laser/super-console/SuperConsoleDialog.tsx:171:7","laser","SuperConsoleActions","native-button","{props.copyState === 'copied' ? 'Copied' : 'Copy visible'}","{""onClick"":""props.onCopy""}","props.visibleCount === 0","[]","Copy the filtered transcript as timestamped tab-separated values.","null","[""src/ui/laser/super-console/SuperConsoleDialog.test.tsx""]","source-inventory-only","[]"
"src/ui/laser/super-console/SuperConsoleDialog.tsx:179:7","laser","SuperConsoleActions","native-button","Close","{""onClick"":""props.onClose""}","null","[]","Close the expanded Super console and return to the workspace.","null","[""src/ui/laser/super-console/SuperConsoleDialog.test.tsx""]","source-inventory-only","[]"
"src/ui/laser/super-console/SuperConsoleLauncher.tsx:11:7","laser","SuperConsoleLauncher","native-button","Super console","{""onClick"":""() => setIsOpen(true)""}","null","[]","Open the expanded console: full history with source and time detail, filters, and search.","null","[""src/ui/laser/super-console/SuperConsoleDialog.test.tsx""]","source-inventory-only","[]"
"src/ui/laser/super-console/SuperConsoleSnapshotCompare.tsx:46:7","laser","SuperConsoleSnapshotCompare","disclosure","Compare two controller snapshots","{}","null","[]","Expand or collapse read-only controller snapshot comparison.","null","[""src/ui/laser/super-console/SuperConsoleSnapshotCompare.test.tsx""]","source-inventory-only","[]"
"src/ui/laser/super-console/SuperConsoleSnapshotCompare.tsx:139:7","laser","SnapshotCaptureControls","native-button","Export current snapshot","{""onClick"":""props.model.exportCurrent""}","props.model.rowsCount === 0","[]","props.model.rowsCount === 0 ? 'Read controller settings before exporting a snapshot.' : 'Export the current read-only controller settings snapshot.'","null","[""src/ui/laser/super-console/SuperConsoleSnapshotCompare.test.tsx""]","source-inventory-only","[]"
"src/ui/laser/super-console/SuperConsoleSnapshotCompare.tsx:195:9","laser","SnapshotSlot","native-button","Load {props.label}","{""onClick"":""props.onLoad""}","null","[]","`Load a controller settings file into snapshot ${props.label}.`","null","[""src/ui/laser/super-console/SuperConsoleSnapshotCompare.test.tsx""]","source-inventory-only","[]"
"src/ui/laser/super-console/SuperConsoleSnapshotCompare.tsx:202:9","laser","SnapshotSlot","native-button","Clear","{""onClick"":""props.onClear""}","props.snapshot === null","[]","props.snapshot === null ? `Snapshot ${props.label} is already empty.` : `Clear snapshot ${props.label} from this comparison.`","null","[""src/ui/laser/super-console/SuperConsoleSnapshotCompare.test.tsx""]","source-inventory-only","[]"
"src/ui/laser/super-console/SuperConsoleSnapshotCompare.tsx:233:11","laser","SnapshotComparisonResults","input-control","Include settings whose values are equivalent in both snapshots.","{""onChange"":""(event) => props.model.setShowEquivalent(event.target.checked)""}","null","[]","Include settings whose values are equivalent in both snapshots.","null","[""src/ui/laser/super-console/SuperConsoleSnapshotCompare.test.tsx""]","source-inventory-only","[]"
"src/ui/layers/AddLayerControls.tsx:33:7","layers","AddLayerControls","native-button","Add layer","{}","null","[]","Create a new cut layer using this color.","null","[]","source-inventory-only","[]"
"src/ui/layers/ArtworkRunOrderRow.tsx:48:5","layers","ArtworkRunOrderRow","other-interactive","`Run ${props.row.position}: ${props.row.name}`","{""onClick"":""props.onFocus""}","null","[]","null","null","[""src/ui/layers/ArtworkRunOrderList.test.tsx""]","source-inventory-only","[""nonsemantic-click-target-review""]"
"src/ui/layers/ArtworkRunOrderRow.tsx:59:9","layers","ArtworkRunOrderRow","other-interactive","Run","{""onClick"":""stopPropagation""}","null","[]","null","null","[""src/ui/layers/ArtworkRunOrderList.test.tsx""]","source-inventory-only","[""nonsemantic-click-target-review""]"
"src/ui/layers/ArtworkRunOrderRow.tsx:69:11","layers","ArtworkRunOrderRow","button-component-call","","{}","null","[]","null","null","[""src/ui/layers/ArtworkRunOrderList.test.tsx""]","source-inventory-only","[]"
"src/ui/layers/ArtworkRunOrderRow.tsx:97:9","layers","ArtworkRunOrderRow","native-button","Edit settings","{""onClick"":""(event) => { event.stopPropagation(); props.onEditSettings(); }""}","null","[]","`Edit settings for ${props.row.name}`","null","[""src/ui/layers/ArtworkRunOrderList.test.tsx""]","source-inventory-only","[]"
"src/ui/layers/ArtworkRunOrderRow.tsx:119:5","layers","RunSelectionButton","native-button","`Select ${props.name}`","{""onClick"":""(event) => { event.stopPropagation(); props.onSelect(); }""}","null","[]","`Select ${props.name} on the canvas`","null","[""src/ui/layers/ArtworkRunOrderList.test.tsx""]","source-inventory-only","[]"
"src/ui/layers/ArtworkRunOrderToolbar.tsx:41:9","layers","CanvasNumberingControls","native-button","Undo last","{""onClick"":""props.onUndoNumbering""}","!props.numbering.canUndo","[]","Undo the most recent canvas run-number assignment","null","[]","source-inventory-only","[]"
"src/ui/layers/ArtworkRunOrderToolbar.tsx:49:9","layers","CanvasNumberingControls","native-button","Done","{""onClick"":""props.onDoneNumbering""}","null","[]","Finish numbering and save it as one undoable change","null","[]","source-inventory-only","[]"
"src/ui/layers/ArtworkRunOrderToolbar.tsx:57:9","layers","CanvasNumberingControls","native-button","Cancel","{""onClick"":""props.onCancelNumbering""}","null","[]","Cancel numbering and restore the original run order","null","[]","source-inventory-only","[]"
"src/ui/layers/ArtworkRunOrderToolbar.tsx:84:7","layers","RunOrderTools","button-component-call","Run order tutorial","{}","null","[]","null","null","[]","source-inventory-only","[]"
"src/ui/layers/ArtworkRunOrderToolbar.tsx:95:9","layers","RunOrderTools","native-button","Number on canvas","{""onClick"":""props.onStartNumbering""}","null","[]","Assign run numbers by clicking artwork on the canvas","null","[]","source-inventory-only","[]"
"src/ui/layers/ArtworkRunOrderToolbar.tsx:119:9","layers","RunOrderTools","native-button","Go","{""onClick"":""props.onJump""}","null","[]","Reveal the entered run number","null","[]","source-inventory-only","[]"
"src/ui/layers/AssignSelectionButton.tsx:10:5","layers","AssignSelectionButton","native-button","`Assign selection to ${layer.color}`","{""onClick"":""() => assignSelectionToLayer(layer.id)""}","!hasSelection","[]","Assign selected artwork to this layer","null","[]","source-inventory-only","[]"
"src/ui/layers/CncFeedPresetRows.tsx:52:9","layers","CncFeedPresetRows","native-button","`Save feeds preset for ${props.layer.color}`","{""onClick"":""() => { if (trimmedName.length === 0) return; saveCncFeedPreset(trimmedName, props.settings); setSaveName(''); }""}","trimmedName.length === 0","[]","Save this layer's feed, plunge, spindle, depth/pass, and stepover under a name.","null","[""src/ui/layers/CncFeedPresetRows.test.tsx""]","source-inventory-only","[]"
"src/ui/layers/CncLayerFields.tsx:59:7","layers","CncLayerFields","button-component-call","Cut type tutorial","{}","null","[]","null","null","[""src/ui/layers/CncLayerFields.clarity.test.tsx"",""src/ui/layers/CncLayerFields.tabs.test.tsx"",""src/ui/layers/CncLayerFields.test.tsx""]","source-inventory-only","[]"
"src/ui/layers/CncLayerFields.tsx:141:11","layers","CutDepthField","input-control","`Flat depth for ${props.layer.color}`","{""onChange"":""(event) => props.onCommit({ vCarveFlatDepthEnabled: event.target.checked })""}","null","[]","Limit the V-carve to a flat floor. Wide areas then require additional clearing paths. Leave off for an ordinary flowing-depth V-carve.","null","[""src/ui/layers/CncLayerFields.clarity.test.tsx"",""src/ui/layers/CncLayerFields.tabs.test.tsx"",""src/ui/layers/CncLayerFields.test.tsx""]","source-inventory-only","[]"
"src/ui/layers/CncLayerFields.tsx:189:11","layers","CutDepthField","native-button","Set to stock thickness ( {props.stockThicknessMm} mm)","{""onClick"":""() => props.onCommit({ depthMm: props.stockThicknessMm })""}","null","[""props.stockThicknessMm > 0""]","Set exactly to the measured stock thickness. Add a verified overcut manually only when the setup needs it.","null","[""src/ui/layers/CncLayerFields.clarity.test.tsx"",""src/ui/layers/CncLayerFields.tabs.test.tsx"",""src/ui/layers/CncLayerFields.test.tsx""]","source-inventory-only","[]"
"src/ui/layers/CncLayerToolFields.tsx:146:9","layers","HelicalEntryRows","input-control","`Helical entry for ${props.layer.color}`","{""onChange"":""(event) => { if (!event.target.checked) { const { helixEntry: _removed, ...rest } = props.settings; props.onCommitSettings(rest); return; } const { rampEntryDeg: _removed, ...rest } = props.settings; props.onCommitSettings({ ...rest, helixEntry: { minDiameterMm: 2, maxDiameterMm: 8, angleDeg: 3 }, }); }""}","null","[]","Descend into offset pockets with native G2/G3 circles instead of plunging. If a pocket roughing bit is assigned, edit Startup Setup > Tool Plan and choose Single bit because the two operations cannot currently compile together.","null","[""src/ui/layers/CncLayerCutDirectionFields.test.tsx"",""src/ui/layers/CncReliefFinishFields.test.tsx""]","source-inventory-only","[]"
"src/ui/layers/CncProfileLeadFields.tsx:69:11","layers","ProfileLeadDimensions","native-button","Use cutter radius ( {props.toolRadius} mm)","{""onClick"":""() => { const { radiusMm: _radius, ...profileLead } = lead; props.onCommit({ profileLead }); }""}","null","[""lead.radiusMm !== undefined""]","Remove the custom lead radius or length and follow the resolved cutter radius.","null","[]","source-inventory-only","[]"
"src/ui/layers/CncRetractPassesField.tsx:24:7","layers","CncRetractPassesField","input-control","`Retract between passes for ${props.layer.color}`","{""onChange"":""(e) => props.onCommit({ retractBetweenPasses: e.target.checked })""}","null","[]","Lift to safe Z and replunge before each pass, instead of stepping the bit straight down in place. Clears chips and gives a clean re-entry — the same motion a pocket uses.","null","[""src/ui/layers/CncRetractPassesField.test.tsx""]","source-inventory-only","[]"
"src/ui/layers/CncTabFields.tsx:20:9","layers","CncTabFields","input-control","`Holding tabs for ${layer.color}`","{""onChange"":""(e) => { onCommit({ tabsEnabled: e.target.checked }); if (!e.target.checked) disarmMatchingTabEditor(layer); }""}","null","[]","Leave small bridges on the deepest passes so cut-out parts stay attached.","null","[]","source-inventory-only","[]"
"src/ui/layers/CncTabFields.tsx:30:9","layers","CncTabFields","button-component-call","Holding tabs","{}","null","[]","null","null","[]","source-inventory-only","[]"
"src/ui/layers/CncTabPositionControls.tsx:44:7","layers","CncTabPositionControls","native-button","Edit positions","{""onClick"":""() => { seedAnchors(tabPathColor, settings.tabsPerShape); setToolMode({ kind: 'cnc-tabs', layerColor: tabPathColor, operationId: layer.id }); fitToSelection(); }""}","!canEdit","[]","canEdit ? 'Show the tabs on the selected contour and drag them to better locations.' : 'Select one unlocked profile object to edit its tab positions.'","null","[]","source-inventory-only","[]"
"src/ui/layers/CncTabPositionControls.tsx:62:9","layers","CncTabPositionControls","native-button","Reset automatic","{""onClick"":""() => { resetAnchors(tabPathColor); useUiStore.getState().resetToolMode(); }""}","null","[""manualCount > 0""]","Discard dragged positions and distribute tabs automatically again.","null","[]","source-inventory-only","[]"
"src/ui/layers/CutSettingsCommonFields.tsx:60:9","layers","MembershipFields","input-control","Show or hide this layer on the workspace without changing output.","{}","null","[]","Show or hide this layer on the workspace without changing output.","null","[]","source-inventory-only","[]"
"src/ui/layers/CutSettingsCommonFields.tsx:69:9","layers","MembershipFields","input-control","Include or exclude this layer when previewing, framing, exporting, or starting jobs.","{}","null","[]","Include or exclude this layer when previewing, framing, exporting, or starting jobs.","null","[]","source-inventory-only","[]"
"src/ui/layers/CutSettingsCommonFields.tsx:133:11","layers","LineModeFields","input-control","Cut settings enable tabs","{}","null","[]","Enable automatic bridge gaps on closed Line cuts.","null","[]","source-inventory-only","[]"
"src/ui/layers/CutSettingsCommonFields.tsx:166:11","layers","LineModeFields","input-control","Cut settings skip inner tabs","{}","null","[]","Leave inner contours and holes whole instead of adding tabs to them.","null","[]","source-inventory-only","[]"
"src/ui/layers/CutSettingsDefaultActions.tsx:12:7","layers","CutSettingsDefaultActions","button-component-call","Make Default","{""onClick"":""props.onMakeDefault""}","null","[]","Remember this layer's settings as the default for this color.","null","[]","source-inventory-only","[]"
"src/ui/layers/CutSettingsDefaultActions.tsx:19:7","layers","CutSettingsDefaultActions","button-component-call","Reset to Default","{""onClick"":""props.onResetToDefault""}","null","[]","Reset this layer to the saved default settings.","null","[]","source-inventory-only","[]"
"src/ui/layers/CutSettingsDefaultActions.tsx:26:7","layers","CutSettingsDefaultActions","button-component-call","Make Default for All","{""onClick"":""props.onMakeDefaultForAll""}","null","[]","Use this layer's settings as the default for all layer colors.","null","[]","source-inventory-only","[]"
"src/ui/layers/CutSettingsDialog.tsx:77:9","layers","CutSettingsDialog","button-component-call","Cancel","{""onClick"":""props.onCancel""}","null","[]","null","null","[""src/ui/layers/CutSettingsDialog.fill-density.test.tsx"",""src/ui/layers/CutSettingsDialog.native-submit.test.tsx"",""src/ui/layers/CutSettingsDialog.tutorial.test.tsx"",""src/ui/layers/LineContourEntryFields.test.tsx""]","source-inventory-only","[]"
"src/ui/layers/CutSettingsDialog.tsx:78:9","layers","CutSettingsDialog","button-component-call","OK","{}","null","[]","null","null","[""src/ui/layers/CutSettingsDialog.fill-density.test.tsx"",""src/ui/layers/CutSettingsDialog.native-submit.test.tsx"",""src/ui/layers/CutSettingsDialog.tutorial.test.tsx"",""src/ui/layers/LineContourEntryFields.test.tsx""]","source-inventory-only","[]"
"src/ui/layers/CutSettingsDialog.tsx:173:11","layers","Header","button-component-call","","{}","null","[]","null","null","[""src/ui/layers/CutSettingsDialog.fill-density.test.tsx"",""src/ui/layers/CutSettingsDialog.native-submit.test.tsx"",""src/ui/layers/CutSettingsDialog.tutorial.test.tsx"",""src/ui/layers/LineContourEntryFields.test.tsx""]","source-inventory-only","[]"
"src/ui/layers/CutSettingsFillFields.tsx:60:9","layers","CutSettingsFillFields","input-control","Scan fill lines in both directions to reduce travel time.","{}","null","[]","Scan fill lines in both directions to reduce travel time.","null","[]","source-inventory-only","[]"
"src/ui/layers/CutSettingsFillFields.tsx:70:9","layers","CutSettingsFillFields","input-control","Cut settings cross-hatch","{""onChange"":""(event) => setFillCrossHatch(event.currentTarget.checked)""}","null","[]","Add a second fill pass at 90 degrees for denser engraving.","null","[]","source-inventory-only","[]"
"src/ui/layers/CutSettingsFillFields.tsx:110:7","layers","ExpertOverrideField","input-control","Allow uncalibrated bidirectional scanning, which can double or blur edges. Profiles requiring verified offsets still use one-way scanning while a saved table is marked pending.","{}","null","[]","Allow uncalibrated bidirectional scanning, which can double or blur edges. Profiles requiring verified offsets still use one-way scanning while a saved table is marked pending.","null","[]","source-inventory-only","[]"
"src/ui/layers/CutSettingsImageFields.tsx:205:7","layers","ImageCheckboxField","input-control","props.title","{}","null","[]","props.title","null","[]","source-inventory-only","[]"
"src/ui/layers/CutsLayersPanel.tsx:61:7","layers","CutsLayersPanel","semantic-control","{activeView === 'materials' ? ( <MaterialLibraryPanel /> ) : activeView === 'run-order' ? ( <ArtworkRunOrderPanel /> ) : ( <LayersView layers={layers} /> )}","{}","null","[]","null","null","[""src/ui/layers/CutsLayersPanel.cut-settings.test.tsx"",""src/ui/layers/CutsLayersPanel.numeric-safety.test.tsx"",""src/ui/layers/CutsLayersPanel.tabs.test.tsx"",""src/ui/layers/CutsLayersPanel.test.tsx"",""src/ui/layers/LayerRow.double-click.test.tsx""]","source-inventory-only","[]"
"src/ui/layers/CutsLayersPanel.tsx:85:5","layers","ViewTabs","semantic-control","Artwork panel view","{}","null","[]","null","null","[""src/ui/layers/CutsLayersPanel.cut-settings.test.tsx"",""src/ui/layers/CutsLayersPanel.numeric-safety.test.tsx"",""src/ui/layers/CutsLayersPanel.tabs.test.tsx"",""src/ui/layers/CutsLayersPanel.test.tsx"",""src/ui/layers/LayerRow.double-click.test.tsx""]","source-inventory-only","[]"
"src/ui/layers/CutsLayersPanel.tsx:124:5","layers","ViewTab","native-button","{props.label}","{""onClick"":""() => props.onSelect(props.view)""}","null","[]","`Show ${props.label.toLowerCase()}`","null","[""src/ui/layers/CutsLayersPanel.cut-settings.test.tsx"",""src/ui/layers/CutsLayersPanel.numeric-safety.test.tsx"",""src/ui/layers/CutsLayersPanel.tabs.test.tsx"",""src/ui/layers/CutsLayersPanel.test.tsx"",""src/ui/layers/LayerRow.double-click.test.tsx""]","source-inventory-only","[]"
"src/ui/layers/DeleteLayerButton.tsx:7:5","layers","DeleteLayerButton","native-button","`Delete operation ${layer.name}`","{""onClick"":""() => deleteLayerAndObjects(layer.id)""}","null","[]","Delete this operation; artwork with no other operation is also removed","null","[]","source-inventory-only","[]"
"src/ui/layers/DogboneRow.tsx:41:9","layers","DogboneRow","button-component-call","Dogbone corners","{}","null","[]","null","null","[]","source-inventory-only","[]"
"src/ui/layers/DogboneRow.tsx:53:9","layers","DogboneRow","native-button","Relieve corners","{""onClick"":""() => dogboneSelection(bitMm)""}","null","[]","Relieve corners sharper than 135° with bit-radius overcuts so square parts seat fully.","null","[]","source-inventory-only","[]"
"src/ui/layers/FeedsCalculatorRow.tsx:73:7","layers","FeedsCalculatorRow","native-button","Apply to layer","{""onClick"":""() => { if (result === null) return; props.onCommitSettings({ ...props.settings, ...result }); }""}","!canApply","[]","Apply machine-aware material starting values, limited by the active profile, CNC spindle ceiling, and connected controller when available.","null","[""src/ui/layers/FeedsCalculatorRow.test.tsx""]","source-inventory-only","[]"
"src/ui/layers/LayerImageFields.tsx:300:5","layers","NegativeImageCheckbox","input-control","`Negative image for ${labelContext}`","{""onChange"":""(event) => commit({ negativeImage: event.target.checked })""}","null","[]","Invert image brightness before engraving this layer.","null","[]","source-inventory-only","[]"
"src/ui/layers/LayerImageFields.tsx:319:5","layers","BidirectionalImageCheckbox","input-control","`Bidirectional image scan for ${labelContext}`","{""onChange"":""(event) => commit({ imageBidirectional: event.target.checked })""}","null","[]","Alternate raster rows in both directions. Turn off while diagnosing scan-offset drift.","null","[]","source-inventory-only","[]"
"src/ui/layers/LayerImageFields.tsx:338:5","layers","PassThroughCheckbox","input-control","`Pass-through image for ${labelContext}`","{""onChange"":""(event) => commit({ passThrough: event.target.checked })""}","null","[]","Use image pixels as-is and skip KerfDesk image adjustment for this layer.","null","[]","source-inventory-only","[]"
"src/ui/layers/LayerOrderControls.tsx:26:7","layers","LayerOrderControls","native-button","`Move ${props.layer.name} up`","{""onClick"":""() => moveLayer(props.layer.id, 'up')""}","!props.canMoveUp","[]","Move operation up","null","[]","source-inventory-only","[]"
"src/ui/layers/LayerOrderControls.tsx:36:7","layers","LayerOrderControls","native-button","`Move ${props.layer.name} down`","{""onClick"":""() => moveLayer(props.layer.id, 'down')""}","!props.canMoveDown","[]","Move operation down","null","[]","source-inventory-only","[]"
"src/ui/layers/LayerRow.tsx:43:7","layers","LayerRow","native-button","`${props.layer.visible ? 'Hide' : 'Show'} operation ${props.layer.name}`","{""onClick"":""() => setLayerParam(props.layer.id, { visible: !props.layer.visible })""}","null","[]","`${props.layer.visible ? 'Hide' : 'Show'} this operation on the workspace`","null","[""src/ui/layers/LayerRow.accessibility.test.tsx"",""src/ui/layers/LayerRow.double-click.test.tsx""]","source-inventory-only","[]"
"src/ui/layers/LayerRow.tsx:66:7","layers","OperationManagement","disclosure","`More controls for ${props.layer.name}`","{""onKeyDown"":""(event) => { if (event.key === 'Enter' || event.key === ' ') event.stopPropagation(); }""}","null","[]","Operation order, output, clipboard and delete controls","null","[""src/ui/layers/LayerRow.accessibility.test.tsx"",""src/ui/layers/LayerRow.double-click.test.tsx""]","source-inventory-only","[]"
"src/ui/layers/LayerRow.tsx:79:13","layers","OperationManagement","input-control","`Show ${props.layer.name}`","{""onChange"":""(event) => setLayerParam(props.layer.id, { visible: event.target.checked })""}","null","[]","Show or hide this operation on the workspace","null","[""src/ui/layers/LayerRow.accessibility.test.tsx"",""src/ui/layers/LayerRow.double-click.test.tsx""]","source-inventory-only","[]"
"src/ui/layers/LayerRow.tsx:89:13","layers","OperationManagement","input-control","`Output ${props.layer.name}`","{""onChange"":""(event) => setLayerParam(props.layer.id, { output: event.target.checked })""}","null","[]","Include this operation in preview and machine output","null","[""src/ui/layers/LayerRow.accessibility.test.tsx"",""src/ui/layers/LayerRow.double-click.test.tsx""]","source-inventory-only","[]"
"src/ui/layers/LayerRow.tsx:100:11","layers","OperationManagement","button-component-call","","{}","null","[]","null","null","[""src/ui/layers/LayerRow.accessibility.test.tsx"",""src/ui/layers/LayerRow.double-click.test.tsx""]","source-inventory-only","[]"
"src/ui/layers/LayerRow.tsx:102:11","layers","OperationManagement","button-component-call","","{}","null","[]","null","null","[""src/ui/layers/LayerRow.accessibility.test.tsx"",""src/ui/layers/LayerRow.double-click.test.tsx""]","source-inventory-only","[]"
"src/ui/layers/LayerRow.tsx:117:5","layers","OperationActivation","native-button","`Activate operation ${props.layer.name}`","{""onClick"":""props.onActivate""}","null","[]","`Make ${props.layer.name} the active drawing operation`","null","[""src/ui/layers/LayerRow.accessibility.test.tsx"",""src/ui/layers/LayerRow.double-click.test.tsx""]","source-inventory-only","[]"
"src/ui/layers/LayerRowFields.tsx:145:5","layers","BidirectionalInput","input-control","`Bidirectional fill for ${targetAriaContext(layer, operationTarget)}`","{""onChange"":""(e) => operationTarget.commit({ fillBidirectional: e.target.checked })""}","null","[]","Scan alternating fill lines in both directions to reduce travel time.","null","[""src/ui/layers/LineContourEntryFields.test.tsx""]","source-inventory-only","[]"
"src/ui/layers/LayerSettingsClipboardButtons.tsx:10:7","layers","LayerSettingsClipboardButtons","native-button","`Copy settings from ${layer.color}`","{""onClick"":""() => copyLayerSettings(layer.id)""}","null","[]","Copy this layer's settings","null","[]","source-inventory-only","[]"
"src/ui/layers/LayerSettingsClipboardButtons.tsx:18:7","layers","LayerSettingsClipboardButtons","native-button","`Paste settings to ${layer.color}`","{""onClick"":""() => pasteLayerSettings(layer.id)""}","!canPaste","[]","Paste copied settings onto this layer","null","[]","source-inventory-only","[]"
"src/ui/layers/LayerSubLayers.tsx:60:9","layers","LayerSubLayers","native-button","`Add sub-layer for ${layer.color}`","{""onClick"":""() => addLayerSubLayer(layer.id)""}","null","[]","Add another operation that runs after this layer's primary operation.","null","[]","source-inventory-only","[]"
"src/ui/layers/LayerSubLayers.tsx:88:7","layers","LayerSubLayerRow","input-control","`Enable ${subLayer.label} for ${layer.color}`","{""onChange"":""(event) => updateLayerSubLayer(layer.id, subLayer.id, { enabled: event.target.checked })""}","null","[]","Include this sub-layer operation in output.","null","[]","source-inventory-only","[]"
"src/ui/layers/LayerSubLayers.tsx:102:7","layers","LayerSubLayerRow","native-button","`Edit ${subLayer.label} for ${layer.color}`","{""onClick"":""() => setSettingsOpen(true)""}","null","[]","Open advanced cut settings for this sub-layer.","null","[]","source-inventory-only","[]"
"src/ui/layers/LayerSubLayers.tsx:110:7","layers","LayerSubLayerRow","native-button","`Delete ${subLayer.label} for ${layer.color}`","{""onClick"":""() => deleteLayerSubLayer(layer.id, subLayer.id)""}","null","[]","Delete this sub-layer operation.","null","[]","source-inventory-only","[]"
"src/ui/layers/MaterialLibraryPanel.tsx:53:9","layers","EmptyMaterialLibraryPanel","button-component-call","Create new material library","{""onClick"":""() => createLibrary(`${device.name} Library`)""}","null","[]","Create a new, empty material library for the current device profile.","null","[""src/ui/layers/MaterialLibraryPanel.management.test.tsx"",""src/ui/layers/MaterialLibraryPanel.test.tsx""]","source-inventory-only","[]"
"src/ui/layers/MaterialLibraryPanel.tsx:61:11","layers","EmptyMaterialLibraryPanel","button-component-call","Create starter material library for the selected device","{""onClick"":""() => setMaterialLibrary(buildStarterLibrary(starterEntry.profile, starterEntry.presets))""}","null","[""starterEntry !== null""]","`Create a starter library for ${starterEntry.profile.name}. Researched starting points, not guaranteed burn settings.`","null","[""src/ui/layers/MaterialLibraryPanel.management.test.tsx"",""src/ui/layers/MaterialLibraryPanel.test.tsx""]","source-inventory-only","[]"
"src/ui/layers/MaterialLibraryPanel.tsx:157:7","layers","LinkedMaterialRefresh","button-component-call","Refresh linked material preset","{""onClick"":""props.onRefresh""}","!sourceAvailable","[]","sourceAvailable ? 'Explicitly copy the current linked preset revision onto this layer.' : 'Reload the linked material library or restore the missing preset before refreshing.'","null","[""src/ui/layers/MaterialLibraryPanel.management.test.tsx"",""src/ui/layers/MaterialLibraryPanel.test.tsx""]","source-inventory-only","[]"
"src/ui/layers/MaterialLibraryPanel.tsx:235:9","layers","Header","button-component-call","Material library","{}","null","[]","null","null","[""src/ui/layers/MaterialLibraryPanel.management.test.tsx"",""src/ui/layers/MaterialLibraryPanel.test.tsx""]","source-inventory-only","[]"
"src/ui/layers/MaterialLibraryPanel.tsx:237:7","layers","Header","button-component-call","","{}","null","[]","null","null","[""src/ui/layers/MaterialLibraryPanel.management.test.tsx"",""src/ui/layers/MaterialLibraryPanel.test.tsx""]","source-inventory-only","[]"
"src/ui/layers/MaterialLibraryRecipeControls.tsx:25:9","layers","MaterialLibraryRecipeControls","button-component-call","Apply selected material preset to layer","{""onClick"":""() => { props.onStatus(props.onAssign() ? 'Applied to layer.' : 'Preset was not applied.'); }""}","applyDisabled","[]","Apply the selected material preset to the selected layer.","null","[]","source-inventory-only","[]"
"src/ui/layers/MaterialLibraryRecipeControls.tsx:35:9","layers","MaterialLibraryRecipeControls","button-component-call","Link selected material preset to layer","{""onClick"":""() => props.onStatus(props.onLink() ? 'Linked preset to layer.' : 'Preset was not linked.')""}","applyDisabled","[]","Link this layer to the preset while keeping a last-known settings snapshot.","null","[]","source-inventory-only","[]"
"src/ui/layers/MaterialLibraryRecipeControls.tsx:45:9","layers","MaterialLibraryRecipeControls","button-component-call","Delete selected material preset","{""onClick"":""() => { if (props.activePresetOption === null) return; const label = presetDeleteLabel(props.activePresetOption); if (!jobAwareConfirm(`Delete preset \""${label}\""?`)) { props.onStatus('Delete cancelled.'); return; } props.onStatus(props.onDelete() ? 'Preset deleted.' : 'Preset was not deleted.'); }""}","deleteDisabled","[]","Delete the selected preset from this material library.","null","[]","source-inventory-only","[]"
"src/ui/layers/OffsetPathsRow.tsx:33:9","layers","OffsetPathsRow","button-component-call","Offset paths","{}","null","[]","null","null","[]","source-inventory-only","[]"
"src/ui/layers/OffsetPathsRow.tsx:45:9","layers","OffsetPathsRow","native-button","Outward","{""onClick"":""() => offsetSelection(distanceMm)""}","null","[]","Add a new path outside the selected shapes at this distance.","null","[]","source-inventory-only","[]"
"src/ui/layers/OffsetPathsRow.tsx:52:9","layers","OffsetPathsRow","native-button","Inward","{""onClick"":""() => offsetSelection(-distanceMm)""}","null","[]","Add a new path inside the selected shapes at this distance.","null","[]","source-inventory-only","[]"
"src/ui/layers/SelectLayerObjectsButton.tsx:7:5","layers","SelectLayerObjectsButton","native-button","`Select all artwork using ${layer.name}`","{""onClick"":""() => selectObjectsOnLayer(layer.id)""}","null","[]","Select all artwork using this operation","null","[]","source-inventory-only","[]"
"src/ui/layers/SelectedImageAdjustments.tsx:15:7","layers","SelectedImageAdjustments","button-component-call","","{}","null","[]","null","null","[]","source-inventory-only","[]"
"src/ui/layers/SelectedImageAdjustments.tsx:52:5","layers","EditImageButton","native-button","Edit Image…","{""onClick"":""() => openEditor(props.image)""}","null","[]","Open the Image Studio: paint, erase, and edit selected areas of this image.","null","[]","source-inventory-only","[]"
"src/ui/layers/SelectedLaserOperationFields.tsx:16:5","layers","ProcessTutorial","button-component-call","Process tutorial","{}","null","[]","null","null","[]","source-inventory-only","[]"
"src/ui/layers/SelectedLaserOperationFields.tsx:67:9","layers","LaserOperationFields","input-control","Air assist for selected operation","{""onChange"":""(event) => commit({ airAssist: event.target.checked })""}","null","[]","Turn job-controlled air assist on for this operation","null","[]","source-inventory-only","[]"
"src/ui/layers/SelectedLaserOperationFields.tsx:76:7","layers","LaserOperationFields","native-button","Advanced cut settings","{""onClick"":""openSettings""}","cutSettingsBlocked","[]","Open advanced laser operation settings","null","[]","source-inventory-only","[]"
"src/ui/layers/SelectedOperationInspector.tsx:51:9","layers","SelectedOperationInspector","native-button","Use one operation for selection","{""onClick"":""() => assignOperation(objectIds, active.id)""}","null","[]","Assign one shared operation and its settings to every selected artwork","null","[""src/ui/layers/SelectedOperationInspector.mixed.test.tsx"",""src/ui/layers/SelectedOperationInspector.name.test.tsx"",""src/ui/layers/SelectedOperationInspector.ownership.test.tsx""]","source-inventory-only","[]"
"src/ui/layers/SelectedOperationInspector.tsx:180:9","layers","OperationContextActions","native-button","Make unique","{""onClick"":""props.onMakeUnique""}","null","[""props.affected > props.selectedUsingActive""]","Give only the selected artwork a copy of these operation settings","null","[""src/ui/layers/SelectedOperationInspector.mixed.test.tsx"",""src/ui/layers/SelectedOperationInspector.name.test.tsx"",""src/ui/layers/SelectedOperationInspector.ownership.test.tsx""]","source-inventory-only","[]"
"src/ui/layers/SelectedOperationInspector.tsx:188:7","layers","OperationContextActions","native-button","Add operation","{""onClick"":""props.onAdd""}","null","[]","Add another process operation to the selected artwork","null","[""src/ui/layers/SelectedOperationInspector.mixed.test.tsx"",""src/ui/layers/SelectedOperationInspector.name.test.tsx"",""src/ui/layers/SelectedOperationInspector.ownership.test.tsx""]","source-inventory-only","[]"
"src/ui/layers/SelectedOperationInspector.tsx:207:9","layers","OperationToggles","input-control","`Show ${props.operation.name}`","{""onChange"":""(event) => setLayerParam(props.operation.id, { visible: event.target.checked })""}","null","[]","Show or hide this operation on the workspace","null","[""src/ui/layers/SelectedOperationInspector.mixed.test.tsx"",""src/ui/layers/SelectedOperationInspector.name.test.tsx"",""src/ui/layers/SelectedOperationInspector.ownership.test.tsx""]","source-inventory-only","[]"
"src/ui/layers/SelectedOperationInspector.tsx:217:9","layers","OperationToggles","input-control","`Output ${props.operation.name}`","{""onChange"":""(event) => setLayerParam(props.operation.id, { output: event.target.checked })""}","null","[]","Include this operation in preview and machine output","null","[""src/ui/layers/SelectedOperationInspector.mixed.test.tsx"",""src/ui/layers/SelectedOperationInspector.name.test.tsx"",""src/ui/layers/SelectedOperationInspector.ownership.test.tsx""]","source-inventory-only","[]"
"src/ui/layers/SelectedReliefProperties.tsx:38:7","layers","ReliefHeading","button-component-call","Relief","{}","null","[]","null","null","[""src/ui/layers/ReliefInputLevelsControl.test.tsx"",""src/ui/layers/ReliefMaskThresholdControl.test.tsx"",""src/ui/layers/ReliefPlanningWidthDisclosure.test.tsx"",""src/ui/layers/ReliefRecordedSourceDetails.test.tsx"",""src/ui/layers/ReliefSourceMeaning.test.tsx"",""src/ui/layers/SelectedReliefGammaProperties.test.tsx"",""src/ui/layers/SelectedReliefProperties.test.tsx""]","source-inventory-only","[]"
"src/ui/layers/SelectedReliefProperties.tsx:67:7","layers","SelectedReliefProperties","native-button","View 3D…","{""onClick"":""() => setViewerOpen(true)""}","null","[]","Open the real-time 3D view of this relief (ADR-102).","null","[""src/ui/layers/ReliefInputLevelsControl.test.tsx"",""src/ui/layers/ReliefMaskThresholdControl.test.tsx"",""src/ui/layers/ReliefPlanningWidthDisclosure.test.tsx"",""src/ui/layers/ReliefRecordedSourceDetails.test.tsx"",""src/ui/layers/ReliefSourceMeaning.test.tsx"",""src/ui/layers/SelectedReliefGammaProperties.test.tsx"",""src/ui/layers/SelectedReliefProperties.test.tsx""]","source-inventory-only","[]"
"src/ui/layers/SelectedSourceReimportControl.tsx:20:7","layers","SelectedSourceReimportControl","native-button","Re-import selected source…","{""onClick"":""() => void handleReimportSelectedArtwork({ platform, target, getProjectDocumentEpoch: () => useStore.getState().projectDocumentEpoch, getTargetObject: () => useStore .getState() .project.scene.objects.find((candidate) => candidate.id === target.id), reimportObject, pushToast, })""}","null","[]","Replace only this selected source-aware object; a fresh import always appends a new object.","null","[]","source-inventory-only","[]"
"src/ui/layers/SetupOwnedValueRow.tsx:19:7","layers","SetupOwnedValueRow","native-button","`${props.label}: ${props.value}. Managed in Startup Setup.`","{""onClick"":""() => setIsExpanded((current) => !current)""}","null","[]","Read-only here. Select to learn more or edit it in Startup Setup.","null","[""src/ui/layers/SetupOwnedValueRow.test.tsx""]","source-inventory-only","[]"
"src/ui/layers/SetupOwnedValueRow.tsx:38:13","layers","SetupOwnedValueRow","native-button","Close","{""onClick"":""() => setIsExpanded(false)""}","null","[""isExpanded""]","Close this setup-value explanation.","null","[""src/ui/layers/SetupOwnedValueRow.test.tsx""]","source-inventory-only","[]"
"src/ui/layers/SetupOwnedValueRow.tsx:45:13","layers","SetupOwnedValueRow","native-button","Edit in Startup Setup","{""onClick"":""handleEdit""}","null","[""isExpanded""]","`Open Startup Setup at ${props.label}.`","null","[""src/ui/layers/SetupOwnedValueRow.test.tsx""]","source-inventory-only","[]"
"src/ui/library/DesignLibraryControls.tsx:50:9","library","CollectionRail","button-component-call","All designs","{""onClick"":""() => props.updateFilter('category', 'all')""}","null","[]","null","null","[]","source-inventory-only","[]"
"src/ui/library/DesignLibraryControls.tsx:57:11","library","CollectionRail","button-component-call","category","{""onClick"":""() => props.updateFilter('category', category)""}","null","[]","null","null","[]","source-inventory-only","[]"
"src/ui/library/DesignLibraryControls.tsx:77:5","library","CollectionButton","native-button","{props.label} {props.count}","{""onClick"":""props.onClick""}","null","[]","`Show ${props.label.toLowerCase()}.`","null","[]","source-inventory-only","[]"
"src/ui/library/DesignLibraryControls.tsx:115:11","library","LibraryToolbar","native-button","Clear search","{""onClick"":""() => props.updateFilter('search', '')""}","null","[""hasQuery""]","Clear the Library search.","null","[]","source-inventory-only","[]"
"src/ui/library/DesignLibraryControls.tsx:124:9","library","LibraryToolbar","native-button","activeCount === 0 ? 'Filters' : `Filters, ${activeCount} active`","{""onClick"":""() => props.setFiltersOpen(!props.filtersOpen)""}","null","[]","props.filtersOpen ? 'Hide Library filters.' : 'Show Library filters.'","null","[]","source-inventory-only","[]"
"src/ui/library/DesignLibraryControls.tsx:198:7","library","FilterPanel","native-button","Clear all filters","{""onClick"":""props.clearFilters""}","null","[]","Reset all Library filters.","null","[]","source-inventory-only","[]"
"src/ui/library/DesignLibraryDetails.tsx:43:7","library","DesignLibraryDetails","button-component-call","","{}","null","[]","null","null","[]","source-inventory-only","[]"
"src/ui/library/DesignLibraryDetails.tsx:79:9","library","DesignLibraryDetails","button-component-call","{props.addingId === entry.id ? 'Adding to canvas...' : 'Add to canvas'}","{""onClick"":""() => props.onAdd(entry)""}","props.addingId !== undefined","[]","null","null","[]","source-inventory-only","[]"
"src/ui/library/DesignLibraryDetails.tsx:122:5","library","ReturnToResultsButton","native-button","← Back to designs","{""onClick"":""() => props.onReturn(props.entry)""}","null","[]","Return focus to the selected design card.","null","[]","source-inventory-only","[]"
"src/ui/library/DesignLibraryDetails.tsx:158:9","library","ProvenanceLinks","link","View source","{}","null","[""not provenance.sourceUrl === undefined""]","null","null","[]","source-inventory-only","[]"
"src/ui/library/DesignLibraryDetails.tsx:163:9","library","ProvenanceLinks","link","License terms","{}","null","[""not provenance.licenseUrl === undefined""]","null","null","[]","source-inventory-only","[]"
"src/ui/library/DesignLibraryDialog.tsx:62:9","library","OpenDesignLibraryDialog","button-component-call","Close Design Library","{""onClick"":""close""}","null","[]","null","null","[""src/ui/library/DesignLibraryDialog.test.tsx""]","source-inventory-only","[]"
"src/ui/library/DesignLibraryGrid.tsx:51:7","library","LibraryCard","native-button","`View details for ${entry.title}${sourceSuffix}`","{""onClick"":""props.onSelect""}","null","[]","`Inspect ${entry.title}${sourceSuffix}.`","null","[]","source-inventory-only","[]"
"src/ui/library/DesignLibraryGrid.tsx:74:7","library","LibraryCard","native-button","props.adding ? `Adding ${entry.title}${sourceSuffix} to canvas` : `Add ${entry.title}${sourceSuffix} to canvas`","{""onClick"":""props.onAdd""}","props.addDisabled","[]","props.adding ? `Adding ${entry.title}.` : `Add ${entry.title} to the canvas.`","null","[]","source-inventory-only","[]"
"src/ui/library/DesignLibraryGrid.tsx:101:7","library","EmptyLibraryState","native-button","Clear filters","{""onClick"":""props.clearFilters""}","null","[]","Reset the Library search, collection, and filters.","null","[]","source-inventory-only","[]"
"src/ui/machine/AddCncBitForm.tsx:96:7","machine","AddCncBitForm","native-button","Add bit","{""onClick"":""handleAdd""}","null","[]","Add the custom bit.","null","[""src/ui/machine/AddCncBitForm.test.tsx"",""src/ui/machine/CncToolPicture.test.tsx""]","source-inventory-only","[]"
"src/ui/machine/CncBitCatalogPanel.tsx:166:9","machine","ModeledCatalogRow","native-button","`Add ${entry.tool.name} from catalog`","{""onClick"":""props.onAdd""}","null","[""not props.availability === 'saved'"",""not props.availability === 'built-in'""]","Copy this modeled cutter into the saved custom-bit library.","null","[""src/ui/machine/CncBitCatalogPanel.test.tsx"",""src/ui/machine/CncToolPicture.test.tsx""]","source-inventory-only","[]"
"src/ui/machine/CncBitCatalogPanel.tsx:203:7","machine","SourceReference","disclosure","{label}","{}","null","[]","Show the primary manufacturer source URL.","null","[""src/ui/machine/CncBitCatalogPanel.test.tsx"",""src/ui/machine/CncToolPicture.test.tsx""]","source-inventory-only","[]"
"src/ui/machine/CncDetectedSettingsRow.tsx:44:7","machine","CncDetectedSettingsRow","native-button","Apply","{""onClick"":""handleApply""}","apply === null","[]","Copy configured travel and any explicitly selected spindle RPM mapping.","null","[""src/ui/machine/CncDetectedSettingsRow.test.tsx""]","source-inventory-only","[]"
"src/ui/machine/CncLibraryPanels.tsx:119:9","machine","CncToolManagerRow","native-button","`Delete bit ${props.tool.name}`","{""onClick"":""props.onDelete""}","null","[""props.custom""]","props.draftControlled ? 'Remove this custom bit from the saved library and stage its Tool Plan assignments to use their defaults. The project changes on final Save.' : 'Remove this custom bit. Primary and secondary assignments fall back to the active bit.'","null","[""src/ui/machine/CncLibraryPanels.test.tsx""]","source-inventory-only","[]"
"src/ui/machine/CncToolPicture.tsx:19:7","machine","CncToolPicture","disclosure","{open ? 'Hide picture' : 'Show picture'} : {props.label ?? picture.label}","{}","null","[]","open ? 'Hide the reference picture for this bit.' : 'Show a generic reference picture of this bit shape, with what it is good for.'","null","[""src/ui/machine/CncToolPicture.test.tsx""]","source-inventory-only","[]"
"src/ui/machine/MachineModeToggle.tsx:24:7","machine","MachineModeToggle","button-component-call","Laser","{}","null","[]","Laser cutter/engraver mode: layers carry power, speed, and passes.","null","[""src/ui/machine/MachineModeToggle.hybrid.test.tsx""]","source-inventory-only","[]"
"src/ui/machine/MachineModeToggle.tsx:32:7","machine","MachineModeToggle","button-component-call","CNC","{}","null","[]","CNC router mode: layers carry cut type, depth, and feeds; G-code drives the spindle and Z axis.","null","[""src/ui/machine/MachineModeToggle.hybrid.test.tsx""]","source-inventory-only","[]"
"src/ui/machine/MachineModeToggle.tsx:56:5","machine","SegButton","native-button","{props.label}","{""onClick"":""props.onSelect""}","null","[]","title","null","[""src/ui/machine/MachineModeToggle.hybrid.test.tsx""]","source-inventory-only","[]"
"src/ui/machine/SpindleScaleChoice.tsx:9:7","machine","SpindleScaleChoice","input-control","Use S maximum as spindle RPM","{""onChange"":""(event) => props.onChange(event.target.checked)""}","null","[]","Copy the configured S maximum as spindle RPM only when your spindle configuration maps S values directly to RPM.","null","[]","source-inventory-only","[]"
"src/ui/machine/SurfacingPanel.tsx:77:7","machine","SurfacingPanel","native-button","Save surfacing G-code…","{""onClick"":""save""}","null","[]","Generate the facing G-code with the active bit and save it as a standalone .nc file.","null","[""src/ui/machine/SurfacingPanel.test.tsx""]","source-inventory-only","[]"
"src/ui/machine/SurfacingPanel.tsx:92:13","machine","SurfacingPanel","native-button","Cancel surfacing save","{""onClick"":""cancel""}","null","[""phase !== 'finalizing'"",""phase !== null""]","cancelSaveTitle","null","[""src/ui/machine/SurfacingPanel.test.tsx""]","source-inventory-only","[]"
"src/ui/material-library/SavedLibrariesButton.tsx:12:7","material-library","SavedLibrariesButton","button-component-call","Open saved libraries","{""onClick"":""() => setOpen(true)""}","null","[]","Browse, open, and manage your saved material libraries.","null","[]","source-inventory-only","[]"
"src/ui/material-library/SavedLibrariesDialog.tsx:56:9","material-library","SavedLibrariesDialog","button-component-call","New library","{""onClick"":""() => createLibrary(`${device.name} Library`)""}","null","[]","Create a new, empty material library.","null","[""src/ui/material-library/SavedLibrariesDialog.test.tsx""]","source-inventory-only","[]"
"src/ui/material-library/SavedLibrariesDialog.tsx:64:9","material-library","SavedLibrariesDialog","button-component-call","Import library","{""onClick"":""() => { void handleOpenMaterialLibrary({ platform, setMaterialLibrary, pushToast }); }""}","null","[]","Import a material library from a file.","null","[""src/ui/material-library/SavedLibrariesDialog.test.tsx""]","source-inventory-only","[]"
"src/ui/material-library/SavedLibrariesDialog.tsx:73:9","material-library","SavedLibrariesDialog","button-component-call","","{}","null","[]","null","null","[""src/ui/material-library/SavedLibrariesDialog.test.tsx""]","source-inventory-only","[]"
"src/ui/material-library/SavedLibrariesDialog.tsx:101:9","material-library","SavedLibrariesDialog","button-component-call","Close","{""onClick"":""props.onClose""}","null","[]","null","null","[""src/ui/material-library/SavedLibrariesDialog.test.tsx""]","source-inventory-only","[]"
"src/ui/material-library/SavedLibrariesDialog.tsx:113:5","material-library","ClbImportButton","button-component-call","Import LightBurn CLB","{""onClick"":""() => void handleImportClbMaterialLibrary(props)""}","null","[]","Import presets from a LightBurn .clb file. This does not write CLB files.","null","[""src/ui/material-library/SavedLibrariesDialog.test.tsx""]","source-inventory-only","[]"
"src/ui/material-library/SavedLibraryRow.tsx:71:9","material-library","RenameRow","button-component-call","`Save name for ${props.summary.name}`","{""onClick"":""props.onSave""}","null","[]","Save the new name.","null","[]","source-inventory-only","[]"
"src/ui/material-library/SavedLibraryRow.tsx:79:9","material-library","RenameRow","button-component-call","`Cancel renaming ${props.summary.name}`","{""onClick"":""props.onCancel""}","null","[]","Cancel renaming.","null","[]","source-inventory-only","[]"
"src/ui/material-library/SavedLibraryRow.tsx:110:9","material-library","DisplayRow","button-component-call","`Open ${summary.name}`","{""onClick"":""props.onOpen""}","summary.isActive","[]","Make this the active library.","null","[]","source-inventory-only","[]"
"src/ui/material-library/SavedLibraryRow.tsx:119:9","material-library","DisplayRow","button-component-call","`Rename ${summary.name}`","{""onClick"":""props.onStartRename""}","null","[]","Rename this library.","null","[]","source-inventory-only","[]"
"src/ui/material-library/SavedLibraryRow.tsx:126:9","material-library","DisplayRow","button-component-call","`Duplicate ${summary.name}`","{""onClick"":""props.onDuplicate""}","null","[]","Make a copy of this library.","null","[]","source-inventory-only","[]"
"src/ui/material-library/SavedLibraryRow.tsx:133:9","material-library","DisplayRow","button-component-call","`Export ${summary.name}`","{""onClick"":""props.onExport""}","null","[]","Save this library to a file.","null","[]","source-inventory-only","[]"
"src/ui/material-library/SavedLibraryRow.tsx:140:9","material-library","DisplayRow","button-component-call","`Delete ${summary.name}`","{""onClick"":""props.onDelete""}","null","[]","Delete this library.","null","[]","source-inventory-only","[]"
"src/ui/material-library/wizard/MaterialPresetWizard.tsx:84:11","material-library","MaterialPresetWizard","button-component-call","","{}","null","[]","null","null","[""src/ui/material-library/wizard/MaterialPresetWizard.roundtrip.test.tsx"",""src/ui/material-library/wizard/MaterialPresetWizard.test.tsx""]","source-inventory-only","[]"
"src/ui/material-library/wizard/MaterialPresetWizard.tsx:98:11","material-library","MaterialPresetWizard","button-component-call","Back","{""onClick"":""() => dispatch({ kind: 'back' })""}","null","[""not state.step === 'identity'""]","null","null","[""src/ui/material-library/wizard/MaterialPresetWizard.roundtrip.test.tsx"",""src/ui/material-library/wizard/MaterialPresetWizard.test.tsx""]","source-inventory-only","[]"
"src/ui/material-library/wizard/MaterialPresetWizard.tsx:100:9","material-library","MaterialPresetWizard","button-component-call","Cancel","{""onClick"":""props.onClose""}","null","[]","null","null","[""src/ui/material-library/wizard/MaterialPresetWizard.roundtrip.test.tsx"",""src/ui/material-library/wizard/MaterialPresetWizard.test.tsx""]","source-inventory-only","[]"
"src/ui/material-library/wizard/MaterialPresetWizard.tsx:101:9","material-library","MaterialPresetWizard","button-component-call","{state.step === 'review' ? 'Save' : 'Next'}","{}","nextDisabled","[]","null","null","[""src/ui/material-library/wizard/MaterialPresetWizard.roundtrip.test.tsx"",""src/ui/material-library/wizard/MaterialPresetWizard.test.tsx""]","source-inventory-only","[]"
"src/ui/material-library/wizard/MaterialPresetWizardLauncher.tsx:19:9","material-library","MaterialPresetWizardLauncher","button-component-call","New material preset","{""onClick"":""() => { setEditing(null); setOpen(true); }""}","null","[]","Create a new material preset step by step.","null","[]","source-inventory-only","[]"
"src/ui/material-library/wizard/MaterialPresetWizardLauncher.tsx:29:9","material-library","MaterialPresetWizardLauncher","button-component-call","Edit selected material preset","{""onClick"":""() => { setEditing(props.selectedPreset); setOpen(true); }""}","props.selectedPreset === null","[]","Edit the selected material preset step by step.","null","[]","source-inventory-only","[]"
"src/ui/material-library/wizard/WizardCutSettingsStep.tsx:48:9","material-library","WizardCutSettingsStep","input-control","Recipe uses air assist","{}","null","[]","Store air-assist intent in this material preset. Applying the preset turns on Job Air for the layer.","null","[]","source-inventory-only","[]"
"src/ui/material-library/wizard/WizardDetailsStep.tsx:61:9","material-library","LineDetailFields","input-control","Enable tabs","{}","null","[]","Leave small uncut bridges so parts stay attached until removed.","null","[]","source-inventory-only","[]"
"src/ui/material-library/wizard/WizardDetailsStep.tsx:91:9","material-library","LineDetailFields","input-control","Skip inner shapes","{}","null","[]","Leave inner contours and holes whole instead of adding tabs to them.","null","[]","source-inventory-only","[]"
"src/ui/material-library/wizard/WizardIdentityStep.tsx:53:9","material-library","TypeRadios","input-control","Has thickness","{""onChange"":""() => onChange({ ...identity, thicknessMode: 'thickness' })""}","null","[]","Group this preset by material thickness.","null","[]","source-inventory-only","[]"
"src/ui/material-library/wizard/WizardIdentityStep.tsx:64:9","material-library","TypeRadios","input-control","Surface, no thickness","{""onChange"":""() => onChange({ ...identity, thicknessMode: 'surface' })""}","null","[]","Group this preset as a surface operation with no thickness.","null","[]","source-inventory-only","[]"
"src/ui/raster/AdjustImageDialog.fields.tsx:246:7","raster","CheckboxField","input-control","checkboxFieldTitle(props.name, props.label)","{""onChange"":""(event) => props.onChange(event.target.checked)""}","null","[]","checkboxFieldTitle(props.name, props.label)","null","[]","source-inventory-only","[]"
"src/ui/raster/AdjustImageDialog.presets.tsx:56:9","raster","PresetField","native-button","Save","{""onClick"":""props.onSave""}","null","[]","Save the current image adjustment settings as a reusable preset.","null","[]","source-inventory-only","[]"
"src/ui/raster/AdjustImageDialog.presets.tsx:64:9","raster","PresetField","native-button","Delete","{""onClick"":""props.onDelete""}","!canDelete","[]","canDelete ? 'Delete the selected user image preset.' : 'Only user-saved image presets can be deleted.'","null","[]","source-inventory-only","[]"
"src/ui/raster/AdjustImageDialog.tsx:178:9","raster","DialogHeader","button-component-call","","{}","null","[]","null","null","[""src/ui/raster/AdjustImageDialog.test.tsx"",""src/ui/raster/AdjustImageDialog.user-presets.test.ts""]","source-inventory-only","[]"
"src/ui/raster/AdjustImageDialog.tsx:214:7","raster","FormActions","button-component-call","Cancel","{""onClick"":""onCancel""}","null","[]","null","null","[""src/ui/raster/AdjustImageDialog.test.tsx"",""src/ui/raster/AdjustImageDialog.user-presets.test.ts""]","source-inventory-only","[]"
"src/ui/raster/AdjustImageDialog.tsx:215:7","raster","FormActions","button-component-call","OK","{}","null","[]","null","null","[""src/ui/raster/AdjustImageDialog.test.tsx"",""src/ui/raster/AdjustImageDialog.user-presets.test.ts""]","source-inventory-only","[]"
"src/ui/raster/ConvertToBitmapDialog.tsx:62:11","raster","ConvertToBitmapDialog","button-component-call","","{}","null","[]","null","null","[""src/ui/raster/ConvertToBitmapDialog.test.tsx""]","source-inventory-only","[]"
"src/ui/raster/ConvertToBitmapDialog.tsx:88:11","raster","ConvertToBitmapDialog","button-component-call","Cancel","{""onClick"":""props.onCancel""}","null","[]","null","null","[""src/ui/raster/ConvertToBitmapDialog.test.tsx""]","source-inventory-only","[]"
"src/ui/raster/ConvertToBitmapDialog.tsx:89:11","raster","ConvertToBitmapDialog","button-component-call","{props.busy ? 'Converting…' : 'Convert'}","{""onClick"":""onConvertClick""}","props.busy || plan.verdict.kind === 'too-large'","[]","null","null","[""src/ui/raster/ConvertToBitmapDialog.test.tsx""]","source-inventory-only","[]"
"src/ui/relief-viewer/Viewer3DDialogShell.tsx:59:50","relief-viewer","Viewer3DDialogShell","button-component-call","","{}","null","[""not props.tutorialId === undefined""]","null","null","[""src/ui/relief-viewer/Viewer3DDialogShell.test.tsx""]","source-inventory-only","[]"
"src/ui/relief-viewer/Viewer3DDialogShell.tsx:60:9","relief-viewer","Viewer3DDialogShell","native-button","Close","{""onClick"":""props.onClose""}","null","[]","Close the 3D viewer","null","[""src/ui/relief-viewer/Viewer3DDialogShell.test.tsx""]","source-inventory-only","[]"
"src/ui/text/AddTextDialog.tsx:84:9","text","DialogForm","button-component-call","","{}","null","[]","null","null","[""src/ui/text/AddTextDialog.ownership.test.tsx"",""src/ui/text/AddTextDialog.test.tsx"",""src/ui/text/AddTextDialog.variables.test.tsx"",""src/ui/text/text-layer-machining.test.tsx""]","source-inventory-only","[]"
"src/ui/text/AddTextDialog.tsx:170:11","text","ContentField","native-button","`Insert ${char}`","{""onClick"":""() => insertDiacritic(char)""}","null","[]","`Insert ${char}`","null","[""src/ui/text/AddTextDialog.ownership.test.tsx"",""src/ui/text/AddTextDialog.test.tsx"",""src/ui/text/AddTextDialog.variables.test.tsx"",""src/ui/text/text-layer-machining.test.tsx""]","source-inventory-only","[]"
"src/ui/text/AddTextDialog.tsx:195:7","text","FormActions","button-component-call","Cancel","{""onClick"":""props.onCancel""}","props.submitting","[]","null","null","[""src/ui/text/AddTextDialog.ownership.test.tsx"",""src/ui/text/AddTextDialog.test.tsx"",""src/ui/text/AddTextDialog.variables.test.tsx"",""src/ui/text/text-layer-machining.test.tsx""]","source-inventory-only","[]"
"src/ui/text/AddTextDialog.tsx:198:7","text","FormActions","button-component-call","{props.submitting ? 'Rendering…' : props.mode === 'add' ? 'Add' : 'Save'}","{}","!props.canSubmit","[]","null","null","[""src/ui/text/AddTextDialog.ownership.test.tsx"",""src/ui/text/AddTextDialog.test.tsx"",""src/ui/text/AddTextDialog.variables.test.tsx"",""src/ui/text/text-layer-machining.test.tsx""]","source-inventory-only","[]"
"src/ui/text/CanvasTextPanel.tsx:33:9","text","CanvasTextPanel","button-component-call","Text","{}","null","[]","null","null","[]","source-inventory-only","[]"
"src/ui/text/CanvasTextPanel.tsx:66:9","text","CanvasTextPanel","button-component-call","Cancel","{""onClick"":""actions.cancel""}","null","[]","null","null","[]","source-inventory-only","[]"
"src/ui/text/CanvasTextPanel.tsx:67:9","text","CanvasTextPanel","button-component-call","Done","{""onClick"":""() => void actions.save()""}","actions.saving || !fields.fontAvailable || !fields.pathAvailable","[]","null","null","[]","source-inventory-only","[]"
"src/ui/text/CanvasTextSymbols.tsx:6:7","text","CanvasTextSymbols","disclosure","Accents & symbols","{}","null","[]","Show accented letters and symbols to insert at the cursor","null","[]","source-inventory-only","[]"
"src/ui/text/CanvasTextSymbols.tsx:11:11","text","CanvasTextSymbols","native-button","`Insert ${char}`","{""onMouseDown"":""(event) => event.preventDefault()"",""onClick"":""() => props.onInsert(char)""}","null","[]","`Insert ${char} at the cursor`","null","[]","source-inventory-only","[]"
"src/ui/text/CanvasVariableTextFields.tsx:16:7","text","CanvasVariableTextFields","button-component-call","Variable text tutorial","{}","null","[]","null","null","[""src/ui/text/CanvasVariableTextFields.test.tsx""]","source-inventory-only","[]"
"src/ui/text/CanvasVariableTextFields.tsx:18:9","text","CanvasVariableTextFields","input-control","Evaluate typed fields when previewing, framing, exporting, or starting this job.","{""onChange"":""(event) => fields.setVariableEnabled(event.currentTarget.checked)""}","null","[]","Evaluate typed fields when previewing, framing, exporting, or starting this job.","null","[""src/ui/text/CanvasVariableTextFields.test.tsx""]","source-inventory-only","[]"
"src/ui/text/FontImportButton.tsx:12:7","text","FontImportButton","button-component-call","Import","{""onClick"":""() => inputRef.current?.click()""}","null","[]","Import a TTF or OTF font and embed it in this project.","null","[]","source-inventory-only","[]"
"src/ui/text/FontPicker.tsx:56:7","text","FontPicker","native-button","{selectedEmbedded !== undefined ? ( <> <span style={triggerNameStyle}>{selectedEmbedded.fileName}</span> <span style={triggerClassStyle}>(project font)</span> </> ) : selected === undefined ? ( <> <span style={triggerNameStyle}>Missing font: {props.value}</span> <span style={triggerClassStyle}>(choose replacement)</span> </> ) : ( <> <span style={triggerNameStyle}>{selected.displayName}</span> <span style={triggerClassStyle}>({selected.styleClass})</span> </> )} ▾","{""onClick"":""() => setOpen((v) => !v)""}","null","[]","Open the font picker and choose the text typeface.","null","[""src/ui/text/FontPicker.test.tsx""]","source-inventory-only","[]"
"src/ui/text/FontPicker.tsx:93:15","text","FontPicker","native-button","( {f.styleClass} )","{""onClick"":""() => handleSelect(f.key)""}","null","[""open""]","`Use ${f.displayName} for this text object.`","null","[""src/ui/text/FontPicker.test.tsx""]","source-inventory-only","[]"
"src/ui/text/FontPicker.tsx:151:11","text","EmbeddedFontOptions","native-button","{font.fileName} (project)","{""onClick"":""() => props.select(font.key)""}","null","[]","`Use embedded font ${font.fileName}.`","null","[""src/ui/text/FontPicker.test.tsx""]","source-inventory-only","[]"
"src/ui/text/PathTextFields.tsx:17:9","text","PathTextFields","input-control","Place text along a selected vector path.","{""onChange"":""(event) => props.setEnabled(event.target.checked)""}","props.guides.length === 0","[]","Place text along a selected vector path.","null","[]","source-inventory-only","[]"
"src/ui/text/PathTextFields.tsx:59:13","text","PathTextFields","input-control","Reverse text direction along the guide.","{""onChange"":""(event) => props.setReverse(event.target.checked)""}","null","[""props.enabled""]","Reverse text direction along the guide.","null","[]","source-inventory-only","[]"
"src/ui/text/TextFormattingFields.tsx:37:9","text","TextFormattingFields","button-component-call","","{}","null","[]","null","null","[]","source-inventory-only","[]"
"src/ui/text/TextFormattingFields.tsx:40:7","text","TextFormattingFields","button-component-call","Text layout tutorial","{}","null","[]","null","null","[]","source-inventory-only","[]"
"src/ui/text/TextFormattingFields.tsx:45:9","text","TextFormattingFields","input-control","Weld overlapping letters","{""onChange"":""(event) => fields.setWeldOverlaps(event.target.checked)""}","!outline","[]","outline ? 'Merge touching or overlapping letters into one outline while keeping the text editable.' : 'Single-line fonts keep their original engraving strokes.'","null","[]","source-inventory-only","[]"
"src/ui/text/TextFormattingFields.tsx:104:11","text","AlignmentRadio","input-control","`Align text ${alignment}.`","{""onChange"":""() => props.onChange(alignment)""}","null","[]","`Align text ${alignment}.`","null","[]","source-inventory-only","[]"
"src/ui/text/VariableCsvImport.tsx:25:7","text","VariableCsvImport","button-component-call","Import CSV...","{""onClick"":""() => openVariableCsvPicker(pickerHostRef.current, ownerId, props)""}","null","[]","null","null","[""src/ui/text/VariableCsvImport.test.tsx""]","source-inventory-only","[]"
"src/ui/text/VariableSequenceControls.tsx:76:9","text","VariableSequenceControls","button-component-call","Previous","{""onClick"":""props.previous""}","null","[]","null","null","[""src/ui/text/VariableSequenceControls.test.tsx""]","source-inventory-only","[]"
"src/ui/text/VariableSequenceControls.tsx:77:9","text","VariableSequenceControls","button-component-call","Reset","{""onClick"":""props.reset""}","null","[]","null","null","[""src/ui/text/VariableSequenceControls.test.tsx""]","source-inventory-only","[]"
"src/ui/text/VariableSequenceControls.tsx:78:9","text","VariableSequenceControls","button-component-call","Next","{""onClick"":""props.next""}","null","[]","null","null","[""src/ui/text/VariableSequenceControls.test.tsx""]","source-inventory-only","[]"
"src/ui/text/VariableSequenceControls.tsx:92:9","text","SerialEndControl","input-control","Wrap serial","{""onChange"":""(event) => props.setSequence( event.currentTarget.checked ? { serialEndValue: initialSerialEndValue(props.sequence), } : { serialEndValue: undefined }, )""}","null","[]","Wrap the serial number from End back to Start.","null","[""src/ui/text/VariableSequenceControls.test.tsx""]","source-inventory-only","[]"
"src/ui/text/VariableTextControls.tsx:95:5","text","Insert","button-component-call","{props.label}","{""onClick"":""() => props.insert(props.source)""}","null","[]","`Insert ${props.label.toLowerCase()} field.`","null","[]","source-inventory-only","[]"
"src/ui/text/VariableTextFields.tsx:22:7","text","VariableTextFields","button-component-call","Variable text tutorial","{}","null","[]","null","null","[]","source-inventory-only","[]"
"src/ui/text/VariableTextFields.tsx:24:9","text","VariableTextFields","input-control","Evaluate typed fields when previewing, framing, exporting, or starting this job.","{""onChange"":""(event) => props.onEnabledChange(event.currentTarget.checked)""}","null","[]","Evaluate typed fields when previewing, framing, exporting, or starting this job.","null","[]","source-inventory-only","[]"
"src/ui/trace/TraceSettingsControls.tsx:74:9","trace","EdgeTraceSettingsControls","disclosure","Curve finishing","{}","null","[]","Adjust edge smoothing and path simplification.","null","[""src/ui/trace/TraceSettingsControls.semantic.test.tsx""]","source-inventory-only","[]"
"src/ui/trace/TraceSettingsControls.tsx:79:7","trace","EdgeTraceSettingsControls","button-component-call","","{""onChange"":""props.onChange""}","null","[]","null","null","[""src/ui/trace/TraceSettingsControls.semantic.test.tsx""]","source-inventory-only","[]"
"src/ui/trace/TraceSettingsControls.tsx:106:11","trace","FilledTraceSettingsControls","disclosure","Curve finishing","{}","null","[""props.preset.traceMode !== 'centerline'""]","Adjust edge smoothing and path simplification.","null","[""src/ui/trace/TraceSettingsControls.semantic.test.tsx""]","source-inventory-only","[]"
"src/ui/trace/TraceSettingsControls.tsx:113:9","trace","FilledTraceSettingsControls","disclosure","Transparency","{}","null","[]","Trace an image's transparency instead of its brightness.","null","[""src/ui/trace/TraceSettingsControls.semantic.test.tsx""]","source-inventory-only","[]"
"src/ui/trace/TraceSettingsControls.tsx:125:7","trace","FilledTraceSettingsControls","button-component-call","","{""onChange"":""props.onChange""}","null","[]","null","null","[""src/ui/trace/TraceSettingsControls.semantic.test.tsx""]","source-inventory-only","[]"
"src/ui/trace/TraceSettingsControls.tsx:250:7","trace","ResetTraceSettingsButton","native-button","Reset trace settings","{""onClick"":""() => props.onChange({})""}","Object.keys(props.overrides).length === 0","[]","Reset all trace controls to the selected tracing preset.","null","[""src/ui/trace/TraceSettingsControls.semantic.test.tsx""]","source-inventory-only","[]"
"src/ui/trace/TraceSettingsControls.tsx:343:7","trace","CheckboxRow","input-control","traceCheckboxTitle(props.label)","{""onChange"":""(e) => props.onChange(e.target.checked)""}","props.disabled === true","[]","traceCheckboxTitle(props.label)","null","[""src/ui/trace/TraceSettingsControls.semantic.test.tsx""]","source-inventory-only","[]"
"src/ui/trace/dialog-parts.tsx:47:7","trace","TraceDialogHeader","button-component-call","","{}","null","[]","null","null","[]","source-inventory-only","[]"
"src/ui/trace/dialog-parts.tsx:48:7","trace","TraceDialogHeader","native-button","Close trace image","{""onClick"":""props.onClose""}","null","[]","Close the preview without adding a trace.","null","[]","source-inventory-only","[]"
"src/ui/trace/dialog-parts.tsx:214:7","trace","DeleteImageAfterTraceToggle","input-control","Remove the source bitmap after creating the trace. Uncheck to keep it for Re-trace Original.","{""onChange"":""(e) => props.onChange(e.target.checked)""}","null","[]","Remove the source bitmap after creating the trace. Uncheck to keep it for Re-trace Original.","null","[]","source-inventory-only","[]"
"src/ui/trace/dialog-parts.tsx:233:7","trace","DialogActions","button-component-call","Cancel","{""onClick"":""props.onCancel""}","null","[]","null","null","[]","source-inventory-only","[]"
"src/ui/trace/dialog-parts.tsx:234:7","trace","DialogActions","button-component-call","{props.busy ? 'Tracing…' : 'Trace'}","{}","!props.canSubmit","[]","null","null","[]","source-inventory-only","[]"
"src/ui/trace/trace-preview-controls.tsx:29:11","trace","TracePreviewControls","native-button","Fade Image","{""onClick"":""props.onToggleFade""}","props.view !== 'overlay'","[""props.hasSource""]","Fade the original image behind the blue trace in Overlay view.","null","[]","source-inventory-only","[]"
"src/ui/trace/trace-preview-controls.tsx:41:11","trace","TracePreviewControls","native-button","Show Points","{""onClick"":""props.onTogglePoints""}","props.view === 'original'","[""props.hasTrace""]","Show or hide traced vector points in the preview.","null","[]","source-inventory-only","[]"
"src/ui/trace/trace-preview-controls.tsx:53:11","trace","TracePreviewControls","native-button","Clear Boundary","{""onClick"":""props.onBoundaryClear""}","null","[""props.hasBoundary""]","Clear the selected trace boundary and trace the full image again.","null","[]","source-inventory-only","[]"
"src/ui/trace/trace-preview-controls.tsx:75:9","trace","ViewControls","native-button","accessibleLabel","{""onClick"":""() => props.onChange(view)""}","view !== 'trace' && !props.hasSource","[]","description","null","[]","source-inventory-only","[]"
"src/ui/trace/trace-preview-controls.tsx:98:7","trace","ZoomControls","native-button","Zoom out","{""onClick"":""() => props.onChange(props.zoom / 2)""}","props.zoom <= MIN_PREVIEW_ZOOM","[]","Halve preview magnification, down to Fit.","null","[]","source-inventory-only","[]"
"src/ui/trace/trace-preview-controls.tsx:111:7","trace","ZoomControls","native-button","Zoom in","{""onClick"":""() => props.onChange(props.zoom * 2)""}","props.zoom >= MAX_PREVIEW_ZOOM","[]","Double preview magnification, up to 16 times Fit.","null","[]","source-inventory-only","[]"
"src/ui/trace/trace-preview-controls.tsx:121:7","trace","ZoomControls","native-button","Fit","{""onClick"":""() => props.onChange(MIN_PREVIEW_ZOOM)""}","null","[]","Fit the entire image in the preview","null","[]","source-inventory-only","[]"
"src/ui/tutorials/TutorialButton.tsx:16:5","tutorials","TutorialButton","native-button","props.compact === true ? name : undefined","{""onClick"":""() => useTutorialStore.getState().openTutorial(props.tutorialId)""}","null","[]","props.compact === true ? `${name} (open a step-by-step visual lesson)` : `${label}: open a step-by-step visual lesson`","null","[""src/ui/tutorials/TutorialHost.test.tsx""]","source-inventory-only","[]"
"src/ui/tutorials/TutorialExample.tsx:62:11","tutorials","TutorialExample","native-button","{showPhoto ? 'Show diagram' : 'Show picture'}","{""onClick"":""() => { setPlaying(false); setDiagram(showPhoto); setImageFailed(false); }""}","null","[""not photo === undefined""]","photoToggleTitle(showPhoto)","null","[]","source-inventory-only","[]"
"src/ui/tutorials/TutorialExample.tsx:100:9","tutorials","ExampleControls","native-button","{label}","{""onClick"":""() => props.select(index)""}","null","[]","`Show the ${label.toLowerCase()} illustration`","null","[]","source-inventory-only","[]"
"src/ui/tutorials/TutorialExample.tsx:110:7","tutorials","ExampleControls","native-button","{props.playing ? 'Pause' : '▶ Play example'}","{""onClick"":""props.togglePlay""}","null","[]","props.playing ? 'Pause example playback' : 'Play the three example stages'","null","[]","source-inventory-only","[]"
"src/ui/tutorials/TutorialHost.tsx:33:11","tutorials","TutorialShell","native-button","KERFDESK LEARN","{""onClick"":""() => open()""}","null","[]","Browse all visual tutorials","null","[""src/ui/tutorials/TutorialHost.test.tsx"",""src/ui/tutorials/TutorialPhoto.test.tsx""]","source-inventory-only","[]"
"src/ui/tutorials/TutorialHost.tsx:42:11","tutorials","TutorialShell","native-button","Close tutorials","{""onClick"":""close""}","null","[]","Close tutorials and return to your work (Escape)","null","[""src/ui/tutorials/TutorialHost.test.tsx"",""src/ui/tutorials/TutorialPhoto.test.tsx""]","source-inventory-only","[]"
"src/ui/tutorials/TutorialLibrary.tsx:56:11","tutorials","TutorialLibrary","native-button","{category}","{""onClick"":""() => props.setCategory(category)""}","null","[]","`Show ${category.toLowerCase()} tutorials`","null","[]","source-inventory-only","[]"
"src/ui/tutorials/TutorialLibrary.tsx:92:7","tutorials","EmptyResults","native-button","Show all tutorials","{""onClick"":""() => { props.setQuery(''); props.setCategory('All'); props.setMachine('all'); }""}","null","[]","Clear search and all tutorial filters","null","[]","source-inventory-only","[]"
"src/ui/tutorials/TutorialLibrary.tsx:118:9","tutorials","LibraryHero","native-button","Start your first project →","{""onClick"":""() => useTutorialStore.getState().openTutorial('first-project')""}","null","[]","Start the first-project visual tutorial","null","[]","source-inventory-only","[]"
"src/ui/tutorials/TutorialLibrary.tsx:143:5","tutorials","TutorialCard","native-button","{tutorial.category} {tutorial.minutes} min {tutorial.title} {tutorial.summary} {tutorial.machine === 'all' ? 'Laser + CNC' : tutorial.machine === 'laser' ? 'Laser' : 'CNC router'} {progress?.completed === true ? '✓ Completed' : progress !== undefined ? 'Continue →' : `${tutorial.steps.length} visual steps →`}","{""onClick"":""() => useTutorialStore.getState().openTutorial(tutorial.id)""}","null","[]","`Open tutorial: ${tutorial.title}`","null","[]","source-inventory-only","[]"
"src/ui/tutorials/TutorialReader.tsx:114:9","tutorials","LessonHeading","native-button","← All tutorials","{""onClick"":""() => useTutorialStore.getState().openTutorial()""}","null","[]","Return to the tutorial library","null","[]","source-inventory-only","[]"
"src/ui/tutorials/TutorialReader.tsx:154:11","tutorials","StepList","native-button","{index + 1} {item.title}","{""onClick"":""() => go(index)""}","null","[]","`Go to step ${index + 1}: ${item.title}`","null","[]","source-inventory-only","[]"
"src/ui/tutorials/TutorialReader.tsx:178:7","tutorials","ReaderNavigation","native-button","Back","{""onClick"":""() => props.go(props.step - 1)""}","props.step === 0","[]","Read the previous step","null","[]","source-inventory-only","[]"
"src/ui/tutorials/TutorialReader.tsx:188:9","tutorials","ReaderNavigation","native-button","Next step →","{""onClick"":""() => props.go(props.step + 1)""}","null","[""props.step < props.count - 1""]","Read the next step","null","[]","source-inventory-only","[]"
"src/ui/tutorials/TutorialReader.tsx:197:9","tutorials","ReaderNavigation","native-button","{props.finished ? 'Completed ✓' : 'Finish lesson'}","{""onClick"":""props.finish""}","props.finished","[""not props.step < props.count - 1""]","Mark this lesson complete on this device","null","[]","source-inventory-only","[]"
"src/ui/tutorials/TutorialReader.tsx:207:7","tutorials","ReaderNavigation","native-button","Restart","{""onClick"":""() => props.go(0)""}","null","[]","Restart from step one","null","[]","source-inventory-only","[]"
"src/ui/tutorials/TutorialReader.tsx:226:11","tutorials","RelatedLessons","native-button","{related.title} →","{""onClick"":""() => useTutorialStore.getState().openTutorial(id)""}","null","[""not related === undefined""]","`Open related tutorial: ${related.title}`","null","[]","source-inventory-only","[]"
"src/ui/workspace/Cnc3DFullPage.tsx:87:9","workspace","Cnc3DFullPage","native-button","Close","{""onClick"":""onClose""}","null","[]","Close (Esc)","null","[]","source-inventory-only","[]"
"src/ui/workspace/Cnc3DPane.tsx:47:9","workspace","Cnc3DPane","other-interactive","Resize 3D result pane","{""onPointerDown"":""resize.onHandlePointerDown"",""onKeyDown"":""resize.onHandleKeyDown""}","null","[""!collapsed""]","Drag (or use ← / →) to resize the 3D result pane.","null","[]","source-inventory-only","[]"
"src/ui/workspace/Cnc3DPane.tsx:110:7","workspace","PaneScene","native-button","Open full page","{""onClick"":""() => setIsFullPage(true)""}","null","[]","Open the 3D result at full window size.","null","[]","source-inventory-only","[]"
"src/ui/workspace/Cnc3DPaneToggle.tsx:9:5","workspace","Cnc3DPaneToggle","native-button","collapsed ? 'Expand 3D result pane' : 'Collapse 3D result pane'","{""onClick"":""onToggle""}","null","[]","collapsed ? 'Show the live 3D view. Canvas Focus is keeping the drawing area wide.' : 'Hide the 3D pane and use Canvas Focus.'","null","[]","source-inventory-only","[]"
"src/ui/workspace/CncStockCanvasHud.tsx:44:5","workspace","StockHeader","native-button","`${action} stock reference from Startup Setup`","{""onClick"":""props.onToggle""}","null","[]","Read-only here. Select to view the saved stock or edit it in Startup Setup.","null","[""src/ui/workspace/CncStockCanvasHud.test.tsx""]","source-inventory-only","[]"
"src/ui/workspace/CncStockCanvasHud.tsx:87:9","workspace","StockReferenceDetails","native-button","Edit in Startup Setup","{""onClick"":""() => openMachineSetup({ kind: 'cnc', field: 'stock' })""}","null","[]","Open CNC Startup Setup at the stock fields.","null","[""src/ui/workspace/CncStockCanvasHud.test.tsx""]","source-inventory-only","[]"
"src/ui/workspace/RegistrationJigArtworkSizeFields.tsx:54:9","workspace","RegistrationJigArtworkSizeFields","button-component-call","{props.isAspectLocked ? 'AR locked' : 'AR unlocked'}","{""onClick"":""props.onToggleAspect""}","null","[]","props.isAspectLocked ? 'Unlock width and height' : 'Lock artwork proportions'","null","[]","source-inventory-only","[]"
"src/ui/workspace/RegistrationJigArtworkSizeFields.tsx:69:7","workspace","RegistrationJigArtworkSizeFields","button-component-call","Apply size to all {props.count}","{""onClick"":""props.onApply""}","null","[]","null","null","[]","source-inventory-only","[]"
"src/ui/workspace/RegistrationJigOperationSettings.tsx:37:9","workspace","RegistrationJigOperationSettings","input-control","Air assist for registration jig outline","{""onChange"":""(event) => commit({ airAssist: event.target.checked })""}","null","[]","Turn job-controlled air assist on for the registration outline run","null","[]","source-inventory-only","[]"
"src/ui/workspace/RegistrationJigOperationSettings.tsx:46:7","workspace","RegistrationJigOperationSettings","button-component-call","Advanced outline settings","{""onClick"":""openSettings""}","cutSettingsBlocked","[]","Open advanced settings for the registration outline Line operation","null","[]","source-inventory-only","[]"
"src/ui/workspace/RegistrationJigOutlineControls.tsx:92:9","workspace","RegistrationJigOutlineControls","button-component-call","{createButtonLabel(initial.hasOutline, requestedCount)}","{""onClick"":""() => replaceSet(spec)""}","isCapturedBoard || issue !== null","[]","isCapturedBoard ? 'This outline is a captured board — Remove it or re-capture with Place Board.' : (issue ?? 'Create one registered outline for every row and column in the jig set')","null","[""src/ui/workspace/RegistrationJigOutlineControls.test.tsx""]","source-inventory-only","[]"
"src/ui/workspace/RegistrationJigOutlineControls.tsx:104:9","workspace","RegistrationJigOutlineControls","button-component-call","","{""onClick"":""removeSet""}","null","[]","null","null","[""src/ui/workspace/RegistrationJigOutlineControls.test.tsx""]","source-inventory-only","[]"
"src/ui/workspace/RegistrationJigOutlineFields.tsx:111:7","workspace","LockRegistrationJigSetControl","input-control","Lock registration outlines","{""onChange"":""(event) => props.onChange(event.target.checked)""}","props.disabled","[]","props.disabled ? 'A captured board stays locked — its position is the work origin' : 'Lock every outline so the jig set cannot move between the two burns'","null","[]","source-inventory-only","[]"
"src/ui/workspace/RegistrationJigOutlineFields.tsx:135:5","workspace","RemoveRegistrationJigSetButton","button-component-call","Remove {props.outlineCount === 1 ? 'outline' : 'all outlines'}","{""onClick"":""props.onClick""}","null","[]","null","null","[]","source-inventory-only","[]"
"src/ui/workspace/RegistrationJigPanel.tsx:63:9","workspace","RegistrationJigPanel","semantic-control","Move registration jig panel","{""onPointerDown"":""drag.startDrag"",""onKeyDown"":""drag.nudgeWithKeyboard""}","null","[]","Drag or use arrow keys to move this panel","null","[""src/ui/workspace/RegistrationJigPanel.test.tsx""]","source-inventory-only","[]"
"src/ui/workspace/RegistrationJigPanel.tsx:74:9","workspace","RegistrationJigPanel","button-component-call","Registration jig","{}","null","[]","null","null","[""src/ui/workspace/RegistrationJigPanel.test.tsx""]","source-inventory-only","[]"
"src/ui/workspace/RegistrationJigPanel.tsx:75:9","workspace","RegistrationJigPanel","button-component-call","Close registration jig panel","{""onClick"":""close""}","null","[]","null","null","[""src/ui/workspace/RegistrationJigPanel.test.tsx""]","source-inventory-only","[]"
"src/ui/workspace/RegistrationJigPanel.tsx:86:7","workspace","RegistrationJigPanel","button-component-call","{boxes.length > 1 ? `Auto-fit + copy artwork to all ${boxes.length}` : 'Auto-fit artwork in outline'}","{""onClick"":""centerInBox""}","!canCenter","[]","canCenter ? `Auto-fit the selected artwork and copy it into all ${boxes.length} jig outline${boxes.length === 1 ? '' : 's'}` : 'Select your artwork first, then auto-fit it in every jig outline'","null","[""src/ui/workspace/RegistrationJigPanel.test.tsx""]","source-inventory-only","[]"
"src/ui/workspace/RegistrationJigPanel.tsx:332:7","workspace","BurnRunToggle","button-component-call","Outline only","{""onClick"":""() => props.onPick('box')""}","props.disabled","[]","`Burn all ${props.outlineCount} registration outline${props.outlineCount === 1 ? '' : 's'}`","null","[""src/ui/workspace/RegistrationJigPanel.test.tsx""]","source-inventory-only","[]"
"src/ui/workspace/RegistrationJigPanel.tsx:340:7","workspace","BurnRunToggle","button-component-call","Artwork only","{""onClick"":""() => props.onPick('artwork')""}","props.disabled || props.artworkDisabled","[]","props.artworkDisabled ? 'Add artwork before run 2.' : 'Burn artwork only'","null","[""src/ui/workspace/RegistrationJigPanel.test.tsx""]","source-inventory-only","[]"
"src/ui/workspace/RegistrationJigPanel.tsx:356:7","workspace","RegistrationJigHelp","button-component-call","{open ? '▾' : '▸'} How to use","{""onClick"":""() => setOpen((v) => !v)""}","null","[]","null","null","[""src/ui/workspace/RegistrationJigPanel.test.tsx""]","source-inventory-only","[]"
"src/ui/workspace/ToolStrip.tsx:47:7","workspace","ToolStrip","button-component-call","activeTool === undefined ? 'Drawing tools' : TOOL_HELP[activeTool.helpKey].label","{}","null","[]","null","null","[""src/ui/workspace/ToolStrip.test.tsx""]","source-inventory-only","[]"
"src/ui/workspace/ToolStrip.tsx:62:11","workspace","ToolStrip","button-component-call","TOOL_HELP[tool.helpKey].label","{""onClick"":""() => { if (tool.mode.kind === 'draw' && isActive(toolMode, tool.mode)) resetToolMode(); else setToolMode(tool.mode); }""}","null","[]","TOOL_HELP[tool.helpKey].tooltip","null","[""src/ui/workspace/ToolStrip.test.tsx""]","source-inventory-only","[]"
"src/ui/workspace/ToolStrip.tsx:80:7","workspace","ToolStrip","native-button","Open design library","{""onClick"":""() => setLibraryDialogOpen(true)""}","null","[]","Insert ready-made line art from the bundled design library (ADR-105).","null","[""src/ui/workspace/ToolStrip.test.tsx""]","source-inventory-only","[]"
"src/ui/workspace/ToolStrip.tsx:90:7","workspace","ToolStrip","native-button","Open Design Studio","{""onClick"":""() => useDesignStudioStore.getState().openStudio()""}","null","[]","Draw a part to size by hand — precision tools, snapping, and dimensions in a full window (ADR-272).","null","[""src/ui/workspace/ToolStrip.test.tsx""]","source-inventory-only","[]"
"src/ui/workspace/ToolStrip.tsx:144:7","workspace","NodeCommandBar","other-interactive","Smooth","{""onClick"":""smooth""}","null","[]","Align the incoming and outgoing curve handles","null","[""src/ui/workspace/ToolStrip.test.tsx""]","source-inventory-only","[]"
"src/ui/workspace/ToolStrip.tsx:149:7","workspace","NodeCommandBar","other-interactive","Corner","{""onClick"":""corner""}","null","[]","Align handles to the adjoining chords","null","[""src/ui/workspace/ToolStrip.test.tsx""]","source-inventory-only","[]"
"src/ui/workspace/ToolStrip.tsx:150:7","workspace","NodeCommandBar","other-interactive","Curve","{""onClick"":""() => convert('cubic')""}","outgoing === undefined || outgoing.kind === 'cubic'","[]","Convert the outgoing segment to a cubic curve","null","[""src/ui/workspace/ToolStrip.test.tsx""]","source-inventory-only","[]"
"src/ui/workspace/ToolStrip.tsx:156:7","workspace","NodeCommandBar","other-interactive","Line","{""onClick"":""() => convert('line')""}","outgoing === undefined || outgoing.kind === 'line'","[]","Convert the outgoing segment to a straight line","null","[""src/ui/workspace/ToolStrip.test.tsx""]","source-inventory-only","[]"
"src/ui/workspace/ToolStrip.tsx:162:7","workspace","NodeCommandBar","other-interactive","Start","{""onClick"":""setStart""}","!curve.closed || selected.pointIndex === 0","[]","Use this node as the closed path start point","null","[""src/ui/workspace/ToolStrip.test.tsx""]","source-inventory-only","[]"
"src/ui/workspace/ToolStrip.tsx:168:7","workspace","NodeCommandBar","other-interactive","Break","{""onClick"":""breakCurve""}","!curve.closed","[]","Break the closed path open at this node","null","[""src/ui/workspace/ToolStrip.test.tsx""]","source-inventory-only","[]"
"src/ui/workspace/ToolStrip.tsx:174:7","workspace","NodeCommandBar","other-interactive","Join","{""onClick"":""() => { const outcome = join(); if (outcome.kind !== 'unchanged') props.nodeToolButtonRef.current?.focus(); }""}","!canJoin","[]","Join two selected open curve endpoints","null","[""src/ui/workspace/ToolStrip.test.tsx""]","source-inventory-only","[]"
"src/ui/workspace/ToolStrip.tsx:194:5","workspace","NodeAction","native-button","props.label","{""onClick"":""props.onClick""}","props.disabled","[]","props.title","null","[""src/ui/workspace/ToolStrip.test.tsx""]","source-inventory-only","[]"
"src/ui/workspace/WorkspaceCanvasLayers.tsx:41:7","workspace","WorkspaceCanvasLayers","other-interactive","`${APP_DISPLAY_NAME} workspace`","{""onPointerDown"":""handlers.onPointerDown"",""onPointerMove"":""handlers.onPointerMove"",""onPointerUp"":""handlers.onPointerUp"",""onPointerCancel"":""handlers.onPointerCancel"",""onDoubleClick"":""handleCanvasDoubleClick""}","null","[]","null","null","[]","source-inventory-only","[]"
"src/ui/workspace/overlays.tsx:46:7","workspace","ZoomControls","native-button","Toggle snapping","{""onClick"":""() => setSnapSettings({ enabled: !snapEnabled })""}","null","[]","Toggle snapping","null","[""src/ui/workspace/overlays.test.tsx""]","source-inventory-only","[]"
"src/ui/workspace/overlays.tsx:57:7","workspace","ZoomControls","native-button","Zoom out","{""onClick"":""() => zoomBy(1 / ZOOM_STEP)""}","null","[]","Zoom out (−)","null","[""src/ui/workspace/overlays.test.tsx""]","source-inventory-only","[]"
"src/ui/workspace/overlays.tsx:66:7","workspace","ZoomControls","semantic-control","{percent} %","{""onClick"":""resetView"",""onKeyDown"":""(e) => { if (e.key === 'Enter' || e.key === ' ') { e.preventDefault(); resetView(); } }""}","null","[]","Click to fit-to-bed (F or 0)","null","[""src/ui/workspace/overlays.test.tsx""]","source-inventory-only","[]"
"src/ui/workspace/overlays.tsx:81:7","workspace","ZoomControls","native-button","Zoom in","{""onClick"":""() => zoomBy(ZOOM_STEP)""}","null","[]","Zoom in (+)","null","[""src/ui/workspace/overlays.test.tsx""]","source-inventory-only","[]"
"src/ui/workspace/overlays.tsx:90:7","workspace","ZoomControls","native-button","Fit to selection","{""onClick"":""() => fitToSelection()""}","null","[]","Fit to selection (Shift+F)","null","[""src/ui/workspace/overlays.test.tsx""]","source-inventory-only","[]"
"src/ui/workspace/overlays.tsx:99:7","workspace","ZoomControls","native-button","Fit to bed","{""onClick"":""resetView""}","null","[]","Fit to bed (F)","null","[""src/ui/workspace/overlays.test.tsx""]","source-inventory-only","[]"
"src/ui/workspace/overlays.tsx:116:5","workspace","StartMarkersToggle","native-button","Show frame and job start markers","{""onClick"":""() => setVisible(!visible)""}","null","[]","Show frame and job start markers","null","[""src/ui/workspace/overlays.test.tsx""]","source-inventory-only","[]"
"src/ui/workspace/preview-overlays.tsx:111:9","workspace","PreviewStatsPanel","input-control","Show traversal moves in Preview","{""onChange"":""(e) => setShowPreviewTravel(e.currentTarget.checked)""}","null","[]","Show traversal moves in Preview only.","control:preview.showTraversalMoves","[""src/ui/workspace/preview-overlays-rerender.test.tsx"",""src/ui/workspace/preview-overlays.test.tsx""]","source-inventory-only","[]"
"src/ui/workspace/preview-overlays.tsx:158:7","workspace","PreviewControlsPanel","button-component-call","Preview","{}","null","[]","null","null","[""src/ui/workspace/preview-overlays-rerender.test.tsx"",""src/ui/workspace/preview-overlays.test.tsx""]","source-inventory-only","[]"
"src/ui/workspace/preview-overlays.tsx:161:9","workspace","PreviewControlsPanel","native-button","Open 3D cut preview","{""onClick"":""props.onOpen3D""}","null","[""props.onOpen3D !== undefined""]","Open the 3D view of the simulated cut at the current scrubber position.","null","[""src/ui/workspace/preview-overlays-rerender.test.tsx"",""src/ui/workspace/preview-overlays.test.tsx""]","source-inventory-only","[]"
"src/ui/workspace/preview-overlays.tsx:212:7","workspace","PreviewRouteControls","native-button","previewPlaying ? 'Pause route preview' : 'Play route preview'","{""onClick"":""() => { if (disabled) return; if (!previewPlaying && scrubberT >= 1) setScrubberT(0); setPreviewPlaying(!previewPlaying); }""}","disabled","[]","previewPlaying ? 'Pause route preview playback.' : 'Play route preview playback.'","control:preview.routePlayback","[""src/ui/workspace/preview-overlays-rerender.test.tsx"",""src/ui/workspace/preview-overlays.test.tsx""]","source-inventory-only","[]"
"src/ui/workspace/preview-overlays.tsx:239:7","workspace","PreviewRouteControls","native-button","Restart route preview","{""onClick"":""() => { if (disabled) return; setScrubberT(0); setPreviewPlaying(false); }""}","disabled","[]","Restart route preview playback from the beginning.","control:preview.routeRestart","[""src/ui/workspace/preview-overlays-rerender.test.tsx"",""src/ui/workspace/preview-overlays.test.tsx""]","source-inventory-only","[]"
"src/ui/workspace/preview-overlays.tsx:289:7","workspace","PassStepButtons","native-button","Jump to previous pass","{""onClick"":""() => { if (prev !== undefined) props.onJump(prev); }""}","props.disabled || prev === undefined","[]","Jump the preview to the start of the previous CNC pass.","null","[""src/ui/workspace/preview-overlays-rerender.test.tsx"",""src/ui/workspace/preview-overlays.test.tsx""]","source-inventory-only","[]"
"src/ui/workspace/preview-overlays.tsx:302:7","workspace","PassStepButtons","native-button","Jump to next pass","{""onClick"":""() => { if (next !== undefined) props.onJump(next); }""}","props.disabled || next === undefined","[]","Jump the preview to the start of the next CNC pass.","null","[""src/ui/workspace/preview-overlays-rerender.test.tsx"",""src/ui/workspace/preview-overlays.test.tsx""]","source-inventory-only","[]"
