id,area,currentSource,label,disposition,expectedOutcome,availability,evidence,notes
"src/ui/app/AutosaveRecoveryBanner.tsx:11:9","app","src/ui/app/AutosaveRecoveryBanner.tsx:11","Restore","verified-boundary","Restore the offered project and request a dirty backup write before clearing the recovery source.","{""disabledWhen"":null,""enclosingConditions"":[]}","src/ui/app/AutosaveRecoveryBanner.test.tsx: AutosaveRecoveryBanner restores only on request and preserves a dirty durable copy before clearing its source [Real project restoration; persistence service is mocked and write-before-clear ordering asserted. Durable storage itself is not established.]","Real project restoration; persistence service is mocked and write-before-clear ordering asserted. Durable storage itself is not established."
"src/ui/app/AutosaveRecoveryBanner.tsx:14:9","app","src/ui/app/AutosaveRecoveryBanner.tsx:14","Hide","verified-boundary","Hide the recovery offer without requesting deletion or rewriting of the backup.","{""disabledWhen"":null,""enclosingConditions"":[]}","src/ui/app/AutosaveRecoveryBanner.test.tsx: AutosaveRecoveryBanner hides the choice without discarding or rewriting the backup [Real banner state; mocked persistence service receives no write/clear calls.]","Real banner state; mocked persistence service receives no write/clear calls."
"src/ui/app/DesktopCloseNotice.tsx:16:9","app","src/ui/app/DesktopCloseNotice.tsx:16","Keep app open","verified-boundary","Cancel the pending close request and retain the app.","{""disabledWhen"":null,""enclosingConditions"":[]}","src/ui/app/DesktopCloseNotice.test.tsx: desktop close recovery notice shows a nonmodal pending stop with a working Keep app open control [Verified UI-to-callback or browser-adapter boundary; the external/native effect was not exercised.]","Verified UI-to-callback or browser-adapter boundary; the external/native effect was not exercised."
"src/ui/app/DesktopCloseNotice.tsx:18:11","app","src/ui/app/DesktopCloseNotice.tsx:18","Retry Abort","verified-boundary","Retry the failed stop request and resolve ready only after the mocked stop completes.","{""disabledWhen"":null,""enclosingConditions"":[""notice.kind === 'failed'""]}","src/ui/app/interface-control-outcomes.test.tsx: individual shell control outcomes Retry Abort retries a failed close request and resolves only after the mocked stop succeeds [Verified UI-to-callback or browser-adapter boundary; the external/native effect was not exercised.]","Verified UI-to-callback or browser-adapter boundary; the external/native effect was not exercised."
"src/ui/app/DesktopCloseNotice.tsx:21:11","app","src/ui/app/DesktopCloseNotice.tsx:21","Acknowledge warning and close","verified-boundary","Acknowledge the unconfirmed-stop warning and resolve the close handshake, retaining the warning until acknowledgement.","{""disabledWhen"":null,""enclosingConditions"":[""notice.kind === 'unconfirmed'""]}","src/ui/app/DesktopCloseNotice.test.tsx: desktop close recovery notice keeps an unconfirmed stop warning readable until explicit acknowledgement [Verified UI-to-callback or browser-adapter boundary; the external/native effect was not exercised.]","Verified UI-to-callback or browser-adapter boundary; the external/native effect was not exercised."
"src/ui/app/ExternalGcodePreviewBanner.tsx:14:7","app","src/ui/app/ExternalGcodePreviewBanner.tsx:14","Show project toolpath","verified-behaviour","Remove only the imported G-code display and retain project, preview mode and undo.","{""disabledWhen"":null,""enclosingConditions"":[]}","src/ui/app/interface-control-outcomes.test.tsx: individual shell control outcomes Show project toolpath removes only the imported display slot [Rendered control and real application state were exercised with disposable test state.]","Rendered control and real application state were exercised with disposable test state."
"src/ui/app/GcodeSaveDialog.tsx:58:9","app","src/ui/app/GcodeSaveDialog.tsx:58","Cancel","verified-behaviour","Close without choosing or writing an export destination.","{""disabledWhen"":null,""enclosingConditions"":[]}","src/ui/app/interface-control-outcomes.test.tsx: individual shell control outcomes G-code Cancel closes without choosing or writing a destination [Rendered control and real application state were exercised with disposable test state.]
src/ui/app/interface-control-outcomes.test.tsx: individual shell control outcomes G-code Cancel closes without choosing or writing a destination [Rendered control and real application state were exercised with disposable test state.]","Rendered control and real application state were exercised with disposable test state."
"src/ui/app/GcodeSaveDialog.tsx:59:9","app","src/ui/app/GcodeSaveDialog.tsx:59","Choose destination…","verified-boundary","Prepare complete executable bytes before enabling destination selection and write them through the selected adapter.","{""disabledWhen"":""preparation.kind === 'preparing' || preparation.kind === 'failed'"",""enclosingConditions"":[]}","src/ui/app/GcodeSaveDialog.test.tsx: web G-code prebuild dialog does not select a destination until complete bytes are ready and the operator clicks [Verified UI-to-callback or browser-adapter boundary; the external/native effect was not exercised.]
src/ui/app/GcodeSaveDialog.test.tsx: electron G-code prebuild dialog does not select a destination until complete bytes are ready and the operator clicks [Verified UI-to-callback or browser-adapter boundary; the external/native effect was not exercised.]","Verified UI-to-callback or browser-adapter boundary; the external/native effect was not exercised."
"src/ui/app/ProjectBedReconciliationBanner.tsx:23:9","app","src/ui/app/ProjectBedReconciliationBanner.tsx:23","Use project machine","verified-behaviour","Retain the opened device and machine profile; clear disclosure without changing artwork.","{""disabledWhen"":null,""enclosingConditions"":[]}","src/ui/app/ProjectBedReconciliationBanner.test.tsx: ProjectBedReconciliationBanner Use project machine retains the chosen profile and clears the disclosure [Rendered control and real application state were exercised with disposable test state.]","Rendered control and real application state were exercised with disposable test state."
"src/ui/app/ProjectBedReconciliationBanner.tsx:26:9","app","src/ui/app/ProjectBedReconciliationBanner.tsx:26","Keep current machine","verified-behaviour","Restore the previous device, bed and machine profile; clear disclosure without changing opened artwork.","{""disabledWhen"":null,""enclosingConditions"":[]}","src/ui/app/ProjectBedReconciliationBanner.test.tsx: ProjectBedReconciliationBanner Keep current machine retains the chosen profile and clears the disclosure [Rendered control and real application state were exercised with disposable test state.]","Rendered control and real application state were exercised with disposable test state."
"src/ui/app/WorkspaceSidePanels.tsx:45:9","app","src/ui/app/WorkspaceSidePanels.tsx:45","{active === 'layers' ? <CutsLayersPanel /> : <LaserWindow dockedJobActions />}","not-action-control","Semantic panel/tab-list container, not an independently actionable control.","{""disabledWhen"":null,""enclosingConditions"":[]}","","Inventory scanner includes semantic/gesture surfaces; source reviewed to avoid counting them as passed buttons."
"src/ui/app/WorkspaceSidePanels.tsx:104:5","app","src/ui/app/WorkspaceSidePanels.tsx:104","Side panel","not-action-control","Semantic panel/tab-list container, not an independently actionable control.","{""disabledWhen"":null,""enclosingConditions"":[]}","","Inventory scanner includes semantic/gesture surfaces; source reviewed to avoid counting them as passed buttons."
"src/ui/app/WorkspaceSidePanels.tsx:190:5","app","src/ui/app/WorkspaceSidePanels.tsx:190","props.label","verified-behaviour","Select or restore the requested compact panel; keyboard navigation changes the panel without editing artwork.","{""disabledWhen"":null,""enclosingConditions"":[]}","src/ui/app/WorkspaceSidePanels.test.tsx: WorkspaceSidePanels uses one tabbed rail at the compact breakpoint [Rendered control and real application state were exercised with disposable test state.]
src/ui/app/WorkspaceSidePanels.test.tsx: WorkspaceSidePanels restores a collapsed panel with the vertical tab key ArrowDown [Rendered control and real application state were exercised with disposable test state.]
src/ui/app/WorkspaceSidePanels.test.tsx: WorkspaceSidePanels restores a collapsed panel with the vertical tab key ArrowUp [Rendered control and real application state were exercised with disposable test state.]
src/ui/app/WorkspaceSidePanels.test.tsx: WorkspaceSidePanels restores a collapsed panel with the vertical tab key End [Rendered control and real application state were exercised with disposable test state.]
src/ui/app/WorkspaceSidePanels.test.tsx: WorkspaceSidePanels restores a collapsed panel with the vertical tab key Home [Rendered control and real application state were exercised with disposable test state.]","Rendered control and real application state were exercised with disposable test state."
"src/ui/app/WorkspaceSidePanels.tsx:216:5","app","src/ui/app/WorkspaceSidePanels.tsx:216","{props.label}","verified-behaviour","Collapse/restore the requested panel and reclaim its occupied space.","{""disabledWhen"":null,""enclosingConditions"":[]}","src/ui/app/WorkspaceSidePanels.test.tsx: WorkspaceSidePanels offers independently collapsible, resizable desktop panels [Rendered control and real application state were exercised with disposable test state.]
src/ui/app/WorkspaceSidePanels.test.tsx: WorkspaceSidePanels reclaims compact width when layers collapses and restores it from its tab [Rendered control and real application state were exercised with disposable test state.]
src/ui/app/WorkspaceSidePanels.test.tsx: WorkspaceSidePanels reclaims compact width when machine collapses and restores it from its tab [Rendered control and real application state were exercised with disposable test state.]","Rendered control and real application state were exercised with disposable test state."
"src/ui/commands/AppMenuBar.tsx:80:7","commands","src/ui/commands/AppMenuBar.tsx:80","{familyLabel(props.family, props.machineKind)}","verified-boundary","Open the chosen family and dispatch each of the 91 registered commands to its independently specified callback, guard, arguments, lesson or URL; close after dispatch.","{""disabledWhen"":null,""enclosingConditions"":[]}","src/ui/commands/AppMenuBar.control-audit.test.tsx: every registered application menu action 'file.new' clicks through the menu to the expected outcome [All 91 registered command clicks are covered. Callback dispatch does not itself qualify the downstream algorithm or device effect.]
src/ui/commands/AppMenuBar.control-audit.test.tsx: every registered application menu action 'file.open' clicks through the menu to the expected outcome [All 91 registered command clicks are covered. Callback dispatch does not itself qualify the downstream algorithm or device effect.]
src/ui/commands/AppMenuBar.control-audit.test.tsx: every registered application menu action 'file.save' clicks through the menu to the expected outcome [All 91 registered command clicks are covered. Callback dispatch does not itself qualify the downstream algorithm or device effect.]
src/ui/commands/AppMenuBar.control-audit.test.tsx: every registered application menu action 'file.save-as' clicks through the menu to the expected outcome [All 91 registered command clicks are covered. Callback dispatch does not itself qualify the downstream algorithm or device effect.]
src/ui/commands/AppMenuBar.control-audit.test.tsx: every registered application menu action 'file.import' clicks through the menu to the expected outcome [All 91 registered command clicks are covered. Callback dispatch does not itself qualify the downstream algorithm or device effect.]
src/ui/commands/AppMenuBar.control-audit.test.tsx: every registered application menu action 'file.import-svg' clicks through the menu to the expected outcome [All 91 registered command clicks are covered. Callback dispatch does not itself qualify the downstream algorithm or device effect.]
src/ui/commands/AppMenuBar.control-audit.test.tsx: every registered application menu action 'file.import-dxf' clicks through the menu to the expected outcome [All 91 registered command clicks are covered. Callback dispatch does not itself qualify the downstream algorithm or device effect.]
src/ui/commands/AppMenuBar.control-audit.test.tsx: every registered application menu action 'file.import-image' clicks through the menu to the expected outcome [All 91 registered command clicks are covered. Callback dispatch does not itself qualify the downstream algorithm or device effect.]
src/ui/commands/AppMenuBar.control-audit.test.tsx: every registered application menu action 'file.import-height-map' clicks through the menu to the expected outcome [All 91 registered command clicks are covered. Callback dispatch does not itself qualify the downstream algorithm or device effect.]
src/ui/commands/AppMenuBar.control-audit.test.tsx: every registered application menu action 'file.save-gcode' clicks through the menu to the expected outcome [All 91 registered command clicks are covered. Callback dispatch does not itself qualify the downstream algorithm or device effect.]
src/ui/commands/AppMenuBar.control-audit.test.tsx: every registered application menu action 'file.open-gcode' clicks through the menu to the expected outcome [All 91 registered command clicks are covered. Callback dispatch does not itself qualify the downstream algorithm or device effect.]
src/ui/commands/AppMenuBar.control-audit.test.tsx: every registered application menu action 'file.inspect-gcode' clicks through the menu to the expected outcome [All 91 registered command clicks are covered. Callback dispatch does not itself qualify the downstream algorithm or device effect.]
src/ui/commands/AppMenuBar.control-audit.test.tsx: every registered application menu action 'edit.undo' clicks through the menu to the expected outcome [All 91 registered command clicks are covered. Callback dispatch does not itself qualify the downstream algorithm or device effect.]
src/ui/commands/AppMenuBar.control-audit.test.tsx: every registered application menu action 'edit.redo' clicks through the menu to the expected outcome [All 91 registered command clicks are covered. Callback dispatch does not itself qualify the downstream algorithm or device effect.]
src/ui/commands/AppMenuBar.control-audit.test.tsx: every registered application menu action 'edit.select-all' clicks through the menu to the expected outcome [All 91 registered command clicks are covered. Callback dispatch does not itself qualify the downstream algorithm or device effect.]
src/ui/commands/AppMenuBar.control-audit.test.tsx: every registered application menu action 'edit.copy' clicks through the menu to the expected outcome [All 91 registered command clicks are covered. Callback dispatch does not itself qualify the downstream algorithm or device effect.]
src/ui/commands/AppMenuBar.control-audit.test.tsx: every registered application menu action 'edit.cut' clicks through the menu to the expected outcome [All 91 registered command clicks are covered. Callback dispatch does not itself qualify the downstream algorithm or device effect.]
src/ui/commands/AppMenuBar.control-audit.test.tsx: every registered application menu action 'edit.paste' clicks through the menu to the expected outcome [All 91 registered command clicks are covered. Callback dispatch does not itself qualify the downstream algorithm or device effect.]
src/ui/commands/AppMenuBar.control-audit.test.tsx: every registered application menu action 'edit.group' clicks through the menu to the expected outcome [All 91 registered command clicks are covered. Callback dispatch does not itself qualify the downstream algorithm or device effect.]
src/ui/commands/AppMenuBar.control-audit.test.tsx: every registered application menu action 'edit.ungroup' clicks through the menu to the expected outcome [All 91 registered command clicks are covered. Callback dispatch does not itself qualify the downstream algorithm or device effect.]
src/ui/commands/AppMenuBar.control-audit.test.tsx: every registered application menu action 'edit.lock-selection' clicks through the menu to the expected outcome [All 91 registered command clicks are covered. Callback dispatch does not itself qualify the downstream algorithm or device effect.]
src/ui/commands/AppMenuBar.control-audit.test.tsx: every registered application menu action 'edit.unlock-all' clicks through the menu to the expected outcome [All 91 registered command clicks are covered. Callback dispatch does not itself qualify the downstream algorithm or device effect.]
src/ui/commands/AppMenuBar.control-audit.test.tsx: every registered application menu action 'edit.duplicate' clicks through the menu to the expected outcome [All 91 registered command clicks are covered. Callback dispatch does not itself qualify the downstream algorithm or device effect.]
src/ui/commands/AppMenuBar.control-audit.test.tsx: every registered application menu action 'edit.delete' clicks through the menu to the expected outcome [All 91 registered command clicks are covered. Callback dispatch does not itself qualify the downstream algorithm or device effect.]
src/ui/commands/AppMenuBar.control-audit.test.tsx: every registered application menu action 'edit.clear-selection' clicks through the menu to the expected outcome [All 91 registered command clicks are covered. Callback dispatch does not itself qualify the downstream algorithm or device effect.]
src/ui/commands/AppMenuBar.control-audit.test.tsx: every registered application menu action 'tools.measure' clicks through the menu to the expected outcome [All 91 registered command clicks are covered. Callback dispatch does not itself qualify the downstream algorithm or device effect.]
src/ui/commands/AppMenuBar.control-audit.test.tsx: every registered application menu action 'tools.add-text' clicks through the menu to the expected outcome [All 91 registered command clicks are covered. Callback dispatch does not itself qualify the downstream algorithm or device effect.]
src/ui/commands/AppMenuBar.control-audit.test.tsx: every registered application menu action 'tools.registration-jig' clicks through the menu to the expected outcome [All 91 registered command clicks are covered. Callback dispatch does not itself qualify the downstream algorithm or device effect.]
src/ui/commands/AppMenuBar.control-audit.test.tsx: every registered application menu action 'tools.place-board' clicks through the menu to the expected outcome [All 91 registered command clicks are covered. Callback dispatch does not itself qualify the downstream algorithm or device effect.]
src/ui/commands/AppMenuBar.control-audit.test.tsx: every registered application menu action 'tools.camera' clicks through the menu to the expected outcome [All 91 registered command clicks are covered. Callback dispatch does not itself qualify the downstream algorithm or device effect.]
src/ui/commands/AppMenuBar.control-audit.test.tsx: every registered application menu action 'tools.box-generator' clicks through the menu to the expected outcome [All 91 registered command clicks are covered. Callback dispatch does not itself qualify the downstream algorithm or device effect.]
src/ui/commands/AppMenuBar.control-audit.test.tsx: every registered application menu action 'tools.box-fit-test' clicks through the menu to the expected outcome [All 91 registered command clicks are covered. Callback dispatch does not itself qualify the downstream algorithm or device effect.]
src/ui/commands/AppMenuBar.control-audit.test.tsx: every registered application menu action 'tools.material-test' clicks through the menu to the expected outcome [All 91 registered command clicks are covered. Callback dispatch does not itself qualify the downstream algorithm or device effect.]
src/ui/commands/AppMenuBar.control-audit.test.tsx: every registered application menu action 'tools.interval-test' clicks through the menu to the expected outcome [All 91 registered command clicks are covered. Callback dispatch does not itself qualify the downstream algorithm or device effect.]
src/ui/commands/AppMenuBar.control-audit.test.tsx: every registered application menu action 'tools.scan-offset-test' clicks through the menu to the expected outcome [All 91 registered command clicks are covered. Callback dispatch does not itself qualify the downstream algorithm or device effect.]
src/ui/commands/AppMenuBar.control-audit.test.tsx: every registered application menu action 'tools.focus-test' clicks through the menu to the expected outcome [All 91 registered command clicks are covered. Callback dispatch does not itself qualify the downstream algorithm or device effect.]
src/ui/commands/AppMenuBar.control-audit.test.tsx: every registered application menu action 'tools.optimization-settings' clicks through the menu to the expected outcome [All 91 registered command clicks are covered. Callback dispatch does not itself qualify the downstream algorithm or device effect.]
src/ui/commands/AppMenuBar.control-audit.test.tsx: every registered application menu action 'tools.rotary-setup' clicks through the menu to the expected outcome [All 91 registered command clicks are covered. Callback dispatch does not itself qualify the downstream algorithm or device effect.]
src/ui/commands/AppMenuBar.control-audit.test.tsx: every registered application menu action 'tools.print-and-cut' clicks through the menu to the expected outcome [All 91 registered command clicks are covered. Callback dispatch does not itself qualify the downstream algorithm or device effect.]
src/ui/commands/AppMenuBar.control-audit.test.tsx: every registered application menu action 'tools.labs' clicks through the menu to the expected outcome [All 91 registered command clicks are covered. Callback dispatch does not itself qualify the downstream algorithm or device effect.]
src/ui/commands/AppMenuBar.control-audit.test.tsx: every registered application menu action 'tools.adjust-image' clicks through the menu to the expected outcome [All 91 registered command clicks are covered. Callback dispatch does not itself qualify the downstream algorithm or device effect.]
src/ui/commands/AppMenuBar.control-audit.test.tsx: every registered application menu action 'tools.edit-image' clicks through the menu to the expected outcome [All 91 registered command clicks are covered. Callback dispatch does not itself qualify the downstream algorithm or device effect.]
src/ui/commands/AppMenuBar.control-audit.test.tsx: every registered application menu action 'tools.apply-image-mask' clicks through the menu to the expected outcome [All 91 registered command clicks are covered. Callback dispatch does not itself qualify the downstream algorithm or device effect.]
src/ui/commands/AppMenuBar.control-audit.test.tsx: every registered application menu action 'tools.crop-image' clicks through the menu to the expected outcome [All 91 registered command clicks are covered. Callback dispatch does not itself qualify the downstream algorithm or device effect.]
src/ui/commands/AppMenuBar.control-audit.test.tsx: every registered application menu action 'tools.remove-image-mask' clicks through the menu to the expected outcome [All 91 registered command clicks are covered. Callback dispatch does not itself qualify the downstream algorithm or device effect.]
src/ui/commands/AppMenuBar.control-audit.test.tsx: every registered application menu action 'tools.save-processed-bitmap' clicks through the menu to the expected outcome [All 91 registered command clicks are covered. Callback dispatch does not itself qualify the downstream algorithm or device effect.]
src/ui/commands/AppMenuBar.control-audit.test.tsx: every registered application menu action 'tools.trace-image' clicks through the menu to the expected outcome [All 91 registered command clicks are covered. Callback dispatch does not itself qualify the downstream algorithm or device effect.]
src/ui/commands/AppMenuBar.control-audit.test.tsx: every registered application menu action 'tools.retrace-original' clicks through the menu to the expected outcome [All 91 registered command clicks are covered. Callback dispatch does not itself qualify the downstream algorithm or device effect.]
src/ui/commands/AppMenuBar.control-audit.test.tsx: every registered application menu action 'tools.multi-file-trace' clicks through the menu to the expected outcome [All 91 registered command clicks are covered. Callback dispatch does not itself qualify the downstream algorithm or device effect.]
src/ui/commands/AppMenuBar.control-audit.test.tsx: every registered application menu action 'tools.convert-to-path' clicks through the menu to the expected outcome [All 91 registered command clicks are covered. Callback dispatch does not itself qualify the downstream algorithm or device effect.]
src/ui/commands/AppMenuBar.control-audit.test.tsx: every registered application menu action 'tools.weld' clicks through the menu to the expected outcome [All 91 registered command clicks are covered. Callback dispatch does not itself qualify the downstream algorithm or device effect.]
src/ui/commands/AppMenuBar.control-audit.test.tsx: every registered application menu action 'tools.subtract' clicks through the menu to the expected outcome [All 91 registered command clicks are covered. Callback dispatch does not itself qualify the downstream algorithm or device effect.]
src/ui/commands/AppMenuBar.control-audit.test.tsx: every registered application menu action 'tools.intersect' clicks through the menu to the expected outcome [All 91 registered command clicks are covered. Callback dispatch does not itself qualify the downstream algorithm or device effect.]
src/ui/commands/AppMenuBar.control-audit.test.tsx: every registered application menu action 'tools.exclude' clicks through the menu to the expected outcome [All 91 registered command clicks are covered. Callback dispatch does not itself qualify the downstream algorithm or device effect.]
src/ui/commands/AppMenuBar.control-audit.test.tsx: every registered application menu action 'tools.convert-to-bitmap' clicks through the menu to the expected outcome [All 91 registered command clicks are covered. Callback dispatch does not itself qualify the downstream algorithm or device effect.]
src/ui/commands/AppMenuBar.control-audit.test.tsx: every registered application menu action 'tools.fill-selection' clicks through the menu to the expected outcome [All 91 registered command clicks are covered. Callback dispatch does not itself qualify the downstream algorithm or device effect.]
src/ui/commands/AppMenuBar.control-audit.test.tsx: every registered application menu action 'tools.close-open-fill-contours' clicks through the menu to the expected outcome [All 91 registered command clicks are covered. Callback dispatch does not itself qualify the downstream algorithm or device effect.]
src/ui/commands/AppMenuBar.control-audit.test.tsx: every registered application menu action 'tools.close-fill-contours-with-tolera…' clicks through the menu to the expected outcome [All 91 registered command clicks are covered. Callback dispatch does not itself qualify the downstream algorithm or device effect.]
src/ui/commands/AppMenuBar.control-audit.test.tsx: every registered application menu action 'arrange.align-left' clicks through the menu to the expected outcome [All 91 registered command clicks are covered. Callback dispatch does not itself qualify the downstream algorithm or device effect.]
src/ui/commands/AppMenuBar.control-audit.test.tsx: every registered application menu action 'arrange.align-center-x' clicks through the menu to the expected outcome [All 91 registered command clicks are covered. Callback dispatch does not itself qualify the downstream algorithm or device effect.]
src/ui/commands/AppMenuBar.control-audit.test.tsx: every registered application menu action 'arrange.align-right' clicks through the menu to the expected outcome [All 91 registered command clicks are covered. Callback dispatch does not itself qualify the downstream algorithm or device effect.]
src/ui/commands/AppMenuBar.control-audit.test.tsx: every registered application menu action 'arrange.align-top' clicks through the menu to the expected outcome [All 91 registered command clicks are covered. Callback dispatch does not itself qualify the downstream algorithm or device effect.]
src/ui/commands/AppMenuBar.control-audit.test.tsx: every registered application menu action 'arrange.align-center-y' clicks through the menu to the expected outcome [All 91 registered command clicks are covered. Callback dispatch does not itself qualify the downstream algorithm or device effect.]
src/ui/commands/AppMenuBar.control-audit.test.tsx: every registered application menu action 'arrange.align-bottom' clicks through the menu to the expected outcome [All 91 registered command clicks are covered. Callback dispatch does not itself qualify the downstream algorithm or device effect.]
src/ui/commands/AppMenuBar.control-audit.test.tsx: every registered application menu action 'arrange.align-centers' clicks through the menu to the expected outcome [All 91 registered command clicks are covered. Callback dispatch does not itself qualify the downstream algorithm or device effect.]
src/ui/commands/AppMenuBar.control-audit.test.tsx: every registered application menu action 'arrange.distribute-horizontal-centers' clicks through the menu to the expected outcome [All 91 registered command clicks are covered. Callback dispatch does not itself qualify the downstream algorithm or device effect.]
src/ui/commands/AppMenuBar.control-audit.test.tsx: every registered application menu action 'arrange.distribute-horizontal-spacing' clicks through the menu to the expected outcome [All 91 registered command clicks are covered. Callback dispatch does not itself qualify the downstream algorithm or device effect.]
src/ui/commands/AppMenuBar.control-audit.test.tsx: every registered application menu action 'arrange.distribute-vertical-centers' clicks through the menu to the expected outcome [All 91 registered command clicks are covered. Callback dispatch does not itself qualify the downstream algorithm or device effect.]
src/ui/commands/AppMenuBar.control-audit.test.tsx: every registered application menu action 'arrange.distribute-vertical-spacing' clicks through the menu to the expected outcome [All 91 registered command clicks are covered. Callback dispatch does not itself qualify the downstream algorithm or device effect.]
src/ui/commands/AppMenuBar.control-audit.test.tsx: every registered application menu action 'arrange.break-apart' clicks through the menu to the expected outcome [All 91 registered command clicks are covered. Callback dispatch does not itself qualify the downstream algorithm or device effect.]
src/ui/commands/AppMenuBar.control-audit.test.tsx: every registered application menu action 'arrange.array' clicks through the menu to the expected outcome [All 91 registered command clicks are covered. Callback dispatch does not itself qualify the downstream algorithm or device effect.]
src/ui/commands/AppMenuBar.control-audit.test.tsx: every registered application menu action 'arrange.quick-nest' clicks through the menu to the expected outcome [All 91 registered command clicks are covered. Callback dispatch does not itself qualify the downstream algorithm or device effect.]
src/ui/commands/AppMenuBar.control-audit.test.tsx: every registered application menu action 'arrange.flip-horizontal' clicks through the menu to the expected outcome [All 91 registered command clicks are covered. Callback dispatch does not itself qualify the downstream algorithm or device effect.]
src/ui/commands/AppMenuBar.control-audit.test.tsx: every registered application menu action 'arrange.flip-vertical' clicks through the menu to the expected outcome [All 91 registered command clicks are covered. Callback dispatch does not itself qualify the downstream algorithm or device effect.]
src/ui/commands/AppMenuBar.control-audit.test.tsx: every registered application menu action 'laser.connect' clicks through the menu to the expected outcome [All 91 registered command clicks are covered. Callback dispatch does not itself qualify the downstream algorithm or device effect.]
src/ui/commands/AppMenuBar.control-audit.test.tsx: every registered application menu action 'laser.disconnect' clicks through the menu to the expected outcome [All 91 registered command clicks are covered. Callback dispatch does not itself qualify the downstream algorithm or device effect.]
src/ui/commands/AppMenuBar.control-audit.test.tsx: every registered application menu action 'laser.home' clicks through the menu to the expected outcome [All 91 registered command clicks are covered. Callback dispatch does not itself qualify the downstream algorithm or device effect.]
src/ui/commands/AppMenuBar.control-audit.test.tsx: every registered application menu action 'window.toggle-preview' clicks through the menu to the expected outcome [All 91 registered command clicks are covered. Callback dispatch does not itself qualify the downstream algorithm or device effect.]
src/ui/commands/AppMenuBar.control-audit.test.tsx: every registered application menu action 'window.toggle-layers-panel' clicks through the menu to the expected outcome [All 91 registered command clicks are covered. Callback dispatch does not itself qualify the downstream algorithm or device effect.]
src/ui/commands/AppMenuBar.control-audit.test.tsx: every registered application menu action 'window.toggle-machine-panel' clicks through the menu to the expected outcome [All 91 registered command clicks are covered. Callback dispatch does not itself qualify the downstream algorithm or device effect.]
src/ui/commands/AppMenuBar.control-audit.test.tsx: every registered application menu action 'window.toggle-side-panels' clicks through the menu to the expected outcome [All 91 registered command clicks are covered. Callback dispatch does not itself qualify the downstream algorithm or device effect.]
src/ui/commands/AppMenuBar.control-audit.test.tsx: every registered application menu action 'window.reset-layout' clicks through the menu to the expected outcome [All 91 registered command clicks are covered. Callback dispatch does not itself qualify the downstream algorithm or device effect.]
src/ui/commands/AppMenuBar.control-audit.test.tsx: every registered application menu action 'window.fit-view' clicks through the menu to the expected outcome [All 91 registered command clicks are covered. Callback dispatch does not itself qualify the downstream algorithm or device effect.]
src/ui/commands/AppMenuBar.control-audit.test.tsx: every registered application menu action 'window.project-notes' clicks through the menu to the expected outcome [All 91 registered command clicks are covered. Callback dispatch does not itself qualify the downstream algorithm or device effect.]
src/ui/commands/AppMenuBar.control-audit.test.tsx: every registered application menu action 'window.undo-history' clicks through the menu to the expected outcome [All 91 registered command clicks are covered. Callback dispatch does not itself qualify the downstream algorithm or device effect.]
src/ui/commands/AppMenuBar.control-audit.test.tsx: every registered application menu action 'help.about' clicks through the menu to the expected outcome [All 91 registered command clicks are covered. Callback dispatch does not itself qualify the downstream algorithm or device effect.]
src/ui/commands/AppMenuBar.control-audit.test.tsx: every registered application menu action 'help.tutorials' clicks through the menu to the expected outcome [All 91 registered command clicks are covered. Callback dispatch does not itself qualify the downstream algorithm or device effect.]
src/ui/commands/AppMenuBar.control-audit.test.tsx: every registered application menu action 'help.connection' clicks through the menu to the expected outcome [All 91 registered command clicks are covered. Callback dispatch does not itself qualify the downstream algorithm or device effect.]
src/ui/commands/AppMenuBar.control-audit.test.tsx: every registered application menu action 'help.safety' clicks through the menu to the expected outcome [All 91 registered command clicks are covered. Callback dispatch does not itself qualify the downstream algorithm or device effect.]
src/ui/commands/AppMenuBar.control-audit.test.tsx: every registered application menu action 'help.report-bug' clicks through the menu to the expected outcome [All 91 registered command clicks are covered. Callback dispatch does not itself qualify the downstream algorithm or device effect.]
src/ui/commands/AppMenuBar.control-audit.test.tsx: every registered application menu action 'help.discussions' clicks through the menu to the expected outcome [All 91 registered command clicks are covered. Callback dispatch does not itself qualify the downstream algorithm or device effect.]","All 91 registered command clicks are covered. Callback dispatch does not itself qualify the downstream algorithm or device effect."
"src/ui/commands/AppMenuBar.tsx:131:7","commands","src/ui/commands/AppMenuBar.tsx:131","{command.active === true ? '✓' : ''} {command.label} {command.shortcut !== undefined ? ( <span style={shortcutStyle}>{command.shortcut}</span> ) : null}","verified-boundary","Open the chosen family and dispatch each of the 91 registered commands to its independently specified callback, guard, arguments, lesson or URL; close after dispatch.","{""disabledWhen"":""!command.enabled"",""enclosingConditions"":[]}","src/ui/commands/AppMenuBar.control-audit.test.tsx: every registered application menu action 'file.new' clicks through the menu to the expected outcome [All 91 registered command clicks are covered. Callback dispatch does not itself qualify the downstream algorithm or device effect.]
src/ui/commands/AppMenuBar.control-audit.test.tsx: every registered application menu action 'file.open' clicks through the menu to the expected outcome [All 91 registered command clicks are covered. Callback dispatch does not itself qualify the downstream algorithm or device effect.]
src/ui/commands/AppMenuBar.control-audit.test.tsx: every registered application menu action 'file.save' clicks through the menu to the expected outcome [All 91 registered command clicks are covered. Callback dispatch does not itself qualify the downstream algorithm or device effect.]
src/ui/commands/AppMenuBar.control-audit.test.tsx: every registered application menu action 'file.save-as' clicks through the menu to the expected outcome [All 91 registered command clicks are covered. Callback dispatch does not itself qualify the downstream algorithm or device effect.]
src/ui/commands/AppMenuBar.control-audit.test.tsx: every registered application menu action 'file.import' clicks through the menu to the expected outcome [All 91 registered command clicks are covered. Callback dispatch does not itself qualify the downstream algorithm or device effect.]
src/ui/commands/AppMenuBar.control-audit.test.tsx: every registered application menu action 'file.import-svg' clicks through the menu to the expected outcome [All 91 registered command clicks are covered. Callback dispatch does not itself qualify the downstream algorithm or device effect.]
src/ui/commands/AppMenuBar.control-audit.test.tsx: every registered application menu action 'file.import-dxf' clicks through the menu to the expected outcome [All 91 registered command clicks are covered. Callback dispatch does not itself qualify the downstream algorithm or device effect.]
src/ui/commands/AppMenuBar.control-audit.test.tsx: every registered application menu action 'file.import-image' clicks through the menu to the expected outcome [All 91 registered command clicks are covered. Callback dispatch does not itself qualify the downstream algorithm or device effect.]
src/ui/commands/AppMenuBar.control-audit.test.tsx: every registered application menu action 'file.import-height-map' clicks through the menu to the expected outcome [All 91 registered command clicks are covered. Callback dispatch does not itself qualify the downstream algorithm or device effect.]
src/ui/commands/AppMenuBar.control-audit.test.tsx: every registered application menu action 'file.save-gcode' clicks through the menu to the expected outcome [All 91 registered command clicks are covered. Callback dispatch does not itself qualify the downstream algorithm or device effect.]
src/ui/commands/AppMenuBar.control-audit.test.tsx: every registered application menu action 'file.open-gcode' clicks through the menu to the expected outcome [All 91 registered command clicks are covered. Callback dispatch does not itself qualify the downstream algorithm or device effect.]
src/ui/commands/AppMenuBar.control-audit.test.tsx: every registered application menu action 'file.inspect-gcode' clicks through the menu to the expected outcome [All 91 registered command clicks are covered. Callback dispatch does not itself qualify the downstream algorithm or device effect.]
src/ui/commands/AppMenuBar.control-audit.test.tsx: every registered application menu action 'edit.undo' clicks through the menu to the expected outcome [All 91 registered command clicks are covered. Callback dispatch does not itself qualify the downstream algorithm or device effect.]
src/ui/commands/AppMenuBar.control-audit.test.tsx: every registered application menu action 'edit.redo' clicks through the menu to the expected outcome [All 91 registered command clicks are covered. Callback dispatch does not itself qualify the downstream algorithm or device effect.]
src/ui/commands/AppMenuBar.control-audit.test.tsx: every registered application menu action 'edit.select-all' clicks through the menu to the expected outcome [All 91 registered command clicks are covered. Callback dispatch does not itself qualify the downstream algorithm or device effect.]
src/ui/commands/AppMenuBar.control-audit.test.tsx: every registered application menu action 'edit.copy' clicks through the menu to the expected outcome [All 91 registered command clicks are covered. Callback dispatch does not itself qualify the downstream algorithm or device effect.]
src/ui/commands/AppMenuBar.control-audit.test.tsx: every registered application menu action 'edit.cut' clicks through the menu to the expected outcome [All 91 registered command clicks are covered. Callback dispatch does not itself qualify the downstream algorithm or device effect.]
src/ui/commands/AppMenuBar.control-audit.test.tsx: every registered application menu action 'edit.paste' clicks through the menu to the expected outcome [All 91 registered command clicks are covered. Callback dispatch does not itself qualify the downstream algorithm or device effect.]
src/ui/commands/AppMenuBar.control-audit.test.tsx: every registered application menu action 'edit.group' clicks through the menu to the expected outcome [All 91 registered command clicks are covered. Callback dispatch does not itself qualify the downstream algorithm or device effect.]
src/ui/commands/AppMenuBar.control-audit.test.tsx: every registered application menu action 'edit.ungroup' clicks through the menu to the expected outcome [All 91 registered command clicks are covered. Callback dispatch does not itself qualify the downstream algorithm or device effect.]
src/ui/commands/AppMenuBar.control-audit.test.tsx: every registered application menu action 'edit.lock-selection' clicks through the menu to the expected outcome [All 91 registered command clicks are covered. Callback dispatch does not itself qualify the downstream algorithm or device effect.]
src/ui/commands/AppMenuBar.control-audit.test.tsx: every registered application menu action 'edit.unlock-all' clicks through the menu to the expected outcome [All 91 registered command clicks are covered. Callback dispatch does not itself qualify the downstream algorithm or device effect.]
src/ui/commands/AppMenuBar.control-audit.test.tsx: every registered application menu action 'edit.duplicate' clicks through the menu to the expected outcome [All 91 registered command clicks are covered. Callback dispatch does not itself qualify the downstream algorithm or device effect.]
src/ui/commands/AppMenuBar.control-audit.test.tsx: every registered application menu action 'edit.delete' clicks through the menu to the expected outcome [All 91 registered command clicks are covered. Callback dispatch does not itself qualify the downstream algorithm or device effect.]
src/ui/commands/AppMenuBar.control-audit.test.tsx: every registered application menu action 'edit.clear-selection' clicks through the menu to the expected outcome [All 91 registered command clicks are covered. Callback dispatch does not itself qualify the downstream algorithm or device effect.]
src/ui/commands/AppMenuBar.control-audit.test.tsx: every registered application menu action 'tools.measure' clicks through the menu to the expected outcome [All 91 registered command clicks are covered. Callback dispatch does not itself qualify the downstream algorithm or device effect.]
src/ui/commands/AppMenuBar.control-audit.test.tsx: every registered application menu action 'tools.add-text' clicks through the menu to the expected outcome [All 91 registered command clicks are covered. Callback dispatch does not itself qualify the downstream algorithm or device effect.]
src/ui/commands/AppMenuBar.control-audit.test.tsx: every registered application menu action 'tools.registration-jig' clicks through the menu to the expected outcome [All 91 registered command clicks are covered. Callback dispatch does not itself qualify the downstream algorithm or device effect.]
src/ui/commands/AppMenuBar.control-audit.test.tsx: every registered application menu action 'tools.place-board' clicks through the menu to the expected outcome [All 91 registered command clicks are covered. Callback dispatch does not itself qualify the downstream algorithm or device effect.]
src/ui/commands/AppMenuBar.control-audit.test.tsx: every registered application menu action 'tools.camera' clicks through the menu to the expected outcome [All 91 registered command clicks are covered. Callback dispatch does not itself qualify the downstream algorithm or device effect.]
src/ui/commands/AppMenuBar.control-audit.test.tsx: every registered application menu action 'tools.box-generator' clicks through the menu to the expected outcome [All 91 registered command clicks are covered. Callback dispatch does not itself qualify the downstream algorithm or device effect.]
src/ui/commands/AppMenuBar.control-audit.test.tsx: every registered application menu action 'tools.box-fit-test' clicks through the menu to the expected outcome [All 91 registered command clicks are covered. Callback dispatch does not itself qualify the downstream algorithm or device effect.]
src/ui/commands/AppMenuBar.control-audit.test.tsx: every registered application menu action 'tools.material-test' clicks through the menu to the expected outcome [All 91 registered command clicks are covered. Callback dispatch does not itself qualify the downstream algorithm or device effect.]
src/ui/commands/AppMenuBar.control-audit.test.tsx: every registered application menu action 'tools.interval-test' clicks through the menu to the expected outcome [All 91 registered command clicks are covered. Callback dispatch does not itself qualify the downstream algorithm or device effect.]
src/ui/commands/AppMenuBar.control-audit.test.tsx: every registered application menu action 'tools.scan-offset-test' clicks through the menu to the expected outcome [All 91 registered command clicks are covered. Callback dispatch does not itself qualify the downstream algorithm or device effect.]
src/ui/commands/AppMenuBar.control-audit.test.tsx: every registered application menu action 'tools.focus-test' clicks through the menu to the expected outcome [All 91 registered command clicks are covered. Callback dispatch does not itself qualify the downstream algorithm or device effect.]
src/ui/commands/AppMenuBar.control-audit.test.tsx: every registered application menu action 'tools.optimization-settings' clicks through the menu to the expected outcome [All 91 registered command clicks are covered. Callback dispatch does not itself qualify the downstream algorithm or device effect.]
src/ui/commands/AppMenuBar.control-audit.test.tsx: every registered application menu action 'tools.rotary-setup' clicks through the menu to the expected outcome [All 91 registered command clicks are covered. Callback dispatch does not itself qualify the downstream algorithm or device effect.]
src/ui/commands/AppMenuBar.control-audit.test.tsx: every registered application menu action 'tools.print-and-cut' clicks through the menu to the expected outcome [All 91 registered command clicks are covered. Callback dispatch does not itself qualify the downstream algorithm or device effect.]
src/ui/commands/AppMenuBar.control-audit.test.tsx: every registered application menu action 'tools.labs' clicks through the menu to the expected outcome [All 91 registered command clicks are covered. Callback dispatch does not itself qualify the downstream algorithm or device effect.]
src/ui/commands/AppMenuBar.control-audit.test.tsx: every registered application menu action 'tools.adjust-image' clicks through the menu to the expected outcome [All 91 registered command clicks are covered. Callback dispatch does not itself qualify the downstream algorithm or device effect.]
src/ui/commands/AppMenuBar.control-audit.test.tsx: every registered application menu action 'tools.edit-image' clicks through the menu to the expected outcome [All 91 registered command clicks are covered. Callback dispatch does not itself qualify the downstream algorithm or device effect.]
src/ui/commands/AppMenuBar.control-audit.test.tsx: every registered application menu action 'tools.apply-image-mask' clicks through the menu to the expected outcome [All 91 registered command clicks are covered. Callback dispatch does not itself qualify the downstream algorithm or device effect.]
src/ui/commands/AppMenuBar.control-audit.test.tsx: every registered application menu action 'tools.crop-image' clicks through the menu to the expected outcome [All 91 registered command clicks are covered. Callback dispatch does not itself qualify the downstream algorithm or device effect.]
src/ui/commands/AppMenuBar.control-audit.test.tsx: every registered application menu action 'tools.remove-image-mask' clicks through the menu to the expected outcome [All 91 registered command clicks are covered. Callback dispatch does not itself qualify the downstream algorithm or device effect.]
src/ui/commands/AppMenuBar.control-audit.test.tsx: every registered application menu action 'tools.save-processed-bitmap' clicks through the menu to the expected outcome [All 91 registered command clicks are covered. Callback dispatch does not itself qualify the downstream algorithm or device effect.]
src/ui/commands/AppMenuBar.control-audit.test.tsx: every registered application menu action 'tools.trace-image' clicks through the menu to the expected outcome [All 91 registered command clicks are covered. Callback dispatch does not itself qualify the downstream algorithm or device effect.]
src/ui/commands/AppMenuBar.control-audit.test.tsx: every registered application menu action 'tools.retrace-original' clicks through the menu to the expected outcome [All 91 registered command clicks are covered. Callback dispatch does not itself qualify the downstream algorithm or device effect.]
src/ui/commands/AppMenuBar.control-audit.test.tsx: every registered application menu action 'tools.multi-file-trace' clicks through the menu to the expected outcome [All 91 registered command clicks are covered. Callback dispatch does not itself qualify the downstream algorithm or device effect.]
src/ui/commands/AppMenuBar.control-audit.test.tsx: every registered application menu action 'tools.convert-to-path' clicks through the menu to the expected outcome [All 91 registered command clicks are covered. Callback dispatch does not itself qualify the downstream algorithm or device effect.]
src/ui/commands/AppMenuBar.control-audit.test.tsx: every registered application menu action 'tools.weld' clicks through the menu to the expected outcome [All 91 registered command clicks are covered. Callback dispatch does not itself qualify the downstream algorithm or device effect.]
src/ui/commands/AppMenuBar.control-audit.test.tsx: every registered application menu action 'tools.subtract' clicks through the menu to the expected outcome [All 91 registered command clicks are covered. Callback dispatch does not itself qualify the downstream algorithm or device effect.]
src/ui/commands/AppMenuBar.control-audit.test.tsx: every registered application menu action 'tools.intersect' clicks through the menu to the expected outcome [All 91 registered command clicks are covered. Callback dispatch does not itself qualify the downstream algorithm or device effect.]
src/ui/commands/AppMenuBar.control-audit.test.tsx: every registered application menu action 'tools.exclude' clicks through the menu to the expected outcome [All 91 registered command clicks are covered. Callback dispatch does not itself qualify the downstream algorithm or device effect.]
src/ui/commands/AppMenuBar.control-audit.test.tsx: every registered application menu action 'tools.convert-to-bitmap' clicks through the menu to the expected outcome [All 91 registered command clicks are covered. Callback dispatch does not itself qualify the downstream algorithm or device effect.]
src/ui/commands/AppMenuBar.control-audit.test.tsx: every registered application menu action 'tools.fill-selection' clicks through the menu to the expected outcome [All 91 registered command clicks are covered. Callback dispatch does not itself qualify the downstream algorithm or device effect.]
src/ui/commands/AppMenuBar.control-audit.test.tsx: every registered application menu action 'tools.close-open-fill-contours' clicks through the menu to the expected outcome [All 91 registered command clicks are covered. Callback dispatch does not itself qualify the downstream algorithm or device effect.]
src/ui/commands/AppMenuBar.control-audit.test.tsx: every registered application menu action 'tools.close-fill-contours-with-tolera…' clicks through the menu to the expected outcome [All 91 registered command clicks are covered. Callback dispatch does not itself qualify the downstream algorithm or device effect.]
src/ui/commands/AppMenuBar.control-audit.test.tsx: every registered application menu action 'arrange.align-left' clicks through the menu to the expected outcome [All 91 registered command clicks are covered. Callback dispatch does not itself qualify the downstream algorithm or device effect.]
src/ui/commands/AppMenuBar.control-audit.test.tsx: every registered application menu action 'arrange.align-center-x' clicks through the menu to the expected outcome [All 91 registered command clicks are covered. Callback dispatch does not itself qualify the downstream algorithm or device effect.]
src/ui/commands/AppMenuBar.control-audit.test.tsx: every registered application menu action 'arrange.align-right' clicks through the menu to the expected outcome [All 91 registered command clicks are covered. Callback dispatch does not itself qualify the downstream algorithm or device effect.]
src/ui/commands/AppMenuBar.control-audit.test.tsx: every registered application menu action 'arrange.align-top' clicks through the menu to the expected outcome [All 91 registered command clicks are covered. Callback dispatch does not itself qualify the downstream algorithm or device effect.]
src/ui/commands/AppMenuBar.control-audit.test.tsx: every registered application menu action 'arrange.align-center-y' clicks through the menu to the expected outcome [All 91 registered command clicks are covered. Callback dispatch does not itself qualify the downstream algorithm or device effect.]
src/ui/commands/AppMenuBar.control-audit.test.tsx: every registered application menu action 'arrange.align-bottom' clicks through the menu to the expected outcome [All 91 registered command clicks are covered. Callback dispatch does not itself qualify the downstream algorithm or device effect.]
src/ui/commands/AppMenuBar.control-audit.test.tsx: every registered application menu action 'arrange.align-centers' clicks through the menu to the expected outcome [All 91 registered command clicks are covered. Callback dispatch does not itself qualify the downstream algorithm or device effect.]
src/ui/commands/AppMenuBar.control-audit.test.tsx: every registered application menu action 'arrange.distribute-horizontal-centers' clicks through the menu to the expected outcome [All 91 registered command clicks are covered. Callback dispatch does not itself qualify the downstream algorithm or device effect.]
src/ui/commands/AppMenuBar.control-audit.test.tsx: every registered application menu action 'arrange.distribute-horizontal-spacing' clicks through the menu to the expected outcome [All 91 registered command clicks are covered. Callback dispatch does not itself qualify the downstream algorithm or device effect.]
src/ui/commands/AppMenuBar.control-audit.test.tsx: every registered application menu action 'arrange.distribute-vertical-centers' clicks through the menu to the expected outcome [All 91 registered command clicks are covered. Callback dispatch does not itself qualify the downstream algorithm or device effect.]
src/ui/commands/AppMenuBar.control-audit.test.tsx: every registered application menu action 'arrange.distribute-vertical-spacing' clicks through the menu to the expected outcome [All 91 registered command clicks are covered. Callback dispatch does not itself qualify the downstream algorithm or device effect.]
src/ui/commands/AppMenuBar.control-audit.test.tsx: every registered application menu action 'arrange.break-apart' clicks through the menu to the expected outcome [All 91 registered command clicks are covered. Callback dispatch does not itself qualify the downstream algorithm or device effect.]
src/ui/commands/AppMenuBar.control-audit.test.tsx: every registered application menu action 'arrange.array' clicks through the menu to the expected outcome [All 91 registered command clicks are covered. Callback dispatch does not itself qualify the downstream algorithm or device effect.]
src/ui/commands/AppMenuBar.control-audit.test.tsx: every registered application menu action 'arrange.quick-nest' clicks through the menu to the expected outcome [All 91 registered command clicks are covered. Callback dispatch does not itself qualify the downstream algorithm or device effect.]
src/ui/commands/AppMenuBar.control-audit.test.tsx: every registered application menu action 'arrange.flip-horizontal' clicks through the menu to the expected outcome [All 91 registered command clicks are covered. Callback dispatch does not itself qualify the downstream algorithm or device effect.]
src/ui/commands/AppMenuBar.control-audit.test.tsx: every registered application menu action 'arrange.flip-vertical' clicks through the menu to the expected outcome [All 91 registered command clicks are covered. Callback dispatch does not itself qualify the downstream algorithm or device effect.]
src/ui/commands/AppMenuBar.control-audit.test.tsx: every registered application menu action 'laser.connect' clicks through the menu to the expected outcome [All 91 registered command clicks are covered. Callback dispatch does not itself qualify the downstream algorithm or device effect.]
src/ui/commands/AppMenuBar.control-audit.test.tsx: every registered application menu action 'laser.disconnect' clicks through the menu to the expected outcome [All 91 registered command clicks are covered. Callback dispatch does not itself qualify the downstream algorithm or device effect.]
src/ui/commands/AppMenuBar.control-audit.test.tsx: every registered application menu action 'laser.home' clicks through the menu to the expected outcome [All 91 registered command clicks are covered. Callback dispatch does not itself qualify the downstream algorithm or device effect.]
src/ui/commands/AppMenuBar.control-audit.test.tsx: every registered application menu action 'window.toggle-preview' clicks through the menu to the expected outcome [All 91 registered command clicks are covered. Callback dispatch does not itself qualify the downstream algorithm or device effect.]
src/ui/commands/AppMenuBar.control-audit.test.tsx: every registered application menu action 'window.toggle-layers-panel' clicks through the menu to the expected outcome [All 91 registered command clicks are covered. Callback dispatch does not itself qualify the downstream algorithm or device effect.]
src/ui/commands/AppMenuBar.control-audit.test.tsx: every registered application menu action 'window.toggle-machine-panel' clicks through the menu to the expected outcome [All 91 registered command clicks are covered. Callback dispatch does not itself qualify the downstream algorithm or device effect.]
src/ui/commands/AppMenuBar.control-audit.test.tsx: every registered application menu action 'window.toggle-side-panels' clicks through the menu to the expected outcome [All 91 registered command clicks are covered. Callback dispatch does not itself qualify the downstream algorithm or device effect.]
src/ui/commands/AppMenuBar.control-audit.test.tsx: every registered application menu action 'window.reset-layout' clicks through the menu to the expected outcome [All 91 registered command clicks are covered. Callback dispatch does not itself qualify the downstream algorithm or device effect.]
src/ui/commands/AppMenuBar.control-audit.test.tsx: every registered application menu action 'window.fit-view' clicks through the menu to the expected outcome [All 91 registered command clicks are covered. Callback dispatch does not itself qualify the downstream algorithm or device effect.]
src/ui/commands/AppMenuBar.control-audit.test.tsx: every registered application menu action 'window.project-notes' clicks through the menu to the expected outcome [All 91 registered command clicks are covered. Callback dispatch does not itself qualify the downstream algorithm or device effect.]
src/ui/commands/AppMenuBar.control-audit.test.tsx: every registered application menu action 'window.undo-history' clicks through the menu to the expected outcome [All 91 registered command clicks are covered. Callback dispatch does not itself qualify the downstream algorithm or device effect.]
src/ui/commands/AppMenuBar.control-audit.test.tsx: every registered application menu action 'help.about' clicks through the menu to the expected outcome [All 91 registered command clicks are covered. Callback dispatch does not itself qualify the downstream algorithm or device effect.]
src/ui/commands/AppMenuBar.control-audit.test.tsx: every registered application menu action 'help.tutorials' clicks through the menu to the expected outcome [All 91 registered command clicks are covered. Callback dispatch does not itself qualify the downstream algorithm or device effect.]
src/ui/commands/AppMenuBar.control-audit.test.tsx: every registered application menu action 'help.connection' clicks through the menu to the expected outcome [All 91 registered command clicks are covered. Callback dispatch does not itself qualify the downstream algorithm or device effect.]
src/ui/commands/AppMenuBar.control-audit.test.tsx: every registered application menu action 'help.safety' clicks through the menu to the expected outcome [All 91 registered command clicks are covered. Callback dispatch does not itself qualify the downstream algorithm or device effect.]
src/ui/commands/AppMenuBar.control-audit.test.tsx: every registered application menu action 'help.report-bug' clicks through the menu to the expected outcome [All 91 registered command clicks are covered. Callback dispatch does not itself qualify the downstream algorithm or device effect.]
src/ui/commands/AppMenuBar.control-audit.test.tsx: every registered application menu action 'help.discussions' clicks through the menu to the expected outcome [All 91 registered command clicks are covered. Callback dispatch does not itself qualify the downstream algorithm or device effect.]","All 91 registered command clicks are covered. Callback dispatch does not itself qualify the downstream algorithm or device effect."
"src/ui/commands/AppMenuBar.tsx:156:7","commands","src/ui/commands/AppMenuBar.tsx:156","CommandTutorialButton","verified-behaviour","Open the named lesson for an unavailable command without executing the command; preserve a stable menu focus return target.","{""disabledWhen"":null,""enclosingConditions"":[]}","src/ui/tutorials/TutorialHost.test.tsx: TutorialHost learning flow makes a disabled command lesson usable without running that command or losing menu focus [Rendered control and real application state were exercised with disposable test state.]","Rendered control and real application state were exercised with disposable test state."
"src/ui/commands/ArrayDialog.tsx:52:7","commands","src/ui/commands/ArrayDialog.tsx:52","Array type","not-action-control","Semantic panel/tab-list container, not an independently actionable control.","{""disabledWhen"":null,""enclosingConditions"":[]}","","Inventory scanner includes semantic/gesture surfaces; source reviewed to avoid counting them as passed buttons."
"src/ui/commands/ArrayDialog.tsx:53:9","commands","src/ui/commands/ArrayDialog.tsx:53","Grid","verified-boundary","Switch grid/circular mode and submit the independently entered count, dimensions, angle and rotate-copies flag.","{""disabledWhen"":null,""enclosingConditions"":[]}","src/ui/app/interface-control-outcomes.test.tsx: individual editing dialog actions Grid and Circular array modes submit their own settings, including rotation [Rendered dialog to parsed-options callback; geometry generation is separate.]","Rendered dialog to parsed-options callback; geometry generation is separate."
"src/ui/commands/ArrayDialog.tsx:54:9","commands","src/ui/commands/ArrayDialog.tsx:54","Point Rotation","verified-boundary","Select point rotation and submit count plus signed total angle.","{""disabledWhen"":null,""enclosingConditions"":[]}","src/ui/commands/ArrayDialog.test.tsx: ArrayDialog submits point rotation count and signed total angle [Verified UI-to-callback or browser-adapter boundary; the external/native effect was not exercised.]","Verified UI-to-callback or browser-adapter boundary; the external/native effect was not exercised."
"src/ui/commands/ArrayDialog.tsx:59:9","commands","src/ui/commands/ArrayDialog.tsx:59","Circular","verified-boundary","Switch grid/circular mode and submit the independently entered count, dimensions, angle and rotate-copies flag.","{""disabledWhen"":null,""enclosingConditions"":[]}","src/ui/app/interface-control-outcomes.test.tsx: individual editing dialog actions Grid and Circular array modes submit their own settings, including rotation [Rendered dialog to parsed-options callback; geometry generation is separate.]","Rendered dialog to parsed-options callback; geometry generation is separate."
"src/ui/commands/ArrayDialog.tsx:82:9","commands","src/ui/commands/ArrayDialog.tsx:82","Cancel","verified-boundary","Cancel without submitting an array.","{""disabledWhen"":null,""enclosingConditions"":[]}","src/ui/commands/ArrayDialog.test.tsx: ArrayDialog cancels without applying an array [Verified UI-to-callback or browser-adapter boundary; the external/native effect was not exercised.]","Verified UI-to-callback or browser-adapter boundary; the external/native effect was not exercised."
"src/ui/commands/ArrayDialog.tsx:83:9","commands","src/ui/commands/ArrayDialog.tsx:83","Create array","verified-boundary","Switch grid/circular mode and submit the independently entered count, dimensions, angle and rotate-copies flag.","{""disabledWhen"":null,""enclosingConditions"":[]}","src/ui/app/interface-control-outcomes.test.tsx: individual editing dialog actions Grid and Circular array modes submit their own settings, including rotation [Rendered dialog to parsed-options callback; geometry generation is separate.]","Rendered dialog to parsed-options callback; geometry generation is separate."
"src/ui/commands/ArrayDialog.tsx:97:5","commands","src/ui/commands/ArrayDialog.tsx:97","{props.label}","verified-boundary","Switch grid/circular mode and submit the independently entered count, dimensions, angle and rotate-copies flag.","{""disabledWhen"":null,""enclosingConditions"":[]}","src/ui/app/interface-control-outcomes.test.tsx: individual editing dialog actions Grid and Circular array modes submit their own settings, including rotation [Rendered dialog to parsed-options callback; geometry generation is separate.]","Rendered dialog to parsed-options callback; geometry generation is separate."
"src/ui/commands/ArrayDialogFields.tsx:103:9","commands","src/ui/commands/ArrayDialogFields.tsx:103","Rotate each copy to follow its position around the circle","verified-boundary","Carry the rotate-copies checkbox into circular array options.","{""disabledWhen"":null,""enclosingConditions"":[]}","src/ui/app/interface-control-outcomes.test.tsx: individual editing dialog actions Grid and Circular array modes submit their own settings, including rotation [Verified UI-to-callback or browser-adapter boundary; the external/native effect was not exercised.]","Verified UI-to-callback or browser-adapter boundary; the external/native effect was not exercised."
"src/ui/commands/CloseOpenFillContoursDialog.tsx:68:9","commands","src/ui/commands/CloseOpenFillContoursDialog.tsx:68","Cancel","verified-boundary","Cancel without applying repairs or changing artwork.","{""disabledWhen"":null,""enclosingConditions"":[]}","src/ui/app/interface-control-outcomes.test.tsx: individual editing dialog actions contour repair Cancel leaves the project intact and an ineligible Apply stays inert [Verified UI-to-callback or browser-adapter boundary; the external/native effect was not exercised.]","Verified UI-to-callback or browser-adapter boundary; the external/native effect was not exercised."
"src/ui/commands/CloseOpenFillContoursDialog.tsx:69:9","commands","src/ui/commands/CloseOpenFillContoursDialog.tsx:69","Apply Close","verified-boundary","Apply is inert for an ineligible selection; eligible submission is separately exercised.","{""disabledWhen"":""!canApply"",""enclosingConditions"":[]}","src/ui/commands/CloseOpenFillContoursDialog.test.tsx: CloseOpenFillContoursDialog previews tolerance repair counts and applies only after confirmation [Verified UI-to-callback or browser-adapter boundary; the external/native effect was not exercised.]
src/ui/app/interface-control-outcomes.test.tsx: individual editing dialog actions contour repair Cancel leaves the project intact and an ineligible Apply stays inert [Verified UI-to-callback or browser-adapter boundary; the external/native effect was not exercised.]","Verified UI-to-callback or browser-adapter boundary; the external/native effect was not exercised."
"src/ui/commands/CommandTutorialButton.tsx:13:5","commands","src/ui/commands/CommandTutorialButton.tsx:13","`Tutorial: ${props.command.label}`","verified-behaviour","Open the command lesson without running the unavailable command and restore menu focus.","{""disabledWhen"":null,""enclosingConditions"":[]}","src/ui/tutorials/TutorialHost.test.tsx: TutorialHost learning flow makes a disabled command lesson usable without running that command or losing menu focus [Rendered control and real application state were exercised with disposable test state.]","Rendered control and real application state were exercised with disposable test state."
"src/ui/commands/NumericEditsBar.tsx:151:7","commands","src/ui/commands/NumericEditsBar.tsx:151","Lock aspect ratio","verified-behaviour","Toggle the aspect lock; width changes proportionally rescale height when locked.","{""disabledWhen"":""!model.hasSelection"",""enclosingConditions"":[]}","src/ui/workspace/WorkspaceButtons.audit.test.tsx: viewport and preview individual outcomes aspect lock makes width edits scale height proportionally [Rendered control and real application state were exercised with disposable test state.]
src/ui/workspace/WorkspaceButtons.audit.test.tsx: viewport and preview individual outcomes aspect lock makes width edits scale height proportionally [Rendered control and real application state were exercised with disposable test state.]","Rendered control and real application state were exercised with disposable test state."
"src/ui/commands/ProjectNotesDialog.tsx:30:9","commands","src/ui/commands/ProjectNotesDialog.tsx:30","Cancel","verified-boundary","Discard the note draft without applying it.","{""disabledWhen"":null,""enclosingConditions"":[]}","src/ui/app/interface-control-outcomes.test.tsx: individual editing dialog actions Project Notes Cancel discards the draft and never applies it [Verified UI-to-callback or browser-adapter boundary; the external/native effect was not exercised.]","Verified UI-to-callback or browser-adapter boundary; the external/native effect was not exercised."
"src/ui/commands/ProjectNotesDialog.tsx:33:9","commands","src/ui/commands/ProjectNotesDialog.tsx:33","Save Notes","verified-boundary","Submit the edited notes text.","{""disabledWhen"":null,""enclosingConditions"":[]}","src/ui/commands/ProjectNotesDialog.test.tsx: ProjectNotesDialog edits project notes and submits the new text [Verified UI-to-callback or browser-adapter boundary; the external/native effect was not exercised.]","Verified UI-to-callback or browser-adapter boundary; the external/native effect was not exercised."
"src/ui/commands/QuickNestDialog.tsx:51:11","commands","src/ui/commands/QuickNestDialog.tsx:51","Allow parts to rotate by 90 degrees while nesting","verified-boundary","Select Outline/Fast and optional 90-degree rotation; submit chosen settings or cancel without applying.","{""disabledWhen"":null,""enclosingConditions"":[]}","src/ui/app/interface-control-outcomes.test.tsx: individual editing dialog actions Quick Nest Outline and rotation controls submit the chosen method without side effects on Cancel [Rendered parsed-options callback. Nesting geometry itself is not established by this dialog test.]","Rendered parsed-options callback. Nesting geometry itself is not established by this dialog test."
"src/ui/commands/QuickNestDialog.tsx:61:9","commands","src/ui/commands/QuickNestDialog.tsx:61","Cancel","verified-boundary","Select Outline/Fast and optional 90-degree rotation; submit chosen settings or cancel without applying.","{""disabledWhen"":null,""enclosingConditions"":[]}","src/ui/app/interface-control-outcomes.test.tsx: individual editing dialog actions Quick Nest Outline and rotation controls submit the chosen method without side effects on Cancel [Rendered parsed-options callback. Nesting geometry itself is not established by this dialog test.]","Rendered parsed-options callback. Nesting geometry itself is not established by this dialog test."
"src/ui/commands/QuickNestDialog.tsx:62:9","commands","src/ui/commands/QuickNestDialog.tsx:62","Nest selection","verified-boundary","Choose Fast then submit explicit method, spacing and rotation options.","{""disabledWhen"":null,""enclosingConditions"":[]}","src/ui/app/interface-control-outcomes.test.tsx: individual editing dialog actions Quick Nest Outline and rotation controls submit the chosen method without side effects on Cancel [Rendered parsed-options callback. Nesting geometry itself is not established by this dialog test.]
src/ui/commands/QuickNestDialog.test.tsx: QuickNestDialog defaults to outline nesting and submits an explicit method choice [Verified UI-to-callback or browser-adapter boundary; the external/native effect was not exercised.]","Verified UI-to-callback or browser-adapter boundary; the external/native effect was not exercised."
"src/ui/commands/QuickNestDialog.tsx:78:9","commands","src/ui/commands/QuickNestDialog.tsx:78","Outline","verified-boundary","Select Outline/Fast and optional 90-degree rotation; submit chosen settings or cancel without applying.","{""disabledWhen"":null,""enclosingConditions"":[]}","src/ui/app/interface-control-outcomes.test.tsx: individual editing dialog actions Quick Nest Outline and rotation controls submit the chosen method without side effects on Cancel [Rendered parsed-options callback. Nesting geometry itself is not established by this dialog test.]","Rendered parsed-options callback. Nesting geometry itself is not established by this dialog test."
"src/ui/commands/QuickNestDialog.tsx:85:9","commands","src/ui/commands/QuickNestDialog.tsx:85","Fast","verified-boundary","Choose Fast then submit explicit method, spacing and rotation options.","{""disabledWhen"":null,""enclosingConditions"":[]}","src/ui/app/interface-control-outcomes.test.tsx: individual editing dialog actions Quick Nest Outline and rotation controls submit the chosen method without side effects on Cancel [Rendered parsed-options callback. Nesting geometry itself is not established by this dialog test.]
src/ui/commands/QuickNestDialog.test.tsx: QuickNestDialog defaults to outline nesting and submits an explicit method choice [Verified UI-to-callback or browser-adapter boundary; the external/native effect was not exercised.]","Verified UI-to-callback or browser-adapter boundary; the external/native effect was not exercised."
"src/ui/commands/TransformAnchorPicker.tsx:44:7","commands","src/ui/commands/TransformAnchorPicker.tsx:44","Choose transform anchor","verified-behaviour","Open the nine-position anchor picker; commit the selected anchor and return focus.","{""disabledWhen"":""props.disabled"",""enclosingConditions"":[]}","src/ui/commands/NumericEditsBar.test.tsx: NumericEditsBar stores the selected anchor for numeric fields and canvas transforms [Rendered control and real application state were exercised with disposable test state.]
src/ui/commands/NumericEditsBar.test.tsx: NumericEditsBar opens the selected anchor with the keyboard and navigates all nine positions [Rendered control and real application state were exercised with disposable test state.]","Rendered control and real application state were exercised with disposable test state."
"src/ui/commands/TransformAnchorPicker.tsx:80:15","commands","src/ui/commands/TransformAnchorPicker.tsx:80","`Transform anchor: ${ANCHOR_NAMES[anchor]}`","verified-behaviour","Open the nine-position anchor picker; commit the selected anchor and return focus.","{""disabledWhen"":""props.disabled"",""enclosingConditions"":[""open""]}","src/ui/commands/NumericEditsBar.test.tsx: NumericEditsBar stores the selected anchor for numeric fields and canvas transforms [Rendered control and real application state were exercised with disposable test state.]
src/ui/commands/NumericEditsBar.test.tsx: NumericEditsBar opens the selected anchor with the keyboard and navigates all nine positions [Rendered control and real application state were exercised with disposable test state.]","Rendered control and real application state were exercised with disposable test state."
"src/ui/commands/UndoHistoryDialog.tsx:25:9","commands","src/ui/commands/UndoHistoryDialog.tsx:25","Undo","verified-boundary","Keep empty Undo/Redo inert and dispatch Close exactly once.","{""disabledWhen"":""props.undoStack.length === 0"",""enclosingConditions"":[]}","src/ui/commands/UndoHistoryDialog.test.tsx: UndoHistoryDialog runs undo and redo actions from the dialog [Verified UI-to-callback or browser-adapter boundary; the external/native effect was not exercised.]
src/ui/app/interface-control-outcomes.test.tsx: individual editing dialog actions Undo History Close dispatches once and empty Undo/Redo cannot dispatch [Verified UI-to-callback or browser-adapter boundary; the external/native effect was not exercised.]","Verified UI-to-callback or browser-adapter boundary; the external/native effect was not exercised."
"src/ui/commands/UndoHistoryDialog.tsx:28:9","commands","src/ui/commands/UndoHistoryDialog.tsx:28","Redo","verified-boundary","Keep empty Undo/Redo inert and dispatch Close exactly once.","{""disabledWhen"":""props.redoStack.length === 0"",""enclosingConditions"":[]}","src/ui/commands/UndoHistoryDialog.test.tsx: UndoHistoryDialog runs undo and redo actions from the dialog [Verified UI-to-callback or browser-adapter boundary; the external/native effect was not exercised.]
src/ui/app/interface-control-outcomes.test.tsx: individual editing dialog actions Undo History Close dispatches once and empty Undo/Redo cannot dispatch [Verified UI-to-callback or browser-adapter boundary; the external/native effect was not exercised.]","Verified UI-to-callback or browser-adapter boundary; the external/native effect was not exercised."
"src/ui/commands/UndoHistoryDialog.tsx:31:9","commands","src/ui/commands/UndoHistoryDialog.tsx:31","Close","verified-boundary","Keep empty Undo/Redo inert and dispatch Close exactly once.","{""disabledWhen"":null,""enclosingConditions"":[]}","src/ui/app/interface-control-outcomes.test.tsx: individual editing dialog actions Undo History Close dispatches once and empty Undo/Redo cannot dispatch [Verified UI-to-callback or browser-adapter boundary; the external/native effect was not exercised.]","Verified UI-to-callback or browser-adapter boundary; the external/native effect was not exercised."
"src/ui/commands/WorkspaceContextBar.tsx:51:9","commands","src/ui/commands/WorkspaceContextBar.tsx:51","ContextCommandButton","verified-boundary","Dispatch the selected quick action and close the floating menu.","{""disabledWhen"":null,""enclosingConditions"":[]}","src/ui/commands/WorkspaceContextBar.test.tsx: WorkspaceContextBar runs enabled quick-bar commands through the command object and closes [Verified UI-to-callback or browser-adapter boundary; the external/native effect was not exercised.]","Verified UI-to-callback or browser-adapter boundary; the external/native effect was not exercised."
"src/ui/commands/WorkspaceContextBar.tsx:54:9","commands","src/ui/commands/WorkspaceContextBar.tsx:54","More","verified-boundary","Open More, invoke the selected submenu action once and close both levels.","{""disabledWhen"":null,""enclosingConditions"":[""more.length > 0""]}","src/ui/commands/WorkspaceContextBar.test.tsx: WorkspaceContextBar runs a More action exactly once and dismisses both menu levels [Verified UI-to-callback or browser-adapter boundary; the external/native effect was not exercised.]","Verified UI-to-callback or browser-adapter boundary; the external/native effect was not exercised."
"src/ui/commands/WorkspaceContextBar.tsx:75:13","commands","src/ui/commands/WorkspaceContextBar.tsx:75","ContextCommandButton","verified-boundary","Open More, invoke the selected submenu action once and close both levels.","{""disabledWhen"":null,""enclosingConditions"":[""moreOpen""]}","src/ui/commands/WorkspaceContextBar.test.tsx: WorkspaceContextBar runs a More action exactly once and dismisses both menu levels [Verified UI-to-callback or browser-adapter boundary; the external/native effect was not exercised.]","Verified UI-to-callback or browser-adapter boundary; the external/native effect was not exercised."
"src/ui/commands/WorkspaceContextBar.tsx:89:5","commands","src/ui/commands/WorkspaceContextBar.tsx:89","{props.command.label}","verified-boundary","Dispatch the selected quick action and close the floating menu.","{""disabledWhen"":""!props.command.enabled"",""enclosingConditions"":[]}","src/ui/commands/WorkspaceContextBar.test.tsx: WorkspaceContextBar runs enabled quick-bar commands through the command object and closes [Verified UI-to-callback or browser-adapter boundary; the external/native effect was not exercised.]","Verified UI-to-callback or browser-adapter boundary; the external/native effect was not exercised."
"src/ui/common/CollapsibleRail.tsx:20:9","common","src/ui/common/CollapsibleRail.tsx:20","props.title","verified-behaviour","Collapse/expand the requested rail and open its configured contextual lesson.","{""disabledWhen"":null,""enclosingConditions"":[""not props.tutorialId === undefined""]}","src/ui/app/interface-control-outcomes.test.tsx: individual shell control outcomes rail collapse and expand change the visible surface and retain contextual help [Rendered control and real application state were exercised with disposable test state.]","Rendered control and real application state were exercised with disposable test state."
"src/ui/common/CollapsibleRail.tsx:22:7","common","src/ui/common/CollapsibleRail.tsx:22","label","verified-behaviour","Collapse/expand the requested rail and open its configured contextual lesson.","{""disabledWhen"":null,""enclosingConditions"":[]}","src/ui/app/interface-control-outcomes.test.tsx: individual shell control outcomes rail collapse and expand change the visible surface and retain contextual help [Rendered control and real application state were exercised with disposable test state.]","Rendered control and real application state were exercised with disposable test state."
"src/ui/common/CollapsibleRail.tsx:42:7","common","src/ui/common/CollapsibleRail.tsx:42","label","verified-behaviour","Collapse/expand the requested rail and open its configured contextual lesson.","{""disabledWhen"":null,""enclosingConditions"":[]}","src/ui/app/interface-control-outcomes.test.tsx: individual shell control outcomes rail collapse and expand change the visible surface and retain contextual help [Rendered control and real application state were exercised with disposable test state.]","Rendered control and real application state were exercised with disposable test state."
"src/ui/common/ConfirmSaveDialog.tsx:30:9","common","src/ui/common/ConfirmSaveDialog.tsx:30","Save","verified-behaviour","Resolve the pending choice as save and close the dialog.","{""disabledWhen"":null,""enclosingConditions"":[]}","src/ui/common/ConfirmSaveDialog.test.tsx: ConfirmSaveDialog (LU18) clicking Save resolves save and closes [Rendered control and real application state were exercised with disposable test state.]","Rendered control and real application state were exercised with disposable test state."
"src/ui/common/ConfirmSaveDialog.tsx:33:9","common","src/ui/common/ConfirmSaveDialog.tsx:33","Don&apos;t Save","verified-behaviour","Resolve the pending choice as discard and close the dialog.","{""disabledWhen"":null,""enclosingConditions"":[]}","src/ui/common/ConfirmSaveDialog.test.tsx: ConfirmSaveDialog (LU18) clicking Don't Save resolves discard and closes [Rendered control and real application state were exercised with disposable test state.]","Rendered control and real application state were exercised with disposable test state."
"src/ui/common/ConfirmSaveDialog.tsx:34:9","common","src/ui/common/ConfirmSaveDialog.tsx:34","Cancel","verified-behaviour","Resolve the pending choice as cancel and close the dialog.","{""disabledWhen"":null,""enclosingConditions"":[]}","src/ui/common/ConfirmSaveDialog.test.tsx: ConfirmSaveDialog (LU18) clicking Cancel resolves cancel and closes [Rendered control and real application state were exercised with disposable test state.]","Rendered control and real application state were exercised with disposable test state."
"src/ui/common/DesktopPreviewUpdateButton.tsx:36:9","common","src/ui/common/DesktopPreviewUpdateButton.tsx:36","`Download KerfDesk ${version}`","verified-boundary","Link the announced newer Preview to the fixed official download page.","{""disabledWhen"":null,""enclosingConditions"":[""version !== null && updates !== undefined""]}","src/ui/common/DesktopPreviewUpdateButton.test.tsx: DesktopPreviewUpdateButton announces and links a newer Preview to the fixed official page [Anchor URL and presentation checked; download/install was not attempted.]","Anchor URL and presentation checked; download/install was not attempted."
"src/ui/common/DownloadDesktopLink.tsx:15:5","common","src/ui/common/DownloadDesktopLink.tsx:15","Download desktop app","verified-boundary","Open the configured public release page in a new tab.","{""disabledWhen"":null,""enclosingConditions"":[]}","src/ui/common/DownloadDesktopLink.test.tsx: DownloadDesktopLink links directly to the public release repository in a new tab [Anchor target inspected; actual remote download was not attempted.]","Anchor target inspected; actual remote download was not attempted."
"src/ui/common/ErrorBoundary.tsx:106:11","common","src/ui/common/ErrorBoundary.tsx:106","{SOFTWARE_ABORT_LABEL}","verified-boundary","Invoke the supplied software Abort action when motion is live.","{""disabledWhen"":null,""enclosingConditions"":[""showSoftwareAbort""]}","src/ui/common/ErrorBoundary.test.tsx: ErrorBoundary shows a working ABORT in the crash screen when motion was live (F60/F65) [Crash UI invokes a mocked Abort; controller response and physical stopping are not established.]","Crash UI invokes a mocked Abort; controller response and physical stopping are not established."
"src/ui/common/ErrorBoundary.tsx:116:9","common","src/ui/common/ErrorBoundary.tsx:116","{copyState === 'copied' ? 'Copied' : 'Copy diagnostic'}","verified-boundary","Copy the local diagnostic payload and show Copied.","{""disabledWhen"":null,""enclosingConditions"":[]}","src/ui/app/interface-control-outcomes.test.tsx: individual shell control outcomes Try again remounts recovered content and Copy diagnostic writes the local error payload [Clipboard API mocked; payload independently asserted.]","Clipboard API mocked; payload independently asserted."
"src/ui/common/ErrorBoundary.tsx:123:9","common","src/ui/common/ErrorBoundary.tsx:123","Try again","verified-behaviour","Remount recovered child content after a rendering error.","{""disabledWhen"":null,""enclosingConditions"":[]}","src/ui/app/interface-control-outcomes.test.tsx: individual shell control outcomes Try again remounts recovered content and Copy diagnostic writes the local error payload [Rendered control and real application state were exercised with disposable test state.]","Rendered control and real application state were exercised with disposable test state."
"src/ui/common/InstallButton.tsx:35:5","common","src/ui/common/InstallButton.tsx:35","Install app","verified-boundary","Invoke the deferred browser install prompt once, then hide this prompt button.","{""disabledWhen"":null,""enclosingConditions"":[]}","src/ui/common/InstallButton.test.tsx: InstallButton prompts the browser and hides itself when clicked [Browser beforeinstallprompt and prompt adapter mocked; installation not attempted.]","Browser beforeinstallprompt and prompt adapter mocked; installation not attempted."
"src/ui/common/PwaUpdateButton.tsx:28:9","common","src/ui/common/PwaUpdateButton.tsx:28","Apply app update","verified-boundary","Invoke the staged update callback; the updater owns subsequent safe application.","{""disabledWhen"":null,""enclosingConditions"":[""stagedApply !== null""]}","src/ui/common/PwaUpdateButton.test.tsx: PwaUpdateButton applies the update through the staged callback on click [Staged callback mocked; service-worker takeover/relaunch not exercised.]","Staged callback mocked; service-worker takeover/relaunch not exercised."
"src/ui/common/SaveFilenamePanel.tsx:48:9","common","src/ui/common/SaveFilenamePanel.tsx:48","Save","verified-behaviour","Resolve the queued save-name request with the edited filename and close.","{""disabledWhen"":null,""enclosingConditions"":[]}","src/ui/common/SaveFilenamePanel.test.tsx: SaveFilenamePanel keeps the filename editable without registering a blocking modal [Rendered control and real application state were exercised with disposable test state.]","Rendered control and real application state were exercised with disposable test state."
"src/ui/common/SaveFilenamePanel.tsx:51:9","common","src/ui/common/SaveFilenamePanel.tsx:51","Cancel","verified-behaviour","Cancel only the active queued filename request with null.","{""disabledWhen"":null,""enclosingConditions"":[]}","src/ui/common/SaveFilenamePanel.test.tsx: SaveFilenamePanel queues overlapping save names instead of replacing either request [Rendered control and real application state were exercised with disposable test state.]","Rendered control and real application state were exercised with disposable test state."
"src/ui/common/ShortcutsDialog.tsx:33:9","common","src/ui/common/ShortcutsDialog.tsx:33","Close","verified-behaviour","Close the shortcuts dialog and release modal ownership.","{""disabledWhen"":null,""enclosingConditions"":[]}","src/ui/app/interface-control-outcomes.test.tsx: individual shell control outcomes Keyboard Shortcuts Close removes its dialog and releases modal ownership [Rendered control and real application state were exercised with disposable test state.]","Rendered control and real application state were exercised with disposable test state."
"src/ui/common/StatusBar.tsx:64:9","common","src/ui/common/StatusBar.tsx:64","DesktopPreviewUpdateButton","verified-boundary","Mount the shared Preview update link in the status rail.","{""disabledWhen"":null,""enclosingConditions"":[]}","src/ui/common/DesktopPreviewUpdateButton.test.tsx: DesktopPreviewUpdateButton announces and links a newer Preview to the fixed official page [Shared component URL evidence and inspected mounting; no native update run.]","Shared component URL evidence and inspected mounting; no native update run."
"src/ui/common/StatusBar.tsx:65:9","common","src/ui/common/StatusBar.tsx:65","PwaUpdateButton","verified-boundary","Expose the staged update action in the fixed status rail.","{""disabledWhen"":null,""enclosingConditions"":[]}","src/ui/common/StatusBar.test.tsx: StatusBar hosts the Update button in the fixed action rail when an update is ready [Status mounting verified; shared PwaUpdateButton callback evidence applies.]","Status mounting verified; shared PwaUpdateButton callback evidence applies."
"src/ui/common/Toasts.tsx:45:13","common","src/ui/common/Toasts.tsx:45","dismissLabel","verified-behaviour","Dismiss the selected notification without submitting its enclosing form.","{""disabledWhen"":null,""enclosingConditions"":[]}","src/ui/common/Toasts.placement.test.tsx: Toast placement reserves a row inside the modal and dismisses without submitting its form [Rendered control and real application state were exercised with disposable test state.]","Rendered control and real application state were exercised with disposable test state."
"src/ui/common/Toolbar.tsx:30:9","common","src/ui/common/Toolbar.tsx:30","Learn","verified-boundary","Open the shared Learn library.","{""disabledWhen"":null,""enclosingConditions"":[]}","src/ui/tutorials/TutorialHost.test.tsx: TutorialHost learning flow returns to Help after opening the tutorial library through its ordinary menu command [Shared tutorial host tested and Toolbar TutorialButton binding inspected; this exact Learn opener was not clicked in this case.]","Shared tutorial host tested and Toolbar TutorialButton binding inspected; this exact Learn opener was not clicked in this case."
"src/ui/common/Toolbar.tsx:32:9","common","src/ui/common/Toolbar.tsx:32","Keyboard Shortcuts","verified-behaviour","Open the keyboard shortcuts dialog.","{""disabledWhen"":null,""enclosingConditions"":[]}","src/ui/common/Toolbar.test.tsx: Toolbar shortcut hint (audit M27/A.5) opens the Keyboard Shortcuts dialog from the toolbar button [Rendered control and real application state were exercised with disposable test state.]","Rendered control and real application state were exercised with disposable test state."
"src/ui/common/Toolbar.tsx:42:9","common","src/ui/common/Toolbar.tsx:42","InstallButton","verified-boundary","Mount the deferred install action only when the browser offers it.","{""disabledWhen"":null,""enclosingConditions"":[]}","src/ui/common/InstallButton.test.tsx: InstallButton prompts the browser and hides itself when clicked [Shared component click and Toolbar mounting tested; browser installation not attempted.]","Shared component click and Toolbar mounting tested; browser installation not attempted."
"src/ui/common/ToolbarCommands.tsx:19:13","common","src/ui/common/ToolbarCommands.tsx:19","ToolbarButton","verified-boundary","Dispatch visible toolbar actions through their registered command object.","{""disabledWhen"":null,""enclosingConditions"":[]}","src/ui/common/Toolbar.test.tsx: Toolbar command buttons runs toolbar clicks through the command registry command object [Verified UI-to-callback or browser-adapter boundary; the external/native effect was not exercised.]","Verified UI-to-callback or browser-adapter boundary; the external/native effect was not exercised."
"src/ui/common/ToolbarCommands.tsx:59:7","common","src/ui/common/ToolbarCommands.tsx:59","More commands","verified-boundary","Open More, skip disabled entries, dispatch the chosen command and restore focus on dismissal.","{""disabledWhen"":null,""enclosingConditions"":[]}","src/ui/common/Toolbar.overflow.test.tsx: Toolbar overflow interactions keeps extra commands reachable with registry help, shortcuts, disabled state and dispatch [Verified UI-to-callback or browser-adapter boundary; the external/native effect was not exercised.]
src/ui/common/Toolbar.overflow.test.tsx: Toolbar overflow interactions supports keyboard opening, skips disabled commands, and restores focus on Escape [Verified UI-to-callback or browser-adapter boundary; the external/native effect was not exercised.]","Verified UI-to-callback or browser-adapter boundary; the external/native effect was not exercised."
"src/ui/common/ToolbarCommands.tsx:125:5","common","src/ui/common/ToolbarCommands.tsx:125","command.label","verified-boundary","Open More, skip disabled entries, dispatch the chosen command and restore focus on dismissal.","{""disabledWhen"":""!command.enabled"",""enclosingConditions"":[]}","src/ui/common/Toolbar.overflow.test.tsx: Toolbar overflow interactions keeps extra commands reachable with registry help, shortcuts, disabled state and dispatch [Verified UI-to-callback or browser-adapter boundary; the external/native effect was not exercised.]
src/ui/common/Toolbar.overflow.test.tsx: Toolbar overflow interactions supports keyboard opening, skips disabled commands, and restores focus on Escape [Verified UI-to-callback or browser-adapter boundary; the external/native effect was not exercised.]","Verified UI-to-callback or browser-adapter boundary; the external/native effect was not exercised."
"src/ui/common/ToolbarCommands.tsx:151:5","common","src/ui/common/ToolbarCommands.tsx:151","command.label","verified-boundary","Dispatch visible toolbar actions through their registered command object.","{""disabledWhen"":""!command.enabled"",""enclosingConditions"":[]}","src/ui/common/Toolbar.test.tsx: Toolbar command buttons runs toolbar clicks through the command registry command object [Verified UI-to-callback or browser-adapter boundary; the external/native effect was not exercised.]","Verified UI-to-callback or browser-adapter boundary; the external/native effect was not exercised."
"src/ui/common/WorkspaceLayoutSelect.tsx:44:7","common","src/ui/common/WorkspaceLayoutSelect.tsx:44","Workspace layout","verified-behaviour","Open layout choices and persist the explicitly chosen layout without changing preferences during navigation.","{""disabledWhen"":null,""enclosingConditions"":[]}","src/ui/common/WorkspaceLayoutSelect.test.tsx: Workspace layout menu navigates without changing preferences, then saves and restores the chosen layout [Rendered control and real application state were exercised with disposable test state.]","Rendered control and real application state were exercised with disposable test state."
"src/ui/common/WorkspaceLayoutSelect.tsx:97:9","common","src/ui/common/WorkspaceLayoutSelect.tsx:97","option.label","verified-behaviour","Open layout choices and persist the explicitly chosen layout without changing preferences during navigation.","{""disabledWhen"":null,""enclosingConditions"":[]}","src/ui/common/WorkspaceLayoutSelect.test.tsx: Workspace layout menu navigates without changing preferences, then saves and restores the chosen layout [Rendered control and real application state were exercised with disposable test state.]","Rendered control and real application state were exercised with disposable test state."
"src/ui/tutorials/TutorialButton.tsx:16:5","tutorials","src/ui/tutorials/TutorialButton.tsx:16","props.compact === true ? name : undefined","verified-behaviour","Every one of the 93 shipped contextual lesson IDs opens its named content and leaves project/history unchanged.","{""disabledWhen"":null,""enclosingConditions"":[]}","src/ui/tutorials/TutorialControls.audit.test.tsx: individual tutorial control outcomes 'first-project' card and contextual button open the named lesson without editing the project [Rendered control and real application state were exercised with disposable test state.]
src/ui/tutorials/TutorialControls.audit.test.tsx: individual tutorial control outcomes 'projects' card and contextual button open the named lesson without editing the project [Rendered control and real application state were exercised with disposable test state.]
src/ui/tutorials/TutorialControls.audit.test.tsx: individual tutorial control outcomes 'import' card and contextual button open the named lesson without editing the project [Rendered control and real application state were exercised with disposable test state.]
src/ui/tutorials/TutorialControls.audit.test.tsx: individual tutorial control outcomes 'workspace' card and contextual button open the named lesson without editing the project [Rendered control and real application state were exercised with disposable test state.]
src/ui/tutorials/TutorialControls.audit.test.tsx: individual tutorial control outcomes 'shortcuts' card and contextual button open the named lesson without editing the project [Rendered control and real application state were exercised with disposable test state.]
src/ui/tutorials/TutorialControls.audit.test.tsx: individual tutorial control outcomes 'design-library' card and contextual button open the named lesson without editing the project [Rendered control and real application state were exercised with disposable test state.]
src/ui/tutorials/TutorialControls.audit.test.tsx: individual tutorial control outcomes 'project-notes' card and contextual button open the named lesson without editing the project [Rendered control and real application state were exercised with disposable test state.]
src/ui/tutorials/TutorialControls.audit.test.tsx: individual tutorial control outcomes 'select' card and contextual button open the named lesson without editing the project [Rendered control and real application state were exercised with disposable test state.]
src/ui/tutorials/TutorialControls.audit.test.tsx: individual tutorial control outcomes 'rectangle' card and contextual button open the named lesson without editing the project [Rendered control and real application state were exercised with disposable test state.]
src/ui/tutorials/TutorialControls.audit.test.tsx: individual tutorial control outcomes 'ellipse' card and contextual button open the named lesson without editing the project [Rendered control and real application state were exercised with disposable test state.]
src/ui/tutorials/TutorialControls.audit.test.tsx: individual tutorial control outcomes 'polygon' card and contextual button open the named lesson without editing the project [Rendered control and real application state were exercised with disposable test state.]
src/ui/tutorials/TutorialControls.audit.test.tsx: individual tutorial control outcomes 'star' card and contextual button open the named lesson without editing the project [Rendered control and real application state were exercised with disposable test state.]
src/ui/tutorials/TutorialControls.audit.test.tsx: individual tutorial control outcomes 'polyline' card and contextual button open the named lesson without editing the project [Rendered control and real application state were exercised with disposable test state.]
src/ui/tutorials/TutorialControls.audit.test.tsx: individual tutorial control outcomes 'nodes' card and contextual button open the named lesson without editing the project [Rendered control and real application state were exercised with disposable test state.]
src/ui/tutorials/TutorialControls.audit.test.tsx: individual tutorial control outcomes 'measure' card and contextual button open the named lesson without editing the project [Rendered control and real application state were exercised with disposable test state.]
src/ui/tutorials/TutorialControls.audit.test.tsx: individual tutorial control outcomes 'text' card and contextual button open the named lesson without editing the project [Rendered control and real application state were exercised with disposable test state.]
src/ui/tutorials/TutorialControls.audit.test.tsx: individual tutorial control outcomes 'text-layout' card and contextual button open the named lesson without editing the project [Rendered control and real application state were exercised with disposable test state.]
src/ui/tutorials/TutorialControls.audit.test.tsx: individual tutorial control outcomes 'variable-text' card and contextual button open the named lesson without editing the project [Rendered control and real application state were exercised with disposable test state.]
src/ui/tutorials/TutorialControls.audit.test.tsx: individual tutorial control outcomes 'design-studio' card and contextual button open the named lesson without editing the project [Rendered control and real application state were exercised with disposable test state.]
src/ui/tutorials/TutorialControls.audit.test.tsx: individual tutorial control outcomes 'design-precision' card and contextual button open the named lesson without editing the project [Rendered control and real application state were exercised with disposable test state.]
src/ui/tutorials/TutorialControls.audit.test.tsx: individual tutorial control outcomes 'design-edit' card and contextual button open the named lesson without editing the project [Rendered control and real application state were exercised with disposable test state.]
src/ui/tutorials/TutorialControls.audit.test.tsx: individual tutorial control outcomes 'studio-line' card and contextual button open the named lesson without editing the project [Rendered control and real application state were exercised with disposable test state.]
src/ui/tutorials/TutorialControls.audit.test.tsx: individual tutorial control outcomes 'studio-path' card and contextual button open the named lesson without editing the project [Rendered control and real application state were exercised with disposable test state.]
src/ui/tutorials/TutorialControls.audit.test.tsx: individual tutorial control outcomes 'studio-rectangle' card and contextual button open the named lesson without editing the project [Rendered control and real application state were exercised with disposable test state.]
src/ui/tutorials/TutorialControls.audit.test.tsx: individual tutorial control outcomes 'studio-circle' card and contextual button open the named lesson without editing the project [Rendered control and real application state were exercised with disposable test state.]
src/ui/tutorials/TutorialControls.audit.test.tsx: individual tutorial control outcomes 'studio-arc' card and contextual button open the named lesson without editing the project [Rendered control and real application state were exercised with disposable test state.]
src/ui/tutorials/TutorialControls.audit.test.tsx: individual tutorial control outcomes 'studio-fillet' card and contextual button open the named lesson without editing the project [Rendered control and real application state were exercised with disposable test state.]
src/ui/tutorials/TutorialControls.audit.test.tsx: individual tutorial control outcomes 'studio-chamfer' card and contextual button open the named lesson without editing the project [Rendered control and real application state were exercised with disposable test state.]
src/ui/tutorials/TutorialControls.audit.test.tsx: individual tutorial control outcomes 'image-studio' card and contextual button open the named lesson without editing the project [Rendered control and real application state were exercised with disposable test state.]
src/ui/tutorials/TutorialControls.audit.test.tsx: individual tutorial control outcomes 'image-adjust' card and contextual button open the named lesson without editing the project [Rendered control and real application state were exercised with disposable test state.]
src/ui/tutorials/TutorialControls.audit.test.tsx: individual tutorial control outcomes 'image-mask' card and contextual button open the named lesson without editing the project [Rendered control and real application state were exercised with disposable test state.]
src/ui/tutorials/TutorialControls.audit.test.tsx: individual tutorial control outcomes 'trace' card and contextual button open the named lesson without editing the project [Rendered control and real application state were exercised with disposable test state.]
src/ui/tutorials/TutorialControls.audit.test.tsx: individual tutorial control outcomes 'trace-batch' card and contextual button open the named lesson without editing the project [Rendered control and real application state were exercised with disposable test state.]
src/ui/tutorials/TutorialControls.audit.test.tsx: individual tutorial control outcomes 'image-paint' card and contextual button open the named lesson without editing the project [Rendered control and real application state were exercised with disposable test state.]
src/ui/tutorials/TutorialControls.audit.test.tsx: individual tutorial control outcomes 'image-select' card and contextual button open the named lesson without editing the project [Rendered control and real application state were exercised with disposable test state.]
src/ui/tutorials/TutorialControls.audit.test.tsx: individual tutorial control outcomes 'image-fill' card and contextual button open the named lesson without editing the project [Rendered control and real application state were exercised with disposable test state.]
src/ui/tutorials/TutorialControls.audit.test.tsx: individual tutorial control outcomes 'image-retouch' card and contextual button open the named lesson without editing the project [Rendered control and real application state were exercised with disposable test state.]
src/ui/tutorials/TutorialControls.audit.test.tsx: individual tutorial control outcomes 'image-crop' card and contextual button open the named lesson without editing the project [Rendered control and real application state were exercised with disposable test state.]
src/ui/tutorials/TutorialControls.audit.test.tsx: individual tutorial control outcomes 'image-layers' card and contextual button open the named lesson without editing the project [Rendered control and real application state were exercised with disposable test state.]
src/ui/tutorials/TutorialControls.audit.test.tsx: individual tutorial control outcomes 'image-transform' card and contextual button open the named lesson without editing the project [Rendered control and real application state were exercised with disposable test state.]
src/ui/tutorials/TutorialControls.audit.test.tsx: individual tutorial control outcomes 'image-text' card and contextual button open the named lesson without editing the project [Rendered control and real application state were exercised with disposable test state.]
src/ui/tutorials/TutorialControls.audit.test.tsx: individual tutorial control outcomes 'image-tone' card and contextual button open the named lesson without editing the project [Rendered control and real application state were exercised with disposable test state.]
src/ui/tutorials/TutorialControls.audit.test.tsx: individual tutorial control outcomes 'weld' card and contextual button open the named lesson without editing the project [Rendered control and real application state were exercised with disposable test state.]
src/ui/tutorials/TutorialControls.audit.test.tsx: individual tutorial control outcomes 'subtract' card and contextual button open the named lesson without editing the project [Rendered control and real application state were exercised with disposable test state.]
src/ui/tutorials/TutorialControls.audit.test.tsx: individual tutorial control outcomes 'intersect' card and contextual button open the named lesson without editing the project [Rendered control and real application state were exercised with disposable test state.]
src/ui/tutorials/TutorialControls.audit.test.tsx: individual tutorial control outcomes 'exclude' card and contextual button open the named lesson without editing the project [Rendered control and real application state were exercised with disposable test state.]
src/ui/tutorials/TutorialControls.audit.test.tsx: individual tutorial control outcomes 'convert' card and contextual button open the named lesson without editing the project [Rendered control and real application state were exercised with disposable test state.]
src/ui/tutorials/TutorialControls.audit.test.tsx: individual tutorial control outcomes 'align' card and contextual button open the named lesson without editing the project [Rendered control and real application state were exercised with disposable test state.]
src/ui/tutorials/TutorialControls.audit.test.tsx: individual tutorial control outcomes 'distribute' card and contextual button open the named lesson without editing the project [Rendered control and real application state were exercised with disposable test state.]
src/ui/tutorials/TutorialControls.audit.test.tsx: individual tutorial control outcomes 'array' card and contextual button open the named lesson without editing the project [Rendered control and real application state were exercised with disposable test state.]
src/ui/tutorials/TutorialControls.audit.test.tsx: individual tutorial control outcomes 'nest' card and contextual button open the named lesson without editing the project [Rendered control and real application state were exercised with disposable test state.]
src/ui/tutorials/TutorialControls.audit.test.tsx: individual tutorial control outcomes 'operations' card and contextual button open the named lesson without editing the project [Rendered control and real application state were exercised with disposable test state.]
src/ui/tutorials/TutorialControls.audit.test.tsx: individual tutorial control outcomes 'laser-cut' card and contextual button open the named lesson without editing the project [Rendered control and real application state were exercised with disposable test state.]
src/ui/tutorials/TutorialControls.audit.test.tsx: individual tutorial control outcomes 'laser-fill' card and contextual button open the named lesson without editing the project [Rendered control and real application state were exercised with disposable test state.]
src/ui/tutorials/TutorialControls.audit.test.tsx: individual tutorial control outcomes 'laser-image' card and contextual button open the named lesson without editing the project [Rendered control and real application state were exercised with disposable test state.]
src/ui/tutorials/TutorialControls.audit.test.tsx: individual tutorial control outcomes 'materials' card and contextual button open the named lesson without editing the project [Rendered control and real application state were exercised with disposable test state.]
src/ui/tutorials/TutorialControls.audit.test.tsx: individual tutorial control outcomes 'cnc-profile' card and contextual button open the named lesson without editing the project [Rendered control and real application state were exercised with disposable test state.]
src/ui/tutorials/TutorialControls.audit.test.tsx: individual tutorial control outcomes 'cnc-pocket' card and contextual button open the named lesson without editing the project [Rendered control and real application state were exercised with disposable test state.]
src/ui/tutorials/TutorialControls.audit.test.tsx: individual tutorial control outcomes 'cnc-engrave' card and contextual button open the named lesson without editing the project [Rendered control and real application state were exercised with disposable test state.]
src/ui/tutorials/TutorialControls.audit.test.tsx: individual tutorial control outcomes 'cnc-vcarve' card and contextual button open the named lesson without editing the project [Rendered control and real application state were exercised with disposable test state.]
src/ui/tutorials/TutorialControls.audit.test.tsx: individual tutorial control outcomes 'cnc-drill' card and contextual button open the named lesson without editing the project [Rendered control and real application state were exercised with disposable test state.]
src/ui/tutorials/TutorialControls.audit.test.tsx: individual tutorial control outcomes 'cnc-relief' card and contextual button open the named lesson without editing the project [Rendered control and real application state were exercised with disposable test state.]
src/ui/tutorials/TutorialControls.audit.test.tsx: individual tutorial control outcomes 'cnc-tabs' card and contextual button open the named lesson without editing the project [Rendered control and real application state were exercised with disposable test state.]
src/ui/tutorials/TutorialControls.audit.test.tsx: individual tutorial control outcomes 'tool-library' card and contextual button open the named lesson without editing the project [Rendered control and real application state were exercised with disposable test state.]
src/ui/tutorials/TutorialControls.audit.test.tsx: individual tutorial control outcomes 'cnc-inlay' card and contextual button open the named lesson without editing the project [Rendered control and real application state were exercised with disposable test state.]
src/ui/tutorials/TutorialControls.audit.test.tsx: individual tutorial control outcomes 'cnc-probe' card and contextual button open the named lesson without editing the project [Rendered control and real application state were exercised with disposable test state.]
src/ui/tutorials/TutorialControls.audit.test.tsx: individual tutorial control outcomes 'cnc-surfacing' card and contextual button open the named lesson without editing the project [Rendered control and real application state were exercised with disposable test state.]
src/ui/tutorials/TutorialControls.audit.test.tsx: individual tutorial control outcomes 'machine-setup' card and contextual button open the named lesson without editing the project [Rendered control and real application state were exercised with disposable test state.]
src/ui/tutorials/TutorialControls.audit.test.tsx: individual tutorial control outcomes 'connection' card and contextual button open the named lesson without editing the project [Rendered control and real application state were exercised with disposable test state.]
src/ui/tutorials/TutorialControls.audit.test.tsx: individual tutorial control outcomes 'jog' card and contextual button open the named lesson without editing the project [Rendered control and real application state were exercised with disposable test state.]
src/ui/tutorials/TutorialControls.audit.test.tsx: individual tutorial control outcomes 'origin' card and contextual button open the named lesson without editing the project [Rendered control and real application state were exercised with disposable test state.]
src/ui/tutorials/TutorialControls.audit.test.tsx: individual tutorial control outcomes 'frame-start' card and contextual button open the named lesson without editing the project [Rendered control and real application state were exercised with disposable test state.]
src/ui/tutorials/TutorialControls.audit.test.tsx: individual tutorial control outcomes 'preview' card and contextual button open the named lesson without editing the project [Rendered control and real application state were exercised with disposable test state.]
src/ui/tutorials/TutorialControls.audit.test.tsx: individual tutorial control outcomes 'gcode' card and contextual button open the named lesson without editing the project [Rendered control and real application state were exercised with disposable test state.]
src/ui/tutorials/TutorialControls.audit.test.tsx: individual tutorial control outcomes 'console' card and contextual button open the named lesson without editing the project [Rendered control and real application state were exercised with disposable test state.]
src/ui/tutorials/TutorialControls.audit.test.tsx: individual tutorial control outcomes 'macros' card and contextual button open the named lesson without editing the project [Rendered control and real application state were exercised with disposable test state.]
src/ui/tutorials/TutorialControls.audit.test.tsx: individual tutorial control outcomes 'recovery' card and contextual button open the named lesson without editing the project [Rendered control and real application state were exercised with disposable test state.]
src/ui/tutorials/TutorialControls.audit.test.tsx: individual tutorial control outcomes 'box' card and contextual button open the named lesson without editing the project [Rendered control and real application state were exercised with disposable test state.]
src/ui/tutorials/TutorialControls.audit.test.tsx: individual tutorial control outcomes 'box-fit' card and contextual button open the named lesson without editing the project [Rendered control and real application state were exercised with disposable test state.]
src/ui/tutorials/TutorialControls.audit.test.tsx: individual tutorial control outcomes 'material-test' card and contextual button open the named lesson without editing the project [Rendered control and real application state were exercised with disposable test state.]
src/ui/tutorials/TutorialControls.audit.test.tsx: individual tutorial control outcomes 'interval-test' card and contextual button open the named lesson without editing the project [Rendered control and real application state were exercised with disposable test state.]
src/ui/tutorials/TutorialControls.audit.test.tsx: individual tutorial control outcomes 'scan-offset' card and contextual button open the named lesson without editing the project [Rendered control and real application state were exercised with disposable test state.]
src/ui/tutorials/TutorialControls.audit.test.tsx: individual tutorial control outcomes 'focus-test' card and contextual button open the named lesson without editing the project [Rendered control and real application state were exercised with disposable test state.]
src/ui/tutorials/TutorialControls.audit.test.tsx: individual tutorial control outcomes 'camera' card and contextual button open the named lesson without editing the project [Rendered control and real application state were exercised with disposable test state.]
src/ui/tutorials/TutorialControls.audit.test.tsx: individual tutorial control outcomes 'registration' card and contextual button open the named lesson without editing the project [Rendered control and real application state were exercised with disposable test state.]
src/ui/tutorials/TutorialControls.audit.test.tsx: individual tutorial control outcomes 'board' card and contextual button open the named lesson without editing the project [Rendered control and real application state were exercised with disposable test state.]
src/ui/tutorials/TutorialControls.audit.test.tsx: individual tutorial control outcomes 'rotary' card and contextual button open the named lesson without editing the project [Rendered control and real application state were exercised with disposable test state.]
src/ui/tutorials/TutorialControls.audit.test.tsx: individual tutorial control outcomes 'print-cut' card and contextual button open the named lesson without editing the project [Rendered control and real application state were exercised with disposable test state.]
src/ui/tutorials/TutorialControls.audit.test.tsx: individual tutorial control outcomes 'optimization' card and contextual button open the named lesson without editing the project [Rendered control and real application state were exercised with disposable test state.]
src/ui/tutorials/TutorialControls.audit.test.tsx: individual tutorial control outcomes 'labs' card and contextual button open the named lesson without editing the project [Rendered control and real application state were exercised with disposable test state.]
src/ui/tutorials/TutorialControls.audit.test.tsx: individual tutorial control outcomes 'offset' card and contextual button open the named lesson without editing the project [Rendered control and real application state were exercised with disposable test state.]
src/ui/tutorials/TutorialControls.audit.test.tsx: individual tutorial control outcomes 'dogbone' card and contextual button open the named lesson without editing the project [Rendered control and real application state were exercised with disposable test state.]
src/ui/tutorials/TutorialControls.audit.test.tsx: individual tutorial control outcomes 'cnc-tiling' card and contextual button open the named lesson without editing the project [Rendered control and real application state were exercised with disposable test state.]","Rendered control and real application state were exercised with disposable test state."
"src/ui/tutorials/TutorialExample.tsx:62:11","tutorials","src/ui/tutorials/TutorialExample.tsx:62","{showPhoto ? 'Show diagram' : 'Show picture'}","verified-behaviour","Switch picture/diagram and allow a failed picture to retry.","{""disabledWhen"":null,""enclosingConditions"":[""not photo === undefined""]}","src/ui/tutorials/TutorialPhoto.test.tsx: tutorial pictures in the real reader retries a failed picture with one Show picture click and can switch views afterwards [Rendered control and real application state were exercised with disposable test state.]","Rendered control and real application state were exercised with disposable test state."
"src/ui/tutorials/TutorialExample.tsx:100:9","tutorials","src/ui/tutorials/TutorialExample.tsx:100","{label}","verified-behaviour","Select the requested animation stage; play/pause and stop at Result.","{""disabledWhen"":null,""enclosingConditions"":[]}","src/ui/tutorials/TutorialControls.audit.test.tsx: individual tutorial control outcomes example stage selection and playback pause, advance and stop at Result [Rendered control and real application state were exercised with disposable test state.]","Rendered control and real application state were exercised with disposable test state."
"src/ui/tutorials/TutorialExample.tsx:110:7","tutorials","src/ui/tutorials/TutorialExample.tsx:110","{props.playing ? 'Pause' : '▶ Play example'}","verified-behaviour","Select the requested animation stage; play/pause and stop at Result.","{""disabledWhen"":null,""enclosingConditions"":[]}","src/ui/tutorials/TutorialControls.audit.test.tsx: individual tutorial control outcomes example stage selection and playback pause, advance and stop at Result [Rendered control and real application state were exercised with disposable test state.]","Rendered control and real application state were exercised with disposable test state."
"src/ui/tutorials/TutorialHost.tsx:33:11","tutorials","src/ui/tutorials/TutorialHost.tsx:33","KERFDESK LEARN","verified-behaviour","Return from a lesson to the library.","{""disabledWhen"":null,""enclosingConditions"":[]}","src/ui/tutorials/TutorialControls.audit.test.tsx: individual tutorial control outcomes the learning brand and first-project shortcut switch to their intended views [Rendered control and real application state were exercised with disposable test state.]","Rendered control and real application state were exercised with disposable test state."
"src/ui/tutorials/TutorialHost.tsx:42:11","tutorials","src/ui/tutorials/TutorialHost.tsx:42","Close tutorials","verified-behaviour","Close the lesson dialog and release modal ownership.","{""disabledWhen"":null,""enclosingConditions"":[]}","src/ui/tutorials/TutorialControls.audit.test.tsx: individual tutorial control outcomes 'first-project' card and contextual button open the named lesson without editing the project [Rendered control and real application state were exercised with disposable test state.]
src/ui/tutorials/TutorialControls.audit.test.tsx: individual tutorial control outcomes 'projects' card and contextual button open the named lesson without editing the project [Rendered control and real application state were exercised with disposable test state.]
src/ui/tutorials/TutorialControls.audit.test.tsx: individual tutorial control outcomes 'import' card and contextual button open the named lesson without editing the project [Rendered control and real application state were exercised with disposable test state.]
src/ui/tutorials/TutorialControls.audit.test.tsx: individual tutorial control outcomes 'workspace' card and contextual button open the named lesson without editing the project [Rendered control and real application state were exercised with disposable test state.]
src/ui/tutorials/TutorialControls.audit.test.tsx: individual tutorial control outcomes 'shortcuts' card and contextual button open the named lesson without editing the project [Rendered control and real application state were exercised with disposable test state.]
src/ui/tutorials/TutorialControls.audit.test.tsx: individual tutorial control outcomes 'design-library' card and contextual button open the named lesson without editing the project [Rendered control and real application state were exercised with disposable test state.]
src/ui/tutorials/TutorialControls.audit.test.tsx: individual tutorial control outcomes 'project-notes' card and contextual button open the named lesson without editing the project [Rendered control and real application state were exercised with disposable test state.]
src/ui/tutorials/TutorialControls.audit.test.tsx: individual tutorial control outcomes 'select' card and contextual button open the named lesson without editing the project [Rendered control and real application state were exercised with disposable test state.]
src/ui/tutorials/TutorialControls.audit.test.tsx: individual tutorial control outcomes 'rectangle' card and contextual button open the named lesson without editing the project [Rendered control and real application state were exercised with disposable test state.]
src/ui/tutorials/TutorialControls.audit.test.tsx: individual tutorial control outcomes 'ellipse' card and contextual button open the named lesson without editing the project [Rendered control and real application state were exercised with disposable test state.]
src/ui/tutorials/TutorialControls.audit.test.tsx: individual tutorial control outcomes 'polygon' card and contextual button open the named lesson without editing the project [Rendered control and real application state were exercised with disposable test state.]
src/ui/tutorials/TutorialControls.audit.test.tsx: individual tutorial control outcomes 'star' card and contextual button open the named lesson without editing the project [Rendered control and real application state were exercised with disposable test state.]
src/ui/tutorials/TutorialControls.audit.test.tsx: individual tutorial control outcomes 'polyline' card and contextual button open the named lesson without editing the project [Rendered control and real application state were exercised with disposable test state.]
src/ui/tutorials/TutorialControls.audit.test.tsx: individual tutorial control outcomes 'nodes' card and contextual button open the named lesson without editing the project [Rendered control and real application state were exercised with disposable test state.]
src/ui/tutorials/TutorialControls.audit.test.tsx: individual tutorial control outcomes 'measure' card and contextual button open the named lesson without editing the project [Rendered control and real application state were exercised with disposable test state.]
src/ui/tutorials/TutorialControls.audit.test.tsx: individual tutorial control outcomes 'text' card and contextual button open the named lesson without editing the project [Rendered control and real application state were exercised with disposable test state.]
src/ui/tutorials/TutorialControls.audit.test.tsx: individual tutorial control outcomes 'text-layout' card and contextual button open the named lesson without editing the project [Rendered control and real application state were exercised with disposable test state.]
src/ui/tutorials/TutorialControls.audit.test.tsx: individual tutorial control outcomes 'variable-text' card and contextual button open the named lesson without editing the project [Rendered control and real application state were exercised with disposable test state.]
src/ui/tutorials/TutorialControls.audit.test.tsx: individual tutorial control outcomes 'design-studio' card and contextual button open the named lesson without editing the project [Rendered control and real application state were exercised with disposable test state.]
src/ui/tutorials/TutorialControls.audit.test.tsx: individual tutorial control outcomes 'design-precision' card and contextual button open the named lesson without editing the project [Rendered control and real application state were exercised with disposable test state.]
src/ui/tutorials/TutorialControls.audit.test.tsx: individual tutorial control outcomes 'design-edit' card and contextual button open the named lesson without editing the project [Rendered control and real application state were exercised with disposable test state.]
src/ui/tutorials/TutorialControls.audit.test.tsx: individual tutorial control outcomes 'studio-line' card and contextual button open the named lesson without editing the project [Rendered control and real application state were exercised with disposable test state.]
src/ui/tutorials/TutorialControls.audit.test.tsx: individual tutorial control outcomes 'studio-path' card and contextual button open the named lesson without editing the project [Rendered control and real application state were exercised with disposable test state.]
src/ui/tutorials/TutorialControls.audit.test.tsx: individual tutorial control outcomes 'studio-rectangle' card and contextual button open the named lesson without editing the project [Rendered control and real application state were exercised with disposable test state.]
src/ui/tutorials/TutorialControls.audit.test.tsx: individual tutorial control outcomes 'studio-circle' card and contextual button open the named lesson without editing the project [Rendered control and real application state were exercised with disposable test state.]
src/ui/tutorials/TutorialControls.audit.test.tsx: individual tutorial control outcomes 'studio-arc' card and contextual button open the named lesson without editing the project [Rendered control and real application state were exercised with disposable test state.]
src/ui/tutorials/TutorialControls.audit.test.tsx: individual tutorial control outcomes 'studio-fillet' card and contextual button open the named lesson without editing the project [Rendered control and real application state were exercised with disposable test state.]
src/ui/tutorials/TutorialControls.audit.test.tsx: individual tutorial control outcomes 'studio-chamfer' card and contextual button open the named lesson without editing the project [Rendered control and real application state were exercised with disposable test state.]
src/ui/tutorials/TutorialControls.audit.test.tsx: individual tutorial control outcomes 'image-studio' card and contextual button open the named lesson without editing the project [Rendered control and real application state were exercised with disposable test state.]
src/ui/tutorials/TutorialControls.audit.test.tsx: individual tutorial control outcomes 'image-adjust' card and contextual button open the named lesson without editing the project [Rendered control and real application state were exercised with disposable test state.]
src/ui/tutorials/TutorialControls.audit.test.tsx: individual tutorial control outcomes 'image-mask' card and contextual button open the named lesson without editing the project [Rendered control and real application state were exercised with disposable test state.]
src/ui/tutorials/TutorialControls.audit.test.tsx: individual tutorial control outcomes 'trace' card and contextual button open the named lesson without editing the project [Rendered control and real application state were exercised with disposable test state.]
src/ui/tutorials/TutorialControls.audit.test.tsx: individual tutorial control outcomes 'trace-batch' card and contextual button open the named lesson without editing the project [Rendered control and real application state were exercised with disposable test state.]
src/ui/tutorials/TutorialControls.audit.test.tsx: individual tutorial control outcomes 'image-paint' card and contextual button open the named lesson without editing the project [Rendered control and real application state were exercised with disposable test state.]
src/ui/tutorials/TutorialControls.audit.test.tsx: individual tutorial control outcomes 'image-select' card and contextual button open the named lesson without editing the project [Rendered control and real application state were exercised with disposable test state.]
src/ui/tutorials/TutorialControls.audit.test.tsx: individual tutorial control outcomes 'image-fill' card and contextual button open the named lesson without editing the project [Rendered control and real application state were exercised with disposable test state.]
src/ui/tutorials/TutorialControls.audit.test.tsx: individual tutorial control outcomes 'image-retouch' card and contextual button open the named lesson without editing the project [Rendered control and real application state were exercised with disposable test state.]
src/ui/tutorials/TutorialControls.audit.test.tsx: individual tutorial control outcomes 'image-crop' card and contextual button open the named lesson without editing the project [Rendered control and real application state were exercised with disposable test state.]
src/ui/tutorials/TutorialControls.audit.test.tsx: individual tutorial control outcomes 'image-layers' card and contextual button open the named lesson without editing the project [Rendered control and real application state were exercised with disposable test state.]
src/ui/tutorials/TutorialControls.audit.test.tsx: individual tutorial control outcomes 'image-transform' card and contextual button open the named lesson without editing the project [Rendered control and real application state were exercised with disposable test state.]
src/ui/tutorials/TutorialControls.audit.test.tsx: individual tutorial control outcomes 'image-text' card and contextual button open the named lesson without editing the project [Rendered control and real application state were exercised with disposable test state.]
src/ui/tutorials/TutorialControls.audit.test.tsx: individual tutorial control outcomes 'image-tone' card and contextual button open the named lesson without editing the project [Rendered control and real application state were exercised with disposable test state.]
src/ui/tutorials/TutorialControls.audit.test.tsx: individual tutorial control outcomes 'weld' card and contextual button open the named lesson without editing the project [Rendered control and real application state were exercised with disposable test state.]
src/ui/tutorials/TutorialControls.audit.test.tsx: individual tutorial control outcomes 'subtract' card and contextual button open the named lesson without editing the project [Rendered control and real application state were exercised with disposable test state.]
src/ui/tutorials/TutorialControls.audit.test.tsx: individual tutorial control outcomes 'intersect' card and contextual button open the named lesson without editing the project [Rendered control and real application state were exercised with disposable test state.]
src/ui/tutorials/TutorialControls.audit.test.tsx: individual tutorial control outcomes 'exclude' card and contextual button open the named lesson without editing the project [Rendered control and real application state were exercised with disposable test state.]
src/ui/tutorials/TutorialControls.audit.test.tsx: individual tutorial control outcomes 'convert' card and contextual button open the named lesson without editing the project [Rendered control and real application state were exercised with disposable test state.]
src/ui/tutorials/TutorialControls.audit.test.tsx: individual tutorial control outcomes 'align' card and contextual button open the named lesson without editing the project [Rendered control and real application state were exercised with disposable test state.]
src/ui/tutorials/TutorialControls.audit.test.tsx: individual tutorial control outcomes 'distribute' card and contextual button open the named lesson without editing the project [Rendered control and real application state were exercised with disposable test state.]
src/ui/tutorials/TutorialControls.audit.test.tsx: individual tutorial control outcomes 'array' card and contextual button open the named lesson without editing the project [Rendered control and real application state were exercised with disposable test state.]
src/ui/tutorials/TutorialControls.audit.test.tsx: individual tutorial control outcomes 'nest' card and contextual button open the named lesson without editing the project [Rendered control and real application state were exercised with disposable test state.]
src/ui/tutorials/TutorialControls.audit.test.tsx: individual tutorial control outcomes 'operations' card and contextual button open the named lesson without editing the project [Rendered control and real application state were exercised with disposable test state.]
src/ui/tutorials/TutorialControls.audit.test.tsx: individual tutorial control outcomes 'laser-cut' card and contextual button open the named lesson without editing the project [Rendered control and real application state were exercised with disposable test state.]
src/ui/tutorials/TutorialControls.audit.test.tsx: individual tutorial control outcomes 'laser-fill' card and contextual button open the named lesson without editing the project [Rendered control and real application state were exercised with disposable test state.]
src/ui/tutorials/TutorialControls.audit.test.tsx: individual tutorial control outcomes 'laser-image' card and contextual button open the named lesson without editing the project [Rendered control and real application state were exercised with disposable test state.]
src/ui/tutorials/TutorialControls.audit.test.tsx: individual tutorial control outcomes 'materials' card and contextual button open the named lesson without editing the project [Rendered control and real application state were exercised with disposable test state.]
src/ui/tutorials/TutorialControls.audit.test.tsx: individual tutorial control outcomes 'cnc-profile' card and contextual button open the named lesson without editing the project [Rendered control and real application state were exercised with disposable test state.]
src/ui/tutorials/TutorialControls.audit.test.tsx: individual tutorial control outcomes 'cnc-pocket' card and contextual button open the named lesson without editing the project [Rendered control and real application state were exercised with disposable test state.]
src/ui/tutorials/TutorialControls.audit.test.tsx: individual tutorial control outcomes 'cnc-engrave' card and contextual button open the named lesson without editing the project [Rendered control and real application state were exercised with disposable test state.]
src/ui/tutorials/TutorialControls.audit.test.tsx: individual tutorial control outcomes 'cnc-vcarve' card and contextual button open the named lesson without editing the project [Rendered control and real application state were exercised with disposable test state.]
src/ui/tutorials/TutorialControls.audit.test.tsx: individual tutorial control outcomes 'cnc-drill' card and contextual button open the named lesson without editing the project [Rendered control and real application state were exercised with disposable test state.]
src/ui/tutorials/TutorialControls.audit.test.tsx: individual tutorial control outcomes 'cnc-relief' card and contextual button open the named lesson without editing the project [Rendered control and real application state were exercised with disposable test state.]
src/ui/tutorials/TutorialControls.audit.test.tsx: individual tutorial control outcomes 'cnc-tabs' card and contextual button open the named lesson without editing the project [Rendered control and real application state were exercised with disposable test state.]
src/ui/tutorials/TutorialControls.audit.test.tsx: individual tutorial control outcomes 'tool-library' card and contextual button open the named lesson without editing the project [Rendered control and real application state were exercised with disposable test state.]
src/ui/tutorials/TutorialControls.audit.test.tsx: individual tutorial control outcomes 'cnc-inlay' card and contextual button open the named lesson without editing the project [Rendered control and real application state were exercised with disposable test state.]
src/ui/tutorials/TutorialControls.audit.test.tsx: individual tutorial control outcomes 'cnc-probe' card and contextual button open the named lesson without editing the project [Rendered control and real application state were exercised with disposable test state.]
src/ui/tutorials/TutorialControls.audit.test.tsx: individual tutorial control outcomes 'cnc-surfacing' card and contextual button open the named lesson without editing the project [Rendered control and real application state were exercised with disposable test state.]
src/ui/tutorials/TutorialControls.audit.test.tsx: individual tutorial control outcomes 'machine-setup' card and contextual button open the named lesson without editing the project [Rendered control and real application state were exercised with disposable test state.]
src/ui/tutorials/TutorialControls.audit.test.tsx: individual tutorial control outcomes 'connection' card and contextual button open the named lesson without editing the project [Rendered control and real application state were exercised with disposable test state.]
src/ui/tutorials/TutorialControls.audit.test.tsx: individual tutorial control outcomes 'jog' card and contextual button open the named lesson without editing the project [Rendered control and real application state were exercised with disposable test state.]
src/ui/tutorials/TutorialControls.audit.test.tsx: individual tutorial control outcomes 'origin' card and contextual button open the named lesson without editing the project [Rendered control and real application state were exercised with disposable test state.]
src/ui/tutorials/TutorialControls.audit.test.tsx: individual tutorial control outcomes 'frame-start' card and contextual button open the named lesson without editing the project [Rendered control and real application state were exercised with disposable test state.]
src/ui/tutorials/TutorialControls.audit.test.tsx: individual tutorial control outcomes 'preview' card and contextual button open the named lesson without editing the project [Rendered control and real application state were exercised with disposable test state.]
src/ui/tutorials/TutorialControls.audit.test.tsx: individual tutorial control outcomes 'gcode' card and contextual button open the named lesson without editing the project [Rendered control and real application state were exercised with disposable test state.]
src/ui/tutorials/TutorialControls.audit.test.tsx: individual tutorial control outcomes 'console' card and contextual button open the named lesson without editing the project [Rendered control and real application state were exercised with disposable test state.]
src/ui/tutorials/TutorialControls.audit.test.tsx: individual tutorial control outcomes 'macros' card and contextual button open the named lesson without editing the project [Rendered control and real application state were exercised with disposable test state.]
src/ui/tutorials/TutorialControls.audit.test.tsx: individual tutorial control outcomes 'recovery' card and contextual button open the named lesson without editing the project [Rendered control and real application state were exercised with disposable test state.]
src/ui/tutorials/TutorialControls.audit.test.tsx: individual tutorial control outcomes 'box' card and contextual button open the named lesson without editing the project [Rendered control and real application state were exercised with disposable test state.]
src/ui/tutorials/TutorialControls.audit.test.tsx: individual tutorial control outcomes 'box-fit' card and contextual button open the named lesson without editing the project [Rendered control and real application state were exercised with disposable test state.]
src/ui/tutorials/TutorialControls.audit.test.tsx: individual tutorial control outcomes 'material-test' card and contextual button open the named lesson without editing the project [Rendered control and real application state were exercised with disposable test state.]
src/ui/tutorials/TutorialControls.audit.test.tsx: individual tutorial control outcomes 'interval-test' card and contextual button open the named lesson without editing the project [Rendered control and real application state were exercised with disposable test state.]
src/ui/tutorials/TutorialControls.audit.test.tsx: individual tutorial control outcomes 'scan-offset' card and contextual button open the named lesson without editing the project [Rendered control and real application state were exercised with disposable test state.]
src/ui/tutorials/TutorialControls.audit.test.tsx: individual tutorial control outcomes 'focus-test' card and contextual button open the named lesson without editing the project [Rendered control and real application state were exercised with disposable test state.]
src/ui/tutorials/TutorialControls.audit.test.tsx: individual tutorial control outcomes 'camera' card and contextual button open the named lesson without editing the project [Rendered control and real application state were exercised with disposable test state.]
src/ui/tutorials/TutorialControls.audit.test.tsx: individual tutorial control outcomes 'registration' card and contextual button open the named lesson without editing the project [Rendered control and real application state were exercised with disposable test state.]
src/ui/tutorials/TutorialControls.audit.test.tsx: individual tutorial control outcomes 'board' card and contextual button open the named lesson without editing the project [Rendered control and real application state were exercised with disposable test state.]
src/ui/tutorials/TutorialControls.audit.test.tsx: individual tutorial control outcomes 'rotary' card and contextual button open the named lesson without editing the project [Rendered control and real application state were exercised with disposable test state.]
src/ui/tutorials/TutorialControls.audit.test.tsx: individual tutorial control outcomes 'print-cut' card and contextual button open the named lesson without editing the project [Rendered control and real application state were exercised with disposable test state.]
src/ui/tutorials/TutorialControls.audit.test.tsx: individual tutorial control outcomes 'optimization' card and contextual button open the named lesson without editing the project [Rendered control and real application state were exercised with disposable test state.]
src/ui/tutorials/TutorialControls.audit.test.tsx: individual tutorial control outcomes 'labs' card and contextual button open the named lesson without editing the project [Rendered control and real application state were exercised with disposable test state.]
src/ui/tutorials/TutorialControls.audit.test.tsx: individual tutorial control outcomes 'offset' card and contextual button open the named lesson without editing the project [Rendered control and real application state were exercised with disposable test state.]
src/ui/tutorials/TutorialControls.audit.test.tsx: individual tutorial control outcomes 'dogbone' card and contextual button open the named lesson without editing the project [Rendered control and real application state were exercised with disposable test state.]
src/ui/tutorials/TutorialControls.audit.test.tsx: individual tutorial control outcomes 'cnc-tiling' card and contextual button open the named lesson without editing the project [Rendered control and real application state were exercised with disposable test state.]","Rendered control and real application state were exercised with disposable test state."
"src/ui/tutorials/TutorialLibrary.tsx:56:11","tutorials","src/ui/tutorials/TutorialLibrary.tsx:56","{category}","verified-behaviour","Filter by category; Show all clears search, category and machine filters.","{""disabledWhen"":null,""enclosingConditions"":[]}","src/ui/tutorials/TutorialHost.test.tsx: TutorialHost learning flow combines search, category and machine filters and resets all three after no results [Rendered control and real application state were exercised with disposable test state.]","Rendered control and real application state were exercised with disposable test state."
"src/ui/tutorials/TutorialLibrary.tsx:92:7","tutorials","src/ui/tutorials/TutorialLibrary.tsx:92","Show all tutorials","verified-behaviour","Filter by category; Show all clears search, category and machine filters.","{""disabledWhen"":null,""enclosingConditions"":[]}","src/ui/tutorials/TutorialHost.test.tsx: TutorialHost learning flow combines search, category and machine filters and resets all three after no results [Rendered control and real application state were exercised with disposable test state.]","Rendered control and real application state were exercised with disposable test state."
"src/ui/tutorials/TutorialLibrary.tsx:118:9","tutorials","src/ui/tutorials/TutorialLibrary.tsx:118","Start your first project →","verified-behaviour","Open the first-project lesson from the library shortcut.","{""disabledWhen"":null,""enclosingConditions"":[]}","src/ui/tutorials/TutorialControls.audit.test.tsx: individual tutorial control outcomes the learning brand and first-project shortcut switch to their intended views [Rendered control and real application state were exercised with disposable test state.]","Rendered control and real application state were exercised with disposable test state."
"src/ui/tutorials/TutorialLibrary.tsx:143:5","tutorials","src/ui/tutorials/TutorialLibrary.tsx:143","{tutorial.category} {tutorial.minutes} min {tutorial.title} {tutorial.summary} {tutorial.machine === 'all' ? 'Laser + CNC' : tutorial.machine === 'laser' ? 'Laser' : 'CNC router'} {progress?.completed === true ? '✓ Completed' : progress !== undefined ? 'Continue →' : `${tutorial.steps.length} visual steps →`}","verified-behaviour","Every one of the 93 shipped library cards opens the named lesson.","{""disabledWhen"":null,""enclosingConditions"":[]}","src/ui/tutorials/TutorialControls.audit.test.tsx: individual tutorial control outcomes 'first-project' card and contextual button open the named lesson without editing the project [Rendered control and real application state were exercised with disposable test state.]
src/ui/tutorials/TutorialControls.audit.test.tsx: individual tutorial control outcomes 'projects' card and contextual button open the named lesson without editing the project [Rendered control and real application state were exercised with disposable test state.]
src/ui/tutorials/TutorialControls.audit.test.tsx: individual tutorial control outcomes 'import' card and contextual button open the named lesson without editing the project [Rendered control and real application state were exercised with disposable test state.]
src/ui/tutorials/TutorialControls.audit.test.tsx: individual tutorial control outcomes 'workspace' card and contextual button open the named lesson without editing the project [Rendered control and real application state were exercised with disposable test state.]
src/ui/tutorials/TutorialControls.audit.test.tsx: individual tutorial control outcomes 'shortcuts' card and contextual button open the named lesson without editing the project [Rendered control and real application state were exercised with disposable test state.]
src/ui/tutorials/TutorialControls.audit.test.tsx: individual tutorial control outcomes 'design-library' card and contextual button open the named lesson without editing the project [Rendered control and real application state were exercised with disposable test state.]
src/ui/tutorials/TutorialControls.audit.test.tsx: individual tutorial control outcomes 'project-notes' card and contextual button open the named lesson without editing the project [Rendered control and real application state were exercised with disposable test state.]
src/ui/tutorials/TutorialControls.audit.test.tsx: individual tutorial control outcomes 'select' card and contextual button open the named lesson without editing the project [Rendered control and real application state were exercised with disposable test state.]
src/ui/tutorials/TutorialControls.audit.test.tsx: individual tutorial control outcomes 'rectangle' card and contextual button open the named lesson without editing the project [Rendered control and real application state were exercised with disposable test state.]
src/ui/tutorials/TutorialControls.audit.test.tsx: individual tutorial control outcomes 'ellipse' card and contextual button open the named lesson without editing the project [Rendered control and real application state were exercised with disposable test state.]
src/ui/tutorials/TutorialControls.audit.test.tsx: individual tutorial control outcomes 'polygon' card and contextual button open the named lesson without editing the project [Rendered control and real application state were exercised with disposable test state.]
src/ui/tutorials/TutorialControls.audit.test.tsx: individual tutorial control outcomes 'star' card and contextual button open the named lesson without editing the project [Rendered control and real application state were exercised with disposable test state.]
src/ui/tutorials/TutorialControls.audit.test.tsx: individual tutorial control outcomes 'polyline' card and contextual button open the named lesson without editing the project [Rendered control and real application state were exercised with disposable test state.]
src/ui/tutorials/TutorialControls.audit.test.tsx: individual tutorial control outcomes 'nodes' card and contextual button open the named lesson without editing the project [Rendered control and real application state were exercised with disposable test state.]
src/ui/tutorials/TutorialControls.audit.test.tsx: individual tutorial control outcomes 'measure' card and contextual button open the named lesson without editing the project [Rendered control and real application state were exercised with disposable test state.]
src/ui/tutorials/TutorialControls.audit.test.tsx: individual tutorial control outcomes 'text' card and contextual button open the named lesson without editing the project [Rendered control and real application state were exercised with disposable test state.]
src/ui/tutorials/TutorialControls.audit.test.tsx: individual tutorial control outcomes 'text-layout' card and contextual button open the named lesson without editing the project [Rendered control and real application state were exercised with disposable test state.]
src/ui/tutorials/TutorialControls.audit.test.tsx: individual tutorial control outcomes 'variable-text' card and contextual button open the named lesson without editing the project [Rendered control and real application state were exercised with disposable test state.]
src/ui/tutorials/TutorialControls.audit.test.tsx: individual tutorial control outcomes 'design-studio' card and contextual button open the named lesson without editing the project [Rendered control and real application state were exercised with disposable test state.]
src/ui/tutorials/TutorialControls.audit.test.tsx: individual tutorial control outcomes 'design-precision' card and contextual button open the named lesson without editing the project [Rendered control and real application state were exercised with disposable test state.]
src/ui/tutorials/TutorialControls.audit.test.tsx: individual tutorial control outcomes 'design-edit' card and contextual button open the named lesson without editing the project [Rendered control and real application state were exercised with disposable test state.]
src/ui/tutorials/TutorialControls.audit.test.tsx: individual tutorial control outcomes 'studio-line' card and contextual button open the named lesson without editing the project [Rendered control and real application state were exercised with disposable test state.]
src/ui/tutorials/TutorialControls.audit.test.tsx: individual tutorial control outcomes 'studio-path' card and contextual button open the named lesson without editing the project [Rendered control and real application state were exercised with disposable test state.]
src/ui/tutorials/TutorialControls.audit.test.tsx: individual tutorial control outcomes 'studio-rectangle' card and contextual button open the named lesson without editing the project [Rendered control and real application state were exercised with disposable test state.]
src/ui/tutorials/TutorialControls.audit.test.tsx: individual tutorial control outcomes 'studio-circle' card and contextual button open the named lesson without editing the project [Rendered control and real application state were exercised with disposable test state.]
src/ui/tutorials/TutorialControls.audit.test.tsx: individual tutorial control outcomes 'studio-arc' card and contextual button open the named lesson without editing the project [Rendered control and real application state were exercised with disposable test state.]
src/ui/tutorials/TutorialControls.audit.test.tsx: individual tutorial control outcomes 'studio-fillet' card and contextual button open the named lesson without editing the project [Rendered control and real application state were exercised with disposable test state.]
src/ui/tutorials/TutorialControls.audit.test.tsx: individual tutorial control outcomes 'studio-chamfer' card and contextual button open the named lesson without editing the project [Rendered control and real application state were exercised with disposable test state.]
src/ui/tutorials/TutorialControls.audit.test.tsx: individual tutorial control outcomes 'image-studio' card and contextual button open the named lesson without editing the project [Rendered control and real application state were exercised with disposable test state.]
src/ui/tutorials/TutorialControls.audit.test.tsx: individual tutorial control outcomes 'image-adjust' card and contextual button open the named lesson without editing the project [Rendered control and real application state were exercised with disposable test state.]
src/ui/tutorials/TutorialControls.audit.test.tsx: individual tutorial control outcomes 'image-mask' card and contextual button open the named lesson without editing the project [Rendered control and real application state were exercised with disposable test state.]
src/ui/tutorials/TutorialControls.audit.test.tsx: individual tutorial control outcomes 'trace' card and contextual button open the named lesson without editing the project [Rendered control and real application state were exercised with disposable test state.]
src/ui/tutorials/TutorialControls.audit.test.tsx: individual tutorial control outcomes 'trace-batch' card and contextual button open the named lesson without editing the project [Rendered control and real application state were exercised with disposable test state.]
src/ui/tutorials/TutorialControls.audit.test.tsx: individual tutorial control outcomes 'image-paint' card and contextual button open the named lesson without editing the project [Rendered control and real application state were exercised with disposable test state.]
src/ui/tutorials/TutorialControls.audit.test.tsx: individual tutorial control outcomes 'image-select' card and contextual button open the named lesson without editing the project [Rendered control and real application state were exercised with disposable test state.]
src/ui/tutorials/TutorialControls.audit.test.tsx: individual tutorial control outcomes 'image-fill' card and contextual button open the named lesson without editing the project [Rendered control and real application state were exercised with disposable test state.]
src/ui/tutorials/TutorialControls.audit.test.tsx: individual tutorial control outcomes 'image-retouch' card and contextual button open the named lesson without editing the project [Rendered control and real application state were exercised with disposable test state.]
src/ui/tutorials/TutorialControls.audit.test.tsx: individual tutorial control outcomes 'image-crop' card and contextual button open the named lesson without editing the project [Rendered control and real application state were exercised with disposable test state.]
src/ui/tutorials/TutorialControls.audit.test.tsx: individual tutorial control outcomes 'image-layers' card and contextual button open the named lesson without editing the project [Rendered control and real application state were exercised with disposable test state.]
src/ui/tutorials/TutorialControls.audit.test.tsx: individual tutorial control outcomes 'image-transform' card and contextual button open the named lesson without editing the project [Rendered control and real application state were exercised with disposable test state.]
src/ui/tutorials/TutorialControls.audit.test.tsx: individual tutorial control outcomes 'image-text' card and contextual button open the named lesson without editing the project [Rendered control and real application state were exercised with disposable test state.]
src/ui/tutorials/TutorialControls.audit.test.tsx: individual tutorial control outcomes 'image-tone' card and contextual button open the named lesson without editing the project [Rendered control and real application state were exercised with disposable test state.]
src/ui/tutorials/TutorialControls.audit.test.tsx: individual tutorial control outcomes 'weld' card and contextual button open the named lesson without editing the project [Rendered control and real application state were exercised with disposable test state.]
src/ui/tutorials/TutorialControls.audit.test.tsx: individual tutorial control outcomes 'subtract' card and contextual button open the named lesson without editing the project [Rendered control and real application state were exercised with disposable test state.]
src/ui/tutorials/TutorialControls.audit.test.tsx: individual tutorial control outcomes 'intersect' card and contextual button open the named lesson without editing the project [Rendered control and real application state were exercised with disposable test state.]
src/ui/tutorials/TutorialControls.audit.test.tsx: individual tutorial control outcomes 'exclude' card and contextual button open the named lesson without editing the project [Rendered control and real application state were exercised with disposable test state.]
src/ui/tutorials/TutorialControls.audit.test.tsx: individual tutorial control outcomes 'convert' card and contextual button open the named lesson without editing the project [Rendered control and real application state were exercised with disposable test state.]
src/ui/tutorials/TutorialControls.audit.test.tsx: individual tutorial control outcomes 'align' card and contextual button open the named lesson without editing the project [Rendered control and real application state were exercised with disposable test state.]
src/ui/tutorials/TutorialControls.audit.test.tsx: individual tutorial control outcomes 'distribute' card and contextual button open the named lesson without editing the project [Rendered control and real application state were exercised with disposable test state.]
src/ui/tutorials/TutorialControls.audit.test.tsx: individual tutorial control outcomes 'array' card and contextual button open the named lesson without editing the project [Rendered control and real application state were exercised with disposable test state.]
src/ui/tutorials/TutorialControls.audit.test.tsx: individual tutorial control outcomes 'nest' card and contextual button open the named lesson without editing the project [Rendered control and real application state were exercised with disposable test state.]
src/ui/tutorials/TutorialControls.audit.test.tsx: individual tutorial control outcomes 'operations' card and contextual button open the named lesson without editing the project [Rendered control and real application state were exercised with disposable test state.]
src/ui/tutorials/TutorialControls.audit.test.tsx: individual tutorial control outcomes 'laser-cut' card and contextual button open the named lesson without editing the project [Rendered control and real application state were exercised with disposable test state.]
src/ui/tutorials/TutorialControls.audit.test.tsx: individual tutorial control outcomes 'laser-fill' card and contextual button open the named lesson without editing the project [Rendered control and real application state were exercised with disposable test state.]
src/ui/tutorials/TutorialControls.audit.test.tsx: individual tutorial control outcomes 'laser-image' card and contextual button open the named lesson without editing the project [Rendered control and real application state were exercised with disposable test state.]
src/ui/tutorials/TutorialControls.audit.test.tsx: individual tutorial control outcomes 'materials' card and contextual button open the named lesson without editing the project [Rendered control and real application state were exercised with disposable test state.]
src/ui/tutorials/TutorialControls.audit.test.tsx: individual tutorial control outcomes 'cnc-profile' card and contextual button open the named lesson without editing the project [Rendered control and real application state were exercised with disposable test state.]
src/ui/tutorials/TutorialControls.audit.test.tsx: individual tutorial control outcomes 'cnc-pocket' card and contextual button open the named lesson without editing the project [Rendered control and real application state were exercised with disposable test state.]
src/ui/tutorials/TutorialControls.audit.test.tsx: individual tutorial control outcomes 'cnc-engrave' card and contextual button open the named lesson without editing the project [Rendered control and real application state were exercised with disposable test state.]
src/ui/tutorials/TutorialControls.audit.test.tsx: individual tutorial control outcomes 'cnc-vcarve' card and contextual button open the named lesson without editing the project [Rendered control and real application state were exercised with disposable test state.]
src/ui/tutorials/TutorialControls.audit.test.tsx: individual tutorial control outcomes 'cnc-drill' card and contextual button open the named lesson without editing the project [Rendered control and real application state were exercised with disposable test state.]
src/ui/tutorials/TutorialControls.audit.test.tsx: individual tutorial control outcomes 'cnc-relief' card and contextual button open the named lesson without editing the project [Rendered control and real application state were exercised with disposable test state.]
src/ui/tutorials/TutorialControls.audit.test.tsx: individual tutorial control outcomes 'cnc-tabs' card and contextual button open the named lesson without editing the project [Rendered control and real application state were exercised with disposable test state.]
src/ui/tutorials/TutorialControls.audit.test.tsx: individual tutorial control outcomes 'tool-library' card and contextual button open the named lesson without editing the project [Rendered control and real application state were exercised with disposable test state.]
src/ui/tutorials/TutorialControls.audit.test.tsx: individual tutorial control outcomes 'cnc-inlay' card and contextual button open the named lesson without editing the project [Rendered control and real application state were exercised with disposable test state.]
src/ui/tutorials/TutorialControls.audit.test.tsx: individual tutorial control outcomes 'cnc-probe' card and contextual button open the named lesson without editing the project [Rendered control and real application state were exercised with disposable test state.]
src/ui/tutorials/TutorialControls.audit.test.tsx: individual tutorial control outcomes 'cnc-surfacing' card and contextual button open the named lesson without editing the project [Rendered control and real application state were exercised with disposable test state.]
src/ui/tutorials/TutorialControls.audit.test.tsx: individual tutorial control outcomes 'machine-setup' card and contextual button open the named lesson without editing the project [Rendered control and real application state were exercised with disposable test state.]
src/ui/tutorials/TutorialControls.audit.test.tsx: individual tutorial control outcomes 'connection' card and contextual button open the named lesson without editing the project [Rendered control and real application state were exercised with disposable test state.]
src/ui/tutorials/TutorialControls.audit.test.tsx: individual tutorial control outcomes 'jog' card and contextual button open the named lesson without editing the project [Rendered control and real application state were exercised with disposable test state.]
src/ui/tutorials/TutorialControls.audit.test.tsx: individual tutorial control outcomes 'origin' card and contextual button open the named lesson without editing the project [Rendered control and real application state were exercised with disposable test state.]
src/ui/tutorials/TutorialControls.audit.test.tsx: individual tutorial control outcomes 'frame-start' card and contextual button open the named lesson without editing the project [Rendered control and real application state were exercised with disposable test state.]
src/ui/tutorials/TutorialControls.audit.test.tsx: individual tutorial control outcomes 'preview' card and contextual button open the named lesson without editing the project [Rendered control and real application state were exercised with disposable test state.]
src/ui/tutorials/TutorialControls.audit.test.tsx: individual tutorial control outcomes 'gcode' card and contextual button open the named lesson without editing the project [Rendered control and real application state were exercised with disposable test state.]
src/ui/tutorials/TutorialControls.audit.test.tsx: individual tutorial control outcomes 'console' card and contextual button open the named lesson without editing the project [Rendered control and real application state were exercised with disposable test state.]
src/ui/tutorials/TutorialControls.audit.test.tsx: individual tutorial control outcomes 'macros' card and contextual button open the named lesson without editing the project [Rendered control and real application state were exercised with disposable test state.]
src/ui/tutorials/TutorialControls.audit.test.tsx: individual tutorial control outcomes 'recovery' card and contextual button open the named lesson without editing the project [Rendered control and real application state were exercised with disposable test state.]
src/ui/tutorials/TutorialControls.audit.test.tsx: individual tutorial control outcomes 'box' card and contextual button open the named lesson without editing the project [Rendered control and real application state were exercised with disposable test state.]
src/ui/tutorials/TutorialControls.audit.test.tsx: individual tutorial control outcomes 'box-fit' card and contextual button open the named lesson without editing the project [Rendered control and real application state were exercised with disposable test state.]
src/ui/tutorials/TutorialControls.audit.test.tsx: individual tutorial control outcomes 'material-test' card and contextual button open the named lesson without editing the project [Rendered control and real application state were exercised with disposable test state.]
src/ui/tutorials/TutorialControls.audit.test.tsx: individual tutorial control outcomes 'interval-test' card and contextual button open the named lesson without editing the project [Rendered control and real application state were exercised with disposable test state.]
src/ui/tutorials/TutorialControls.audit.test.tsx: individual tutorial control outcomes 'scan-offset' card and contextual button open the named lesson without editing the project [Rendered control and real application state were exercised with disposable test state.]
src/ui/tutorials/TutorialControls.audit.test.tsx: individual tutorial control outcomes 'focus-test' card and contextual button open the named lesson without editing the project [Rendered control and real application state were exercised with disposable test state.]
src/ui/tutorials/TutorialControls.audit.test.tsx: individual tutorial control outcomes 'camera' card and contextual button open the named lesson without editing the project [Rendered control and real application state were exercised with disposable test state.]
src/ui/tutorials/TutorialControls.audit.test.tsx: individual tutorial control outcomes 'registration' card and contextual button open the named lesson without editing the project [Rendered control and real application state were exercised with disposable test state.]
src/ui/tutorials/TutorialControls.audit.test.tsx: individual tutorial control outcomes 'board' card and contextual button open the named lesson without editing the project [Rendered control and real application state were exercised with disposable test state.]
src/ui/tutorials/TutorialControls.audit.test.tsx: individual tutorial control outcomes 'rotary' card and contextual button open the named lesson without editing the project [Rendered control and real application state were exercised with disposable test state.]
src/ui/tutorials/TutorialControls.audit.test.tsx: individual tutorial control outcomes 'print-cut' card and contextual button open the named lesson without editing the project [Rendered control and real application state were exercised with disposable test state.]
src/ui/tutorials/TutorialControls.audit.test.tsx: individual tutorial control outcomes 'optimization' card and contextual button open the named lesson without editing the project [Rendered control and real application state were exercised with disposable test state.]
src/ui/tutorials/TutorialControls.audit.test.tsx: individual tutorial control outcomes 'labs' card and contextual button open the named lesson without editing the project [Rendered control and real application state were exercised with disposable test state.]
src/ui/tutorials/TutorialControls.audit.test.tsx: individual tutorial control outcomes 'offset' card and contextual button open the named lesson without editing the project [Rendered control and real application state were exercised with disposable test state.]
src/ui/tutorials/TutorialControls.audit.test.tsx: individual tutorial control outcomes 'dogbone' card and contextual button open the named lesson without editing the project [Rendered control and real application state were exercised with disposable test state.]
src/ui/tutorials/TutorialControls.audit.test.tsx: individual tutorial control outcomes 'cnc-tiling' card and contextual button open the named lesson without editing the project [Rendered control and real application state were exercised with disposable test state.]","Rendered control and real application state were exercised with disposable test state."
"src/ui/tutorials/TutorialReader.tsx:114:9","tutorials","src/ui/tutorials/TutorialReader.tsx:114","← All tutorials","verified-behaviour","Return to library, step Back/Next, finish with persisted completion, and restart at step zero.","{""disabledWhen"":null,""enclosingConditions"":[]}","src/ui/tutorials/TutorialHost.test.tsx: TutorialHost learning flow opens the contextual lesson, navigates, restarts and records completion in the library [Rendered control and real application state were exercised with disposable test state.]","Rendered control and real application state were exercised with disposable test state."
"src/ui/tutorials/TutorialReader.tsx:154:11","tutorials","src/ui/tutorials/TutorialReader.tsx:154","{index + 1} {item.title}","verified-behaviour","Select the clicked step or related lesson rather than retaining the previous content.","{""disabledWhen"":null,""enclosingConditions"":[]}","src/ui/tutorials/TutorialControls.audit.test.tsx: individual tutorial control outcomes step-list and related-lesson buttons select the requested content [Rendered control and real application state were exercised with disposable test state.]","Rendered control and real application state were exercised with disposable test state."
"src/ui/tutorials/TutorialReader.tsx:178:7","tutorials","src/ui/tutorials/TutorialReader.tsx:178","Back","verified-behaviour","Return to library, step Back/Next, finish with persisted completion, and restart at step zero.","{""disabledWhen"":""props.step === 0"",""enclosingConditions"":[]}","src/ui/tutorials/TutorialHost.test.tsx: TutorialHost learning flow opens the contextual lesson, navigates, restarts and records completion in the library [Rendered control and real application state were exercised with disposable test state.]","Rendered control and real application state were exercised with disposable test state."
"src/ui/tutorials/TutorialReader.tsx:188:9","tutorials","src/ui/tutorials/TutorialReader.tsx:188","Next step →","verified-behaviour","Return to library, step Back/Next, finish with persisted completion, and restart at step zero.","{""disabledWhen"":null,""enclosingConditions"":[""props.step < props.count - 1""]}","src/ui/tutorials/TutorialHost.test.tsx: TutorialHost learning flow opens the contextual lesson, navigates, restarts and records completion in the library [Rendered control and real application state were exercised with disposable test state.]","Rendered control and real application state were exercised with disposable test state."
"src/ui/tutorials/TutorialReader.tsx:197:9","tutorials","src/ui/tutorials/TutorialReader.tsx:197","{props.finished ? 'Completed ✓' : 'Finish lesson'}","verified-behaviour","Return to library, step Back/Next, finish with persisted completion, and restart at step zero.","{""disabledWhen"":""props.finished"",""enclosingConditions"":[""not props.step < props.count - 1""]}","src/ui/tutorials/TutorialHost.test.tsx: TutorialHost learning flow opens the contextual lesson, navigates, restarts and records completion in the library [Rendered control and real application state were exercised with disposable test state.]","Rendered control and real application state were exercised with disposable test state."
"src/ui/tutorials/TutorialReader.tsx:207:7","tutorials","src/ui/tutorials/TutorialReader.tsx:207","Restart","verified-behaviour","Return to library, step Back/Next, finish with persisted completion, and restart at step zero.","{""disabledWhen"":null,""enclosingConditions"":[]}","src/ui/tutorials/TutorialHost.test.tsx: TutorialHost learning flow opens the contextual lesson, navigates, restarts and records completion in the library [Rendered control and real application state were exercised with disposable test state.]","Rendered control and real application state were exercised with disposable test state."
"src/ui/tutorials/TutorialReader.tsx:226:11","tutorials","src/ui/tutorials/TutorialReader.tsx:226","{related.title} →","verified-behaviour","Select the clicked step or related lesson rather than retaining the previous content.","{""disabledWhen"":null,""enclosingConditions"":[""not related === undefined""]}","src/ui/tutorials/TutorialControls.audit.test.tsx: individual tutorial control outcomes step-list and related-lesson buttons select the requested content [Rendered control and real application state were exercised with disposable test state.]","Rendered control and real application state were exercised with disposable test state."
"src/ui/workspace/Cnc3DFullPage.tsx:87:9","workspace","src/ui/workspace/Cnc3DFullPage.tsx:87","Close","verified-boundary","Close full-page 3D while retaining the docked scene and releasing modal ownership.","{""disabledWhen"":null,""enclosingConditions"":[]}","src/ui/workspace/Cnc3DPane.controls.test.tsx: 3D pane control outcomes Open full page and Close keep the docked scene and release modal ownership [Real pane and modal state with mocked WebGL scene hook.]","Real pane and modal state with mocked WebGL scene hook."
"src/ui/workspace/Cnc3DPane.tsx:47:9","workspace","src/ui/workspace/Cnc3DPane.tsx:47","Resize 3D result pane","verified-behaviour","Resize with arrow keys and pointer drag, respecting width bounds and persisting it.","{""disabledWhen"":null,""enclosingConditions"":[""!collapsed""]}","src/ui/workspace/Cnc3DPane.controls.test.tsx: 3D pane control outcomes the resize handle changes and persists width with keys and a pointer drag [Rendered control and real application state were exercised with disposable test state.]","Rendered control and real application state were exercised with disposable test state."
"src/ui/workspace/Cnc3DPane.tsx:110:7","workspace","src/ui/workspace/Cnc3DPane.tsx:110","Open full page","verified-boundary","Open the full-page 3D view while retaining the docked pane.","{""disabledWhen"":null,""enclosingConditions"":[]}","src/ui/workspace/Cnc3DPane.controls.test.tsx: 3D pane control outcomes Open full page and Close keep the docked scene and release modal ownership [Real modal with mocked WebGL scene hook.]","Real modal with mocked WebGL scene hook."
"src/ui/workspace/Cnc3DPaneToggle.tsx:9:5","workspace","src/ui/workspace/Cnc3DPaneToggle.tsx:9","collapsed ? 'Expand 3D result pane' : 'Collapse 3D result pane'","verified-behaviour","Persist the explicit collapse/expand choice without changing artwork.","{""disabledWhen"":null,""enclosingConditions"":[]}","src/ui/workspace/Cnc3DPane.controls.test.tsx: 3D pane control outcomes Collapse and Expand persist the explicit pane choice without changing the project [Rendered control and real application state were exercised with disposable test state.]","Rendered control and real application state were exercised with disposable test state."
"src/ui/workspace/CncStockCanvasHud.tsx:44:5","workspace","src/ui/workspace/CncStockCanvasHud.tsx:44","`${action} stock reference from Startup Setup`","verified-behaviour","Expand or collapse stock reference facts without editing the project.","{""disabledWhen"":null,""enclosingConditions"":[]}","src/ui/workspace/CncStockCanvasHud.test.tsx: CncStockCanvasHud expands into read-only facts and collapses back to the compact state [Rendered control and real application state were exercised with disposable test state.]","Rendered control and real application state were exercised with disposable test state."
"src/ui/workspace/CncStockCanvasHud.tsx:87:9","workspace","src/ui/workspace/CncStockCanvasHud.tsx:87","Edit in Startup Setup","verified-behaviour","Open the stock editor in Startup Setup without changing the project.","{""disabledWhen"":null,""enclosingConditions"":[]}","src/ui/workspace/CncStockCanvasHud.test.tsx: CncStockCanvasHud opens the exact Startup Setup stock editor without changing the project [Rendered control and real application state were exercised with disposable test state.]","Rendered control and real application state were exercised with disposable test state."
"src/ui/workspace/RegistrationJigArtworkSizeFields.tsx:54:9","workspace","src/ui/workspace/RegistrationJigArtworkSizeFields.tsx:54","{props.isAspectLocked ? 'AR locked' : 'AR unlocked'}","verified-behaviour","Unlock aspect ratio, edit each dimension independently, and apply exact size to every artwork copy.","{""disabledWhen"":null,""enclosingConditions"":[]}","src/ui/workspace/RegistrationJigArtworkSizeControls.test.tsx: RegistrationJigArtworkSizeControls keeps the other dimension unchanged while aspect ratio is unlocked [Rendered control and real application state were exercised with disposable test state.]","Rendered control and real application state were exercised with disposable test state."
"src/ui/workspace/RegistrationJigArtworkSizeFields.tsx:69:7","workspace","src/ui/workspace/RegistrationJigArtworkSizeFields.tsx:69","Apply size to all {props.count}","verified-behaviour","Unlock aspect ratio, edit each dimension independently, and apply exact size to every artwork copy.","{""disabledWhen"":null,""enclosingConditions"":[]}","src/ui/workspace/RegistrationJigArtworkSizeControls.test.tsx: RegistrationJigArtworkSizeControls keeps the other dimension unchanged while aspect ratio is unlocked [Rendered control and real application state were exercised with disposable test state.]","Rendered control and real application state were exercised with disposable test state."
"src/ui/workspace/RegistrationJigOperationSettings.tsx:37:9","workspace","src/ui/workspace/RegistrationJigOperationSettings.tsx:37","Air assist for registration jig outline","verified-behaviour","Update the outline operation air flag or open the actual outline Cut Settings dialog.","{""disabledWhen"":null,""enclosingConditions"":[]}","src/ui/workspace/WorkspaceButtons.audit.test.tsx: registration jig remaining actions air assist updates the outline operation and Advanced settings opens that operation [Rendered control and real application state were exercised with disposable test state.]
src/ui/workspace/WorkspaceButtons.audit.test.tsx: registration jig remaining actions air assist updates the outline operation and Advanced settings opens that operation [Rendered control and real application state were exercised with disposable test state.]","Rendered control and real application state were exercised with disposable test state."
"src/ui/workspace/RegistrationJigOperationSettings.tsx:46:7","workspace","src/ui/workspace/RegistrationJigOperationSettings.tsx:46","Advanced outline settings","verified-behaviour","Update the outline operation air flag or open the actual outline Cut Settings dialog.","{""disabledWhen"":""cutSettingsBlocked"",""enclosingConditions"":[]}","src/ui/workspace/WorkspaceButtons.audit.test.tsx: registration jig remaining actions air assist updates the outline operation and Advanced settings opens that operation [Rendered control and real application state were exercised with disposable test state.]
src/ui/workspace/WorkspaceButtons.audit.test.tsx: registration jig remaining actions air assist updates the outline operation and Advanced settings opens that operation [Rendered control and real application state were exercised with disposable test state.]","Rendered control and real application state were exercised with disposable test state."
"src/ui/workspace/RegistrationJigOutlineControls.tsx:92:9","workspace","src/ui/workspace/RegistrationJigOutlineControls.tsx:92","{createButtonLabel(initial.hasOutline, requestedCount)}","verified-behaviour","Create the requested grid of outlines or replace existing outline dimensions while preserving artwork.","{""disabledWhen"":""isCapturedBoard || issue !== null"",""enclosingConditions"":[]}","src/ui/workspace/RegistrationJigPanel.test.tsx: RegistrationJigPanel creates five jigs, copies selected artwork to all, and toggles both runs set-wide [Rendered control and real application state were exercised with disposable test state.]
src/ui/workspace/RegistrationJigPanel.test.tsx: RegistrationJigPanel Replace outline applies edited dimensions while preserving the existing artwork [Rendered control and real application state were exercised with disposable test state.]","Rendered control and real application state were exercised with disposable test state."
"src/ui/workspace/RegistrationJigOutlineControls.tsx:104:9","workspace","src/ui/workspace/RegistrationJigOutlineControls.tsx:104","RemoveRegistrationJigSetButton","verified-behaviour","Remove the outlines while preserving artwork.","{""disabledWhen"":null,""enclosingConditions"":[]}","src/ui/workspace/WorkspaceButtons.audit.test.tsx: registration jig remaining actions Remove outline preserves artwork, tutorial opens the jig lesson, and Close only hides the panel [Rendered control and real application state were exercised with disposable test state.]
src/ui/workspace/WorkspaceButtons.audit.test.tsx: registration jig remaining actions Remove outline preserves artwork, tutorial opens the jig lesson, and Close only hides the panel [Rendered control and real application state were exercised with disposable test state.]","Rendered control and real application state were exercised with disposable test state."
"src/ui/workspace/RegistrationJigOutlineFields.tsx:111:7","workspace","src/ui/workspace/RegistrationJigOutlineFields.tsx:111","Lock registration outlines","verified-behaviour","Toggle outline locking; captured-board geometry remains locked.","{""disabledWhen"":""props.disabled"",""enclosingConditions"":[]}","src/ui/workspace/RegistrationJigPanel.test.tsx: RegistrationJigPanel locks the box via the Lock box checkbox [Rendered control and real application state were exercised with disposable test state.]","Rendered control and real application state were exercised with disposable test state."
"src/ui/workspace/RegistrationJigOutlineFields.tsx:135:5","workspace","src/ui/workspace/RegistrationJigOutlineFields.tsx:135","Remove {props.outlineCount === 1 ? 'outline' : 'all outlines'}","verified-behaviour","Remove the selected registration outline set while preserving artwork.","{""disabledWhen"":null,""enclosingConditions"":[]}","src/ui/workspace/WorkspaceButtons.audit.test.tsx: registration jig remaining actions Remove outline preserves artwork, tutorial opens the jig lesson, and Close only hides the panel [Rendered control and real application state were exercised with disposable test state.]
src/ui/workspace/WorkspaceButtons.audit.test.tsx: registration jig remaining actions Remove outline preserves artwork, tutorial opens the jig lesson, and Close only hides the panel [Rendered control and real application state were exercised with disposable test state.]","Rendered control and real application state were exercised with disposable test state."
"src/ui/workspace/RegistrationJigPanel.tsx:63:9","workspace","src/ui/workspace/RegistrationJigPanel.tsx:63","Move registration jig panel","verified-behaviour","Move the floating panel through pointer drag or focused arrow keys.","{""disabledWhen"":null,""enclosingConditions"":[]}","src/ui/workspace/RegistrationJigPanel.test.tsx: RegistrationJigPanel moves when the header is dragged [Rendered control and real application state were exercised with disposable test state.]
src/ui/workspace/RegistrationJigPanel.test.tsx: RegistrationJigPanel moves with arrow keys when the drag handle is focused [Rendered control and real application state were exercised with disposable test state.]","Rendered control and real application state were exercised with disposable test state."
"src/ui/workspace/RegistrationJigPanel.tsx:74:9","workspace","src/ui/workspace/RegistrationJigPanel.tsx:74","Registration jig","verified-behaviour","Open the registration lesson; Close hides only the panel.","{""disabledWhen"":null,""enclosingConditions"":[]}","src/ui/workspace/WorkspaceButtons.audit.test.tsx: registration jig remaining actions Remove outline preserves artwork, tutorial opens the jig lesson, and Close only hides the panel [Rendered control and real application state were exercised with disposable test state.]
src/ui/workspace/WorkspaceButtons.audit.test.tsx: registration jig remaining actions Remove outline preserves artwork, tutorial opens the jig lesson, and Close only hides the panel [Rendered control and real application state were exercised with disposable test state.]","Rendered control and real application state were exercised with disposable test state."
"src/ui/workspace/RegistrationJigPanel.tsx:75:9","workspace","src/ui/workspace/RegistrationJigPanel.tsx:75","Close registration jig panel","verified-behaviour","Open the registration lesson; Close hides only the panel.","{""disabledWhen"":null,""enclosingConditions"":[]}","src/ui/workspace/WorkspaceButtons.audit.test.tsx: registration jig remaining actions Remove outline preserves artwork, tutorial opens the jig lesson, and Close only hides the panel [Rendered control and real application state were exercised with disposable test state.]
src/ui/workspace/WorkspaceButtons.audit.test.tsx: registration jig remaining actions Remove outline preserves artwork, tutorial opens the jig lesson, and Close only hides the panel [Rendered control and real application state were exercised with disposable test state.]","Rendered control and real application state were exercised with disposable test state."
"src/ui/workspace/RegistrationJigPanel.tsx:86:7","workspace","src/ui/workspace/RegistrationJigPanel.tsx:86","{boxes.length > 1 ? `Auto-fit + copy artwork to all ${boxes.length}` : 'Auto-fit artwork in outline'}","verified-behaviour","Fit and copy selected artwork to each jig; switch the entire set between outline-only and artwork-only output.","{""disabledWhen"":""!canCenter"",""enclosingConditions"":[]}","src/ui/workspace/RegistrationJigPanel.test.tsx: RegistrationJigPanel creates five jigs, copies selected artwork to all, and toggles both runs set-wide [Rendered control and real application state were exercised with disposable test state.]","Rendered control and real application state were exercised with disposable test state."
"src/ui/workspace/RegistrationJigPanel.tsx:332:7","workspace","src/ui/workspace/RegistrationJigPanel.tsx:332","Outline only","verified-behaviour","Fit and copy selected artwork to each jig; switch the entire set between outline-only and artwork-only output.","{""disabledWhen"":""props.disabled"",""enclosingConditions"":[]}","src/ui/workspace/RegistrationJigPanel.test.tsx: RegistrationJigPanel creates five jigs, copies selected artwork to all, and toggles both runs set-wide [Rendered control and real application state were exercised with disposable test state.]","Rendered control and real application state were exercised with disposable test state."
"src/ui/workspace/RegistrationJigPanel.tsx:340:7","workspace","src/ui/workspace/RegistrationJigPanel.tsx:340","Artwork only","verified-behaviour","Fit and copy selected artwork to each jig; switch the entire set between outline-only and artwork-only output.","{""disabledWhen"":""props.disabled || props.artworkDisabled"",""enclosingConditions"":[]}","src/ui/workspace/RegistrationJigPanel.test.tsx: RegistrationJigPanel creates five jigs, copies selected artwork to all, and toggles both runs set-wide [Rendered control and real application state were exercised with disposable test state.]","Rendered control and real application state were exercised with disposable test state."
"src/ui/workspace/RegistrationJigPanel.tsx:356:7","workspace","src/ui/workspace/RegistrationJigPanel.tsx:356","{open ? '▾' : '▸'} How to use","verified-behaviour","Expand/collapse the written how-to instructions.","{""disabledWhen"":null,""enclosingConditions"":[]}","src/ui/workspace/RegistrationJigPanel.test.tsx: RegistrationJigPanel keeps How to use collapsed until the operator opens it [Rendered control and real application state were exercised with disposable test state.]
src/ui/workspace/RegistrationJigPanel.test.tsx: RegistrationJigPanel keeps How to use collapsed until the operator opens it [Rendered control and real application state were exercised with disposable test state.]","Rendered control and real application state were exercised with disposable test state."
"src/ui/workspace/ToolStrip.tsx:47:7","workspace","src/ui/workspace/ToolStrip.tsx:47","activeTool === undefined ? 'Drawing tools' : TOOL_HELP[activeTool.helpKey].label","verified-behaviour","Open the lesson corresponding to the selected tool without changing tool or artwork.","{""disabledWhen"":null,""enclosingConditions"":[]}","src/ui/workspace/ToolStrip.test.tsx: ToolStrip teaches the selected drawing tool without changing the tool or artwork [Rendered control and real application state were exercised with disposable test state.]","Rendered control and real application state were exercised with disposable test state."
"src/ui/workspace/ToolStrip.tsx:62:11","workspace","src/ui/workspace/ToolStrip.tsx:62","TOOL_HELP[tool.helpKey].label","verified-behaviour","All ten tool buttons activate exactly their named mode and expose pressed state without changing artwork.","{""disabledWhen"":null,""enclosingConditions"":[]}","src/ui/workspace/WorkspaceButtons.audit.test.tsx: drawing palette individual outcomes select selects exactly its tool mode without changing artwork [Rendered control and real application state were exercised with disposable test state.]
src/ui/workspace/WorkspaceButtons.audit.test.tsx: drawing palette individual outcomes node selects exactly its tool mode without changing artwork [Rendered control and real application state were exercised with disposable test state.]
src/ui/workspace/WorkspaceButtons.audit.test.tsx: drawing palette individual outcomes measure selects exactly its tool mode without changing artwork [Rendered control and real application state were exercised with disposable test state.]
src/ui/workspace/WorkspaceButtons.audit.test.tsx: drawing palette individual outcomes text selects exactly its tool mode without changing artwork [Rendered control and real application state were exercised with disposable test state.]
src/ui/workspace/WorkspaceButtons.audit.test.tsx: drawing palette individual outcomes rect selects exactly its tool mode without changing artwork [Rendered control and real application state were exercised with disposable test state.]
src/ui/workspace/WorkspaceButtons.audit.test.tsx: drawing palette individual outcomes ellipse selects exactly its tool mode without changing artwork [Rendered control and real application state were exercised with disposable test state.]
src/ui/workspace/WorkspaceButtons.audit.test.tsx: drawing palette individual outcomes polygon selects exactly its tool mode without changing artwork [Rendered control and real application state were exercised with disposable test state.]
src/ui/workspace/WorkspaceButtons.audit.test.tsx: drawing palette individual outcomes star selects exactly its tool mode without changing artwork [Rendered control and real application state were exercised with disposable test state.]
src/ui/workspace/WorkspaceButtons.audit.test.tsx: drawing palette individual outcomes polyline selects exactly its tool mode without changing artwork [Rendered control and real application state were exercised with disposable test state.]
src/ui/workspace/WorkspaceButtons.audit.test.tsx: drawing palette individual outcomes position-laser selects exactly its tool mode without changing artwork [Rendered control and real application state were exercised with disposable test state.]
src/ui/workspace/WorkspaceButtons.audit.test.tsx: drawing palette individual outcomes select selects exactly its tool mode without changing artwork [Rendered control and real application state were exercised with disposable test state.]
src/ui/workspace/WorkspaceButtons.audit.test.tsx: drawing palette individual outcomes node selects exactly its tool mode without changing artwork [Rendered control and real application state were exercised with disposable test state.]
src/ui/workspace/WorkspaceButtons.audit.test.tsx: drawing palette individual outcomes measure selects exactly its tool mode without changing artwork [Rendered control and real application state were exercised with disposable test state.]
src/ui/workspace/WorkspaceButtons.audit.test.tsx: drawing palette individual outcomes text selects exactly its tool mode without changing artwork [Rendered control and real application state were exercised with disposable test state.]
src/ui/workspace/WorkspaceButtons.audit.test.tsx: drawing palette individual outcomes rect selects exactly its tool mode without changing artwork [Rendered control and real application state were exercised with disposable test state.]
src/ui/workspace/WorkspaceButtons.audit.test.tsx: drawing palette individual outcomes ellipse selects exactly its tool mode without changing artwork [Rendered control and real application state were exercised with disposable test state.]
src/ui/workspace/WorkspaceButtons.audit.test.tsx: drawing palette individual outcomes polygon selects exactly its tool mode without changing artwork [Rendered control and real application state were exercised with disposable test state.]
src/ui/workspace/WorkspaceButtons.audit.test.tsx: drawing palette individual outcomes star selects exactly its tool mode without changing artwork [Rendered control and real application state were exercised with disposable test state.]
src/ui/workspace/WorkspaceButtons.audit.test.tsx: drawing palette individual outcomes polyline selects exactly its tool mode without changing artwork [Rendered control and real application state were exercised with disposable test state.]
src/ui/workspace/WorkspaceButtons.audit.test.tsx: drawing palette individual outcomes position-laser selects exactly its tool mode without changing artwork [Rendered control and real application state were exercised with disposable test state.]","Rendered control and real application state were exercised with disposable test state."
"src/ui/workspace/ToolStrip.tsx:80:7","workspace","src/ui/workspace/ToolStrip.tsx:80","Open design library","verified-behaviour","Open the design library.","{""disabledWhen"":null,""enclosingConditions"":[]}","src/ui/workspace/ToolStrip.test.tsx: ToolStrip opens the design library from the tool strip [Rendered control and real application state were exercised with disposable test state.]","Rendered control and real application state were exercised with disposable test state."
"src/ui/workspace/ToolStrip.tsx:90:7","workspace","src/ui/workspace/ToolStrip.tsx:90","Open Design Studio","verified-behaviour","Open a resumable Design Studio session.","{""disabledWhen"":null,""enclosingConditions"":[]}","src/ui/workspace/WorkspaceButtons.audit.test.tsx: drawing palette individual outcomes Open Design Studio creates a resumable session [Rendered control and real application state were exercised with disposable test state.]
src/ui/workspace/WorkspaceButtons.audit.test.tsx: drawing palette individual outcomes Open Design Studio creates a resumable session [Rendered control and real application state were exercised with disposable test state.]","Rendered control and real application state were exercised with disposable test state."
"src/ui/workspace/ToolStrip.tsx:144:7","workspace","src/ui/workspace/ToolStrip.tsx:144","Smooth","verified-behaviour","Align selected incoming/outgoing handles with opposite directions and preserve undo.","{""disabledWhen"":null,""enclosingConditions"":[]}","src/ui/workspace/WorkspaceButtons.audit.test.tsx: drawing palette individual outcomes Smooth updates the selected handles with undoable geometry [Rendered control and real application state were exercised with disposable test state.]
src/ui/workspace/WorkspaceButtons.audit.test.tsx: drawing palette individual outcomes Smooth updates the selected handles with undoable geometry [Rendered control and real application state were exercised with disposable test state.]","Rendered control and real application state were exercised with disposable test state."
"src/ui/workspace/ToolStrip.tsx:149:7","workspace","src/ui/workspace/ToolStrip.tsx:149","Corner","verified-behaviour","Align selected handles to their adjoining chords and preserve undo.","{""disabledWhen"":null,""enclosingConditions"":[]}","src/ui/workspace/WorkspaceButtons.audit.test.tsx: drawing palette individual outcomes Corner updates the selected handles with undoable geometry [Rendered control and real application state were exercised with disposable test state.]
src/ui/workspace/WorkspaceButtons.audit.test.tsx: drawing palette individual outcomes Corner updates the selected handles with undoable geometry [Rendered control and real application state were exercised with disposable test state.]","Rendered control and real application state were exercised with disposable test state."
"src/ui/workspace/ToolStrip.tsx:150:7","workspace","src/ui/workspace/ToolStrip.tsx:150","Curve","verified-behaviour","Convert the outgoing segment to cubic/line; already-matching types are disabled after reselecting the node.","{""disabledWhen"":""outgoing === undefined || outgoing.kind === 'cubic'"",""enclosingConditions"":[]}","src/ui/workspace/WorkspaceButtons.audit.test.tsx: drawing palette individual outcomes Curve and Line convert the outgoing segment and explain their unavailable states [Rendered control and real application state were exercised with disposable test state.]
src/ui/workspace/WorkspaceButtons.audit.test.tsx: drawing palette individual outcomes Curve and Line convert the outgoing segment and explain their unavailable states [Rendered control and real application state were exercised with disposable test state.]","Rendered control and real application state were exercised with disposable test state."
"src/ui/workspace/ToolStrip.tsx:156:7","workspace","src/ui/workspace/ToolStrip.tsx:156","Line","verified-behaviour","Convert the outgoing segment to cubic/line; already-matching types are disabled after reselecting the node.","{""disabledWhen"":""outgoing === undefined || outgoing.kind === 'line'"",""enclosingConditions"":[]}","src/ui/workspace/WorkspaceButtons.audit.test.tsx: drawing palette individual outcomes Curve and Line convert the outgoing segment and explain their unavailable states [Rendered control and real application state were exercised with disposable test state.]
src/ui/workspace/WorkspaceButtons.audit.test.tsx: drawing palette individual outcomes Curve and Line convert the outgoing segment and explain their unavailable states [Rendered control and real application state were exercised with disposable test state.]","Rendered control and real application state were exercised with disposable test state."
"src/ui/workspace/ToolStrip.tsx:162:7","workspace","src/ui/workspace/ToolStrip.tsx:162","Start","verified-behaviour","Reorder a closed path to the selected start node or break it open there, with undo and correct availability.","{""disabledWhen"":""!curve.closed || selected.pointIndex === 0"",""enclosingConditions"":[]}","src/ui/workspace/WorkspaceButtons.audit.test.tsx: drawing palette individual outcomes Start reorders a closed path and Break opens it at the selected node [Rendered control and real application state were exercised with disposable test state.]
src/ui/workspace/WorkspaceButtons.audit.test.tsx: drawing palette individual outcomes Start reorders a closed path and Break opens it at the selected node [Rendered control and real application state were exercised with disposable test state.]","Rendered control and real application state were exercised with disposable test state."
"src/ui/workspace/ToolStrip.tsx:168:7","workspace","src/ui/workspace/ToolStrip.tsx:168","Break","verified-behaviour","Reorder a closed path to the selected start node or break it open there, with undo and correct availability.","{""disabledWhen"":""!curve.closed"",""enclosingConditions"":[]}","src/ui/workspace/WorkspaceButtons.audit.test.tsx: drawing palette individual outcomes Start reorders a closed path and Break opens it at the selected node [Rendered control and real application state were exercised with disposable test state.]
src/ui/workspace/WorkspaceButtons.audit.test.tsx: drawing palette individual outcomes Start reorders a closed path and Break opens it at the selected node [Rendered control and real application state were exercised with disposable test state.]","Rendered control and real application state were exercised with disposable test state."
"src/ui/workspace/ToolStrip.tsx:174:7","workspace","src/ui/workspace/ToolStrip.tsx:174","Join","verified-behaviour","Close the selected open curve endpoints with undo and return focus to Edit nodes; unsupported interior selections retain geometry and receive a warning.","{""disabledWhen"":""!canJoin"",""enclosingConditions"":[]}","src/ui/workspace/ToolStrip.test.tsx: ToolStrip keeps Join available for two anchors and returns focus to Edit nodes after success [Rendered control and real application state were exercised with disposable test state.]
src/ui/workspace/ToolStrip.test.tsx: ToolStrip does not turn unsupported interior anchors into a narrower disabled-state guard [Rendered control and real application state were exercised with disposable test state.]
src/ui/workspace/ToolStrip.test.tsx: ToolStrip keeps Join available for two anchors and returns focus to Edit nodes after success [Rendered control and real application state were exercised with disposable test state.]
src/ui/workspace/ToolStrip.test.tsx: ToolStrip does not turn unsupported interior anchors into a narrower disabled-state guard [Rendered control and real application state were exercised with disposable test state.]","Rendered control and real application state were exercised with disposable test state."
"src/ui/workspace/ToolStrip.tsx:194:5","workspace","src/ui/workspace/ToolStrip.tsx:194","props.label","verified-behaviour","Shared node-action button dispatches real undoable geometry operations.","{""disabledWhen"":""props.disabled"",""enclosingConditions"":[]}","src/ui/workspace/WorkspaceButtons.audit.test.tsx: drawing palette individual outcomes Curve and Line convert the outgoing segment and explain their unavailable states [Rendered control and real application state were exercised with disposable test state.]
src/ui/workspace/WorkspaceButtons.audit.test.tsx: drawing palette individual outcomes Start reorders a closed path and Break opens it at the selected node [Rendered control and real application state were exercised with disposable test state.]
src/ui/workspace/WorkspaceButtons.audit.test.tsx: drawing palette individual outcomes Smooth updates the selected handles with undoable geometry [Rendered control and real application state were exercised with disposable test state.]
src/ui/workspace/WorkspaceButtons.audit.test.tsx: drawing palette individual outcomes Curve and Line convert the outgoing segment and explain their unavailable states [Rendered control and real application state were exercised with disposable test state.]
src/ui/workspace/WorkspaceButtons.audit.test.tsx: drawing palette individual outcomes Start reorders a closed path and Break opens it at the selected node [Rendered control and real application state were exercised with disposable test state.]
src/ui/workspace/WorkspaceButtons.audit.test.tsx: drawing palette individual outcomes Smooth updates the selected handles with undoable geometry [Rendered control and real application state were exercised with disposable test state.]","Rendered control and real application state were exercised with disposable test state."
"src/ui/workspace/WorkspaceCanvasLayers.tsx:41:7","workspace","src/ui/workspace/WorkspaceCanvasLayers.tsx:41","`${APP_DISPLAY_NAME} workspace`","not-action-control","Canvas gesture surface, not a button; drawing gestures are outside this control inventory.","{""disabledWhen"":null,""enclosingConditions"":[]}","","Inventory scanner includes semantic/gesture surfaces; source reviewed to avoid counting them as passed buttons."
"src/ui/workspace/overlays.tsx:46:7","workspace","src/ui/workspace/overlays.tsx:46","Toggle snapping","verified-behaviour","Toggle snapping in workspace preferences.","{""disabledWhen"":null,""enclosingConditions"":[]}","src/ui/workspace/overlays.test.tsx: ZoomControls snap toggle toggles workspace snapping from the canvas overlay [Rendered control and real application state were exercised with disposable test state.]","Rendered control and real application state were exercised with disposable test state."
"src/ui/workspace/overlays.tsx:57:7","workspace","src/ui/workspace/overlays.tsx:57","Zoom out","verified-behaviour","Zoom in/out or reset to bed view without editing the project; percentage supports keyboard activation.","{""disabledWhen"":null,""enclosingConditions"":[]}","src/ui/workspace/WorkspaceButtons.audit.test.tsx: viewport and preview individual outcomes Zoom in/out and both fit-to-bed entry points change only the view [Rendered control and real application state were exercised with disposable test state.]
src/ui/workspace/WorkspaceButtons.audit.test.tsx: viewport and preview individual outcomes Zoom in/out and both fit-to-bed entry points change only the view [Rendered control and real application state were exercised with disposable test state.]","Rendered control and real application state were exercised with disposable test state."
"src/ui/workspace/overlays.tsx:66:7","workspace","src/ui/workspace/overlays.tsx:66","{percent} %","verified-behaviour","Zoom in/out or reset to bed view without editing the project; percentage supports keyboard activation.","{""disabledWhen"":null,""enclosingConditions"":[]}","src/ui/workspace/WorkspaceButtons.audit.test.tsx: viewport and preview individual outcomes Zoom in/out and both fit-to-bed entry points change only the view [Rendered control and real application state were exercised with disposable test state.]
src/ui/workspace/WorkspaceButtons.audit.test.tsx: viewport and preview individual outcomes Zoom in/out and both fit-to-bed entry points change only the view [Rendered control and real application state were exercised with disposable test state.]","Rendered control and real application state were exercised with disposable test state."
"src/ui/workspace/overlays.tsx:81:7","workspace","src/ui/workspace/overlays.tsx:81","Zoom in","verified-behaviour","Zoom in/out or reset to bed view without editing the project; percentage supports keyboard activation.","{""disabledWhen"":null,""enclosingConditions"":[]}","src/ui/workspace/WorkspaceButtons.audit.test.tsx: viewport and preview individual outcomes Zoom in/out and both fit-to-bed entry points change only the view [Rendered control and real application state were exercised with disposable test state.]
src/ui/workspace/WorkspaceButtons.audit.test.tsx: viewport and preview individual outcomes Zoom in/out and both fit-to-bed entry points change only the view [Rendered control and real application state were exercised with disposable test state.]","Rendered control and real application state were exercised with disposable test state."
"src/ui/workspace/overlays.tsx:90:7","workspace","src/ui/workspace/overlays.tsx:90","Fit to selection","verified-behaviour","Zoom and pan to the actual selected artwork.","{""disabledWhen"":null,""enclosingConditions"":[]}","src/ui/workspace/WorkspaceButtons.audit.test.tsx: viewport and preview individual outcomes Fit to selection zooms to actual selected artwork [Rendered control and real application state were exercised with disposable test state.]
src/ui/workspace/WorkspaceButtons.audit.test.tsx: viewport and preview individual outcomes Fit to selection zooms to actual selected artwork [Rendered control and real application state were exercised with disposable test state.]","Rendered control and real application state were exercised with disposable test state."
"src/ui/workspace/overlays.tsx:99:7","workspace","src/ui/workspace/overlays.tsx:99","Fit to bed","verified-behaviour","Zoom in/out or reset to bed view without editing the project; percentage supports keyboard activation.","{""disabledWhen"":null,""enclosingConditions"":[]}","src/ui/workspace/WorkspaceButtons.audit.test.tsx: viewport and preview individual outcomes Zoom in/out and both fit-to-bed entry points change only the view [Rendered control and real application state were exercised with disposable test state.]
src/ui/workspace/WorkspaceButtons.audit.test.tsx: viewport and preview individual outcomes Zoom in/out and both fit-to-bed entry points change only the view [Rendered control and real application state were exercised with disposable test state.]","Rendered control and real application state were exercised with disposable test state."
"src/ui/workspace/overlays.tsx:116:5","workspace","src/ui/workspace/overlays.tsx:116","Show frame and job start markers","verified-behaviour","Toggle frame/job-start markers and persist the explicit choice.","{""disabledWhen"":null,""enclosingConditions"":[]}","src/ui/workspace/overlays.test.tsx: ZoomControls start marker toggle sits after Snap, defaults on, and persists the hidden state [Rendered control and real application state were exercised with disposable test state.]","Rendered control and real application state were exercised with disposable test state."
"src/ui/workspace/preview-overlays.tsx:111:9","workspace","src/ui/workspace/preview-overlays.tsx:111","Show traversal moves in Preview","verified-boundary","Toggle travel display, open the Preview tutorial, or request the 3D preview without modifying route data.","{""disabledWhen"":null,""enclosingConditions"":[]}","src/ui/workspace/WorkspaceButtons.audit.test.tsx: viewport and preview individual outcomes preview travel toggle, tutorial and 3D entry dispatch without changing the route [Real preview state and tutorial store; 3D opener is a callback boundary.]
src/ui/workspace/WorkspaceButtons.audit.test.tsx: viewport and preview individual outcomes preview travel toggle, tutorial and 3D entry dispatch without changing the route [Real preview state and tutorial store; 3D opener is a callback boundary.]","Real preview state and tutorial store; 3D opener is a callback boundary."
"src/ui/workspace/preview-overlays.tsx:158:7","workspace","src/ui/workspace/preview-overlays.tsx:158","Preview","verified-boundary","Toggle travel display, open the Preview tutorial, or request the 3D preview without modifying route data.","{""disabledWhen"":null,""enclosingConditions"":[]}","src/ui/workspace/WorkspaceButtons.audit.test.tsx: viewport and preview individual outcomes preview travel toggle, tutorial and 3D entry dispatch without changing the route [Real preview state and tutorial store; 3D opener is a callback boundary.]
src/ui/workspace/WorkspaceButtons.audit.test.tsx: viewport and preview individual outcomes preview travel toggle, tutorial and 3D entry dispatch without changing the route [Real preview state and tutorial store; 3D opener is a callback boundary.]","Real preview state and tutorial store; 3D opener is a callback boundary."
"src/ui/workspace/preview-overlays.tsx:161:9","workspace","src/ui/workspace/preview-overlays.tsx:161","Open 3D cut preview","verified-boundary","Toggle travel display, open the Preview tutorial, or request the 3D preview without modifying route data.","{""disabledWhen"":null,""enclosingConditions"":[""props.onOpen3D !== undefined""]}","src/ui/workspace/WorkspaceButtons.audit.test.tsx: viewport and preview individual outcomes preview travel toggle, tutorial and 3D entry dispatch without changing the route [Real preview state and tutorial store; 3D opener is a callback boundary.]
src/ui/workspace/WorkspaceButtons.audit.test.tsx: viewport and preview individual outcomes preview travel toggle, tutorial and 3D entry dispatch without changing the route [Real preview state and tutorial store; 3D opener is a callback boundary.]","Real preview state and tutorial store; 3D opener is a callback boundary."
"src/ui/workspace/preview-overlays.tsx:212:7","workspace","src/ui/workspace/preview-overlays.tsx:212","previewPlaying ? 'Pause route preview' : 'Play route preview'","verified-behaviour","Play/pause, restart and jump to previous/next passes using the actual route scrubber state.","{""disabledWhen"":""disabled"",""enclosingConditions"":[]}","src/ui/workspace/WorkspaceButtons.audit.test.tsx: viewport and preview individual outcomes Play, Pause, Restart and both pass buttons change the scrubber as labelled [Rendered control and real application state were exercised with disposable test state.]
src/ui/workspace/WorkspaceButtons.audit.test.tsx: viewport and preview individual outcomes Play, Pause, Restart and both pass buttons change the scrubber as labelled [Rendered control and real application state were exercised with disposable test state.]","Rendered control and real application state were exercised with disposable test state."
"src/ui/workspace/preview-overlays.tsx:239:7","workspace","src/ui/workspace/preview-overlays.tsx:239","Restart route preview","verified-behaviour","Play/pause, restart and jump to previous/next passes using the actual route scrubber state.","{""disabledWhen"":""disabled"",""enclosingConditions"":[]}","src/ui/workspace/WorkspaceButtons.audit.test.tsx: viewport and preview individual outcomes Play, Pause, Restart and both pass buttons change the scrubber as labelled [Rendered control and real application state were exercised with disposable test state.]
src/ui/workspace/WorkspaceButtons.audit.test.tsx: viewport and preview individual outcomes Play, Pause, Restart and both pass buttons change the scrubber as labelled [Rendered control and real application state were exercised with disposable test state.]","Rendered control and real application state were exercised with disposable test state."
"src/ui/workspace/preview-overlays.tsx:289:7","workspace","src/ui/workspace/preview-overlays.tsx:289","Jump to previous pass","verified-behaviour","Play/pause, restart and jump to previous/next passes using the actual route scrubber state.","{""disabledWhen"":""props.disabled || prev === undefined"",""enclosingConditions"":[]}","src/ui/workspace/WorkspaceButtons.audit.test.tsx: viewport and preview individual outcomes Play, Pause, Restart and both pass buttons change the scrubber as labelled [Rendered control and real application state were exercised with disposable test state.]
src/ui/workspace/WorkspaceButtons.audit.test.tsx: viewport and preview individual outcomes Play, Pause, Restart and both pass buttons change the scrubber as labelled [Rendered control and real application state were exercised with disposable test state.]","Rendered control and real application state were exercised with disposable test state."
"src/ui/workspace/preview-overlays.tsx:302:7","workspace","src/ui/workspace/preview-overlays.tsx:302","Jump to next pass","verified-behaviour","Play/pause, restart and jump to previous/next passes using the actual route scrubber state.","{""disabledWhen"":""props.disabled || next === undefined"",""enclosingConditions"":[]}","src/ui/workspace/WorkspaceButtons.audit.test.tsx: viewport and preview individual outcomes Play, Pause, Restart and both pass buttons change the scrubber as labelled [Rendered control and real application state were exercised with disposable test state.]
src/ui/workspace/WorkspaceButtons.audit.test.tsx: viewport and preview individual outcomes Play, Pause, Restart and both pass buttons change the scrubber as labelled [Rendered control and real application state were exercised with disposable test state.]","Rendered control and real application state were exercised with disposable test state."
"src/ui/calibration/IntervalTestDialog.tsx:90:9","calibration","src/ui/calibration/IntervalTestDialog.tsx:90","Cancel","verified-boundary","Cancel this dialog without generating a calibration job.","{""disabledWhen"":null,""enclosingConditions"":[],""scope"":""Current UI component; controller-specific runtime checks remain in the action/store.""}","src/ui/laser/MachineDialogControls.audit.test.tsx: Machine dialog control audit interval Cancel calls only cancellation without generating a job [Rendered control and callback arguments verified at the named component boundary; downstream effects are not established by this case. No physical controller or material run.]","Rendered control and callback arguments verified at the named component boundary; downstream effects are not established by this case. No physical controller or material run."
"src/ui/calibration/IntervalTestDialog.tsx:91:9","calibration","src/ui/calibration/IntervalTestDialog.tsx:91","Generate","verified-boundary","Validate the draft and return parsed calibration options through Generate.","{""disabledWhen"":""issues.length > 0"",""enclosingConditions"":[],""scope"":""Current UI component; controller-specific runtime checks remain in the action/store.""}","src/ui/calibration/IntervalTestDialog.test.tsx: IntervalTestDialog renders interval controls and generates parsed options [Rendered control and callback arguments verified at the named component boundary; downstream effects are not established by this case. No physical controller or material run.]","Rendered control and callback arguments verified at the named component boundary; downstream effects are not established by this case. No physical controller or material run."
"src/ui/calibration/MaterialTestDialog.tsx:97:9","calibration","src/ui/calibration/MaterialTestDialog.tsx:97","Cancel","verified-boundary","Cancel this dialog without generating a calibration job.","{""disabledWhen"":null,""enclosingConditions"":[],""scope"":""Current UI component; controller-specific runtime checks remain in the action/store.""}","src/ui/laser/MachineDialogControls.audit.test.tsx: Machine dialog control audit material Cancel calls only cancellation without generating a job [Rendered control and callback arguments verified at the named component boundary; downstream effects are not established by this case. No physical controller or material run.]","Rendered control and callback arguments verified at the named component boundary; downstream effects are not established by this case. No physical controller or material run."
"src/ui/calibration/MaterialTestDialog.tsx:98:9","calibration","src/ui/calibration/MaterialTestDialog.tsx:98","Generate","verified-boundary","Validate the draft and return parsed calibration options through Generate.","{""disabledWhen"":""issues.length > 0"",""enclosingConditions"":[],""scope"":""Current UI component; controller-specific runtime checks remain in the action/store.""}","src/ui/calibration/MaterialTestDialog.test.tsx: MaterialTestDialog renders grid controls and generates parsed options [Rendered control and callback arguments verified at the named component boundary; downstream effects are not established by this case. No physical controller or material run.]","Rendered control and callback arguments verified at the named component boundary; downstream effects are not established by this case. No physical controller or material run."
"src/ui/calibration/ScanOffsetCalibrationDialog.tsx:92:9","calibration","src/ui/calibration/ScanOffsetCalibrationDialog.tsx:92","Cancel","verified-boundary","Cancel this dialog without generating a calibration job.","{""disabledWhen"":null,""enclosingConditions"":[],""scope"":""Current UI component; controller-specific runtime checks remain in the action/store.""}","src/ui/laser/MachineDialogControls.audit.test.tsx: Machine dialog control audit scan offset Cancel calls only cancellation without generating a job [Rendered control and callback arguments verified at the named component boundary; downstream effects are not established by this case. No physical controller or material run.]","Rendered control and callback arguments verified at the named component boundary; downstream effects are not established by this case. No physical controller or material run."
"src/ui/calibration/ScanOffsetCalibrationDialog.tsx:93:9","calibration","src/ui/calibration/ScanOffsetCalibrationDialog.tsx:93","{mode === 'baseline' ? 'Generate uncorrected baseline' : 'Generate verification coupon'}","verified-boundary","Generate the selected baseline or profile-corrected verification coupon.","{""disabledWhen"":null,""enclosingConditions"":[],""scope"":""Current UI component; controller-specific runtime checks remain in the action/store.""}","src/ui/calibration/ScanOffsetCalibrationDialog.test.tsx: ScanOffsetCalibrationDialog renders scan-offset controls and generates parsed options [Rendered control and callback arguments verified at the named component boundary; downstream effects are not established by this case. No physical controller or material run.]
src/ui/calibration/ScanOffsetCalibrationDialog.test.tsx: ScanOffsetCalibrationDialog generates a profile-corrected verification coupon when offsets exist [Rendered control and callback arguments verified at the named component boundary; downstream effects are not established by this case. No physical controller or material run.]","Rendered control and callback arguments verified at the named component boundary; downstream effects are not established by this case. No physical controller or material run."
"src/ui/laser/AccessoryResetControls.tsx:31:7","laser","src/ui/laser/AccessoryResetControls.tsx:31","{busy ? 'Stopping…' : 'Stop spindle & coolant'}","verified-boundary","Confirm tool clearance, then request one M5/M9 accessory-off block.","{""disabledWhen"":""busy || disabled"",""enclosingConditions"":[],""scope"":""Current UI component; controller-specific runtime checks remain in the action/store.""}","src/ui/laser/JobControls.idle-accessories.test.tsx: idle CNC accessory recovery shows reported active accessories and sends one acknowledged M5 M9 block [Rendered click to mocked console sender, exact block asserted; declined confirmation also tested.]","Rendered click to mocked console sender, exact block asserted; declined confirmation also tested."
"src/ui/laser/AutofocusEditor.tsx:40:11","laser","src/ui/laser/AutofocusEditor.tsx:40","Use {p.label}","verified-boundary","Apply the selected single-line autofocus preset to the draft.","{""disabledWhen"":null,""enclosingConditions"":[],""scope"":""Current UI component; controller-specific runtime checks remain in the action/store.""}","src/ui/laser/AutofocusEditor.test.tsx: AutofocusEditor offers only presets that the single-line autofocus runner can execute [Rendered control and callback arguments verified at the named component boundary; downstream effects are not established by this case. No physical controller or material run.]","Rendered control and callback arguments verified at the named component boundary; downstream effects are not established by this case. No physical controller or material run."
"src/ui/laser/CheckpointResumeBanner.tsx:44:9","laser","src/ui/laser/CheckpointResumeBanner.tsx:44","Interrupted job saved {' '} · {capsule.artifact.machineKind === 'cnc' ? 'router' : 'laser'} · {capsule.ackedLines} {' '} of {capsule.sendableLines} lines acknowledged","verified-behaviour","Expand and collapse this named section; preserve the surrounding project and setup state.","{""disabledWhen"":null,""enclosingConditions"":[],""scope"":""Current UI component; controller-specific runtime checks remain in the action/store.""}","src/ui/laser/CheckpointResumeBanner.test.tsx: CheckpointResumeBanner audit recovery disclosure opens and closes without changing its saved capsule [Rendered interaction asserts the real component UI state. The case does not establish any downstream machine or external service effect.]","Rendered interaction asserts the real component UI state. The case does not establish any downstream machine or external service effect."
"src/ui/laser/CheckpointResumeBanner.tsx:140:7","laser","src/ui/laser/CheckpointResumeBanner.tsx:140","{props.capsule.artifact.machineKind === 'cnc' ? 'Review supervised recovery' : 'Review recovery'}","verified-behaviour","Open recovery review without mutating the saved capsule, project or machine state.","{""disabledWhen"":""props.disabled || props.claimActive"",""enclosingConditions"":[],""scope"":""Current UI component; controller-specific runtime checks remain in the action/store.""}","src/ui/laser/CheckpointResumeBanner.test.tsx: CheckpointResumeBanner opens and closes review without mutating the repository or either live store [Rendered clicks assert real local project/UI-store mutations or saved local data. No controller, hardware, or material qualification.]","Rendered clicks assert real local project/UI-store mutations or saved local data. No controller, hardware, or material qualification."
"src/ui/laser/CheckpointResumeBanner.tsx:150:7","laser","src/ui/laser/CheckpointResumeBanner.tsx:150","Discard","verified-behaviour","Delete only the confirmed recovery capsule.","{""disabledWhen"":""props.disabled"",""enclosingConditions"":[],""scope"":""Current UI component; controller-specific runtime checks remain in the action/store.""}","src/ui/laser/CheckpointResumeBanner.test.tsx: CheckpointResumeBanner discards only the selected recovery capsule after confirmation [Rendered clicks assert real local project/UI-store mutations or saved local data. No controller, hardware, or material qualification.]","Rendered clicks assert real local project/UI-store mutations or saved local data. No controller, hardware, or material qualification."
"src/ui/laser/CncPassRecoveryChecklist.tsx:46:11","laser","src/ui/laser/CncPassRecoveryChecklist.tsx:46","Keep the controller's retained position — available only with session-continuity evidence.","verified-boundary","Carry explicit retained-position selection into the reviewed recovery request.","{""disabledWhen"":""props.retainedPositionIssue !== null"",""enclosingConditions"":[],""scope"":""Current UI component; controller-specific runtime checks remain in the action/store.""}","src/ui/laser/CncPassRecoveryWizard.test.tsx: CncPassRecoveryWizard offers retained position only with session-continuity evidence [Evidence/availability is tested; physical retained position not qualified.]
src/ui/laser/CncPassRecoveryWizard.test.tsx: CncPassRecoveryWizard audit retained position radio is carried into the explicitly started pass review [Rendered radio and mocked recovery request; real retained-position reliability is not physically qualified.]","Rendered radio and mocked recovery request; real retained-position reliability is not physically qualified."
"src/ui/laser/CncPassRecoveryChecklist.tsx:63:11","laser","src/ui/laser/CncPassRecoveryChecklist.tsx:63","Position was re-established by hand before recovery.","verified-boundary","Record explicit physical confirmations and selected re-zeroed position for the reviewed recovery request.","{""disabledWhen"":null,""enclosingConditions"":[],""scope"":""Current UI component; controller-specific runtime checks remain in the action/store.""}","src/ui/laser/CncPassRecoveryWizard.test.tsx: CncPassRecoveryWizard starts the flow with the completed review and closes on success [Checkbox/radio UI assertions and mocked recovery flow; physical confirmations themselves are operator attestations.]","Checkbox/radio UI assertions and mocked recovery flow; physical confirmations themselves are operator attestations."
"src/ui/laser/CncPassRecoveryChecklist.tsx:84:7","laser","src/ui/laser/CncPassRecoveryChecklist.tsx:84","props.label","verified-boundary","Record explicit physical confirmations and selected re-zeroed position for the reviewed recovery request.","{""disabledWhen"":null,""enclosingConditions"":[],""scope"":""Current UI component; controller-specific runtime checks remain in the action/store.""}","src/ui/laser/CncPassRecoveryWizard.test.tsx: CncPassRecoveryWizard starts the flow with the completed review and closes on success [Checkbox/radio UI assertions and mocked recovery flow; physical confirmations themselves are operator attestations.]","Checkbox/radio UI assertions and mocked recovery flow; physical confirmations themselves are operator attestations."
"src/ui/laser/CncPassRecoveryWizard.tsx:112:7","laser","src/ui/laser/CncPassRecoveryWizard.tsx:112","Close","verified-boundary","Close a ready recovery review without dispatching motion.","{""disabledWhen"":""props.starting"",""enclosingConditions"":[],""scope"":""Current UI component; controller-specific runtime checks remain in the action/store.""}","src/ui/laser/CncPassRecoveryWizard.test.tsx: CncPassRecoveryWizard audit Close exits a ready pass review without dispatching recovery [Rendered control and callback arguments verified at the named component boundary; downstream effects are not established by this case. No physical controller or material run.]","Rendered control and callback arguments verified at the named component boundary; downstream effects are not established by this case. No physical controller or material run."
"src/ui/laser/CncPassRecoveryWizard.tsx:120:7","laser","src/ui/laser/CncPassRecoveryWizard.tsx:120","Advanced: mid-pass runway…","verified-behaviour","Open the advanced supervised runway recovery wizard.","{""disabledWhen"":""props.starting"",""enclosingConditions"":[],""scope"":""Current UI component; controller-specific runtime checks remain in the action/store.""}","src/ui/laser/CncPassRecoveryWizard.test.tsx: CncPassRecoveryWizard opens the advanced runway wizard on request [Real advanced recovery dialog opens in response to the button; no recovery dispatcher or hardware is started.]","Real advanced recovery dialog opens in response to the button; no recovery dispatcher or hardware is started."
"src/ui/laser/CncPassRecoveryWizard.tsx:128:7","laser","src/ui/laser/CncPassRecoveryWizard.tsx:128","{props.starting ? 'Starting recovery…' : 'Start pass recovery'}","verified-boundary","Start the reviewed pass recovery once and close on success.","{""disabledWhen"":""!props.canStart"",""enclosingConditions"":[],""scope"":""Current UI component; controller-specific runtime checks remain in the action/store.""}","src/ui/laser/CncPassRecoveryWizard.test.tsx: CncPassRecoveryWizard starts the flow with the completed review and closes on success [Rendered control and callback arguments verified at the named component boundary; downstream effects are not established by this case. No physical controller or material run.]","Rendered control and callback arguments verified at the named component boundary; downstream effects are not established by this case. No physical controller or material run."
"src/ui/laser/CncRecoveryPreviewWizard.tsx:125:7","laser","src/ui/laser/CncRecoveryPreviewWizard.tsx:125","Close","verified-boundary","Return to the previous review step or close ready recovery without starting.","{""disabledWhen"":""props.starting"",""enclosingConditions"":[],""scope"":""Current UI component; controller-specific runtime checks remain in the action/store.""}","src/ui/laser/CncRecoveryPreviewWizard.test.tsx: CncRecoveryPreviewWizard blocks duplicate Start, Close, Escape, and Back while startup is in flight [Boundary verified during startup; independent ready-state Close tracked separately.]
src/ui/laser/CncRecoveryPreviewWizard.test.tsx: CncRecoveryPreviewWizard audit Back returns to evidence and Close exits ready review without starting recovery [Rendered control and callback arguments verified at the named component boundary; downstream effects are not established by this case. No physical controller or material run.]","Rendered control and callback arguments verified at the named component boundary; downstream effects are not established by this case. No physical controller or material run."
"src/ui/laser/CncRecoveryPreviewWizard.tsx:138:9","laser","src/ui/laser/CncRecoveryPreviewWizard.tsx:138","Back","verified-behaviour","Return to the previous review step or close ready recovery without starting.","{""disabledWhen"":""props.starting"",""enclosingConditions"":[""props.stepIndex > 0""],""scope"":""Current UI component; controller-specific runtime checks remain in the action/store.""}","src/ui/laser/CncRecoveryPreviewWizard.test.tsx: CncRecoveryPreviewWizard audit Back returns to evidence and Close exits ready review without starting recovery [Real wizard page transitions are asserted. The final recovery dispatcher is mocked and does not qualify execution.]","Real wizard page transitions are asserted. The final recovery dispatcher is mocked and does not qualify execution."
"src/ui/laser/CncRecoveryPreviewWizard.tsx:148:9","laser","src/ui/laser/CncRecoveryPreviewWizard.tsx:148","Next: {nextStepLabel(props.step)}","verified-behaviour","Advance through review and dispatch supervised recovery only after all qualifications are explicit.","{""disabledWhen"":""nextDisabled(props.step, props.model, props.reviewComplete)"",""enclosingConditions"":[""props.stepIndex < STEPS.length - 1""],""scope"":""Current UI component; controller-specific runtime checks remain in the action/store.""}","src/ui/laser/CncRecoveryPreviewWizard.test.tsx: CncRecoveryPreviewWizard keeps execution gated until geometry and every physical qualification are explicit [Real wizard page transitions are asserted. The final recovery dispatcher is mocked and does not qualify execution.]","Real wizard page transitions are asserted. The final recovery dispatcher is mocked and does not qualify execution."
"src/ui/laser/CncRecoveryPreviewWizard.tsx:157:9","laser","src/ui/laser/CncRecoveryPreviewWizard.tsx:157","{props.starting ? 'Starting recovery…' : 'Start supervised recovery'}","verified-boundary","Advance through review and dispatch supervised recovery only after all qualifications are explicit.","{""disabledWhen"":""!props.canStart"",""enclosingConditions"":[""not props.stepIndex < STEPS.length - 1""],""scope"":""Current UI component; controller-specific runtime checks remain in the action/store.""}","src/ui/laser/CncRecoveryPreviewWizard.test.tsx: CncRecoveryPreviewWizard keeps execution gated until geometry and every physical qualification are explicit [Executed wizard navigation and final mocked recovery call; no hardware qualification.]","Executed wizard navigation and final mocked recovery call; no hardware qualification."
"src/ui/laser/CncRecoveryQualificationStep.tsx:96:7","laser","src/ui/laser/CncRecoveryQualificationStep.tsx:96","props.label","verified-boundary","Update each explicit recovery qualification before execution becomes available.","{""disabledWhen"":null,""enclosingConditions"":[],""scope"":""Current UI component; controller-specific runtime checks remain in the action/store.""}","src/ui/laser/CncRecoveryPreviewWizard.test.tsx: CncRecoveryPreviewWizard keeps execution gated until geometry and every physical qualification are explicit [Rendered control and callback arguments verified at the named component boundary; downstream effects are not established by this case. No physical controller or material run.]","Rendered control and callback arguments verified at the named component boundary; downstream effects are not established by this case. No physical controller or material run."
"src/ui/laser/CollapsibleRailSection.tsx:12:7","laser","src/ui/laser/CollapsibleRailSection.tsx:12","{label}","verified-behaviour","Expand and collapse this named section; preserve the surrounding project and setup state.","{""disabledWhen"":null,""enclosingConditions"":[],""scope"":""Current UI component; controller-specific runtime checks remain in the action/store.""}","src/ui/laser/MachineUtilityControls.audit.test.tsx: Machine utility control audit rail disclosure opens and closes without changing the project [Rendered interaction asserts the real component UI state. The case does not establish any downstream machine or external service effect.]","Rendered interaction asserts the real component UI state. The case does not establish any downstream machine or external service effect."
"src/ui/laser/CompletedJobNotice.tsx:21:7","laser","src/ui/laser/CompletedJobNotice.tsx:21","Done","verified-behaviour","Clear only the settled completed-run preview while keeping the project, archive and repeat receipt.","{""disabledWhen"":null,""enclosingConditions"":[],""scope"":""Current UI component; controller-specific runtime checks remain in the action/store.""}","src/ui/laser/CompletedJobNotice.simulator.test.tsx: offers Done after the real store settles a simulated job and sends no command on dismissal [Real store and simulated transport complete and archive the run; Done preserves artwork/archive/receipt and produces zero new transport writes. No hardware.]","Real store and simulated transport complete and archive the run; Done preserves artwork/archive/receipt and produces zero new transport writes. No hardware."
"src/ui/laser/ConnectionBar.tsx:43:9","laser","src/ui/laser/ConnectionBar.tsx:43","Connection","verified-boundary","Open the connection tutorial without editing the project.","{""disabledWhen"":null,""enclosingConditions"":[],""scope"":""Current UI component; controller-specific runtime checks remain in the action/store.""}","src/ui/tutorials/TutorialControls.audit.test.tsx: individual tutorial control outcomes 'connection' card and contextual button open the named lesson without editing the project [Shared real TutorialButton and TutorialHost binding exercised for this exact lesson; enclosing machine call site is source-traced, not individually clicked.]","Shared real TutorialButton and TutorialHost binding exercised for this exact lesson; enclosing machine call site is source-traced, not individually clicked."
"src/ui/laser/ConnectionBar.tsx:61:11","laser","src/ui/laser/ConnectionBar.tsx:61","Disconnect","verified-boundary","Disconnect retains permission; Forget uses the distinct permission-forgetting callback.","{""disabledWhen"":""props.disabled"",""enclosingConditions"":[],""scope"":""Current UI component; controller-specific runtime checks remain in the action/store.""}","src/ui/laser/ConnectionBar-forget-device.test.tsx: ConnectionBar device permission actions keeps Disconnect and Forget Controller as separate explicit actions [Rendered control and callback arguments verified at the named component boundary; downstream effects are not established by this case. No physical controller or material run.]","Rendered control and callback arguments verified at the named component boundary; downstream effects are not established by this case. No physical controller or material run."
"src/ui/laser/ConnectionBar.tsx:70:11","laser","src/ui/laser/ConnectionBar.tsx:70","Forget Controller","verified-boundary","Disconnect retains permission; Forget uses the distinct permission-forgetting callback.","{""disabledWhen"":""props.disabled"",""enclosingConditions"":[],""scope"":""Current UI component; controller-specific runtime checks remain in the action/store.""}","src/ui/laser/ConnectionBar-forget-device.test.tsx: ConnectionBar device permission actions keeps Disconnect and Forget Controller as separate explicit actions [Rendered control and callback arguments verified at the named component boundary; downstream effects are not established by this case. No physical controller or material run.]","Rendered control and callback arguments verified at the named component boundary; downstream effects are not established by this case. No physical controller or material run."
"src/ui/laser/ConnectionBar.tsx:93:5","laser","src/ui/laser/ConnectionBar.tsx:93","{label}","verified-boundary","Open connection through the callback while disconnected; ignore clicks while connecting.","{""disabledWhen"":""disabled"",""enclosingConditions"":[],""scope"":""Current UI component; controller-specific runtime checks remain in the action/store.""}","src/ui/laser/MachineRunControls.audit.test.tsx: Machine run control audit Connect dispatches only when disconnected and remains inert while connecting [Rendered control and callback arguments verified at the named component boundary; downstream effects are not established by this case. No physical controller or material run.]","Rendered control and callback arguments verified at the named component boundary; downstream effects are not established by this case. No physical controller or material run."
"src/ui/laser/ConnectionBar.tsx:127:11","laser","src/ui/laser/ConnectionBar.tsx:127","Retry reading controller settings","verified-boundary","Retry qualification or reconnect using distinct callbacks.","{""disabledWhen"":""props.disabled"",""enclosingConditions"":[""props.onRetry !== undefined""],""scope"":""Current UI component; controller-specific runtime checks remain in the action/store.""}","src/ui/laser/ConnectionBar-forget-device.test.tsx: ConnectionBar device permission actions surfaces a failed qualification with an inline retry action [Rendered control and callback arguments verified at the named component boundary; downstream effects are not established by this case. No physical controller or material run.]","Rendered control and callback arguments verified at the named component boundary; downstream effects are not established by this case. No physical controller or material run."
"src/ui/laser/ConnectionBar.tsx:138:11","laser","src/ui/laser/ConnectionBar.tsx:138","Reconnect controller","verified-boundary","Retry qualification or reconnect using distinct callbacks.","{""disabledWhen"":""props.disabled"",""enclosingConditions"":[""props.onReconnect !== undefined""],""scope"":""Current UI component; controller-specific runtime checks remain in the action/store.""}","src/ui/laser/ConnectionBar-forget-device.test.tsx: ConnectionBar device permission actions surfaces a failed qualification with an inline retry action [Rendered control and callback arguments verified at the named component boundary; downstream effects are not established by this case. No physical controller or material run.]","Rendered control and callback arguments verified at the named component boundary; downstream effects are not established by this case. No physical controller or material run."
"src/ui/laser/ConsolePanel.tsx:78:9","laser","src/ui/laser/ConsolePanel.tsx:78","Console","verified-boundary","Open the console tutorial without editing the project.","{""disabledWhen"":null,""enclosingConditions"":[],""scope"":""Current UI component; controller-specific runtime checks remain in the action/store.""}","src/ui/tutorials/TutorialControls.audit.test.tsx: individual tutorial control outcomes 'console' card and contextual button open the named lesson without editing the project [Shared real TutorialButton and TutorialHost binding exercised for this exact lesson; enclosing machine call site is source-traced, not individually clicked.]","Shared real TutorialButton and TutorialHost binding exercised for this exact lesson; enclosing machine call site is source-traced, not individually clicked."
"src/ui/laser/ConsolePanel.tsx:79:9","laser","src/ui/laser/ConsolePanel.tsx:79","{props.copyState === 'copied' ? 'Copied' : props.copyState === 'copying' ? 'Copying…' : 'Copy visible'}","verified-boundary","Copy visible transcript; offer selectable manual transcript if clipboard is unavailable.","{""disabledWhen"":""props.visibleCount === 0 || props.copyState === 'copying'"",""enclosingConditions"":[],""scope"":""Current UI component; controller-specific runtime checks remain in the action/store.""}","src/ui/laser/ConsolePanel.test.tsx: ConsolePanel offers a manual transcript when clipboard is unavailable [Browser clipboard mocked; manual fallback contents asserted.]
src/ui/laser/ConsolePanel.test.tsx: ConsolePanel offers a manual transcript when clipboard is rejected [Browser clipboard mocked; manual fallback contents asserted.]
src/ui/laser/ConsolePanel.test.tsx: ConsolePanel offers a manual transcript when clipboard is throws [Browser clipboard mocked; manual fallback contents asserted.]","Browser clipboard mocked; manual fallback contents asserted."
"src/ui/laser/ConsolePanel.tsx:92:9","laser","src/ui/laser/ConsolePanel.tsx:92","Clear","verified-behaviour","Clear transcript and retire current or pending manual-copy output.","{""disabledWhen"":""props.transcriptCount === 0"",""enclosingConditions"":[],""scope"":""Current UI component; controller-specific runtime checks remain in the action/store.""}","src/ui/laser/ConsolePanel.test.tsx: ConsolePanel clearing the console retires a manual clipboard copy [Rendered clicks assert real local project/UI-store mutations or saved local data. No controller, hardware, or material qualification.]
src/ui/laser/ConsolePanel.test.tsx: ConsolePanel clearing the console retires a pending clipboard copy [Rendered clicks assert real local project/UI-store mutations or saved local data. No controller, hardware, or material qualification.]","Rendered clicks assert real local project/UI-store mutations or saved local data. No controller, hardware, or material qualification."
"src/ui/laser/ConsolePanel.tsx:115:9","laser","src/ui/laser/ConsolePanel.tsx:115","Show periodic controller status reports.","verified-behaviour","Toggle each category independently in the visible transcript without deleting original records.","{""disabledWhen"":null,""enclosingConditions"":[],""scope"":""Current UI component; controller-specific runtime checks remain in the action/store.""}","src/ui/laser/ConsolePanel.test.tsx: ConsolePanel hides status polls and job stream lines by default [Rendered clicks assert real local project/UI-store mutations or saved local data. No controller, hardware, or material qualification.]
src/ui/laser/ConsolePanel.test.tsx: ConsolePanel audit status and stream filters reveal and hide their distinct transcript categories [Rendered clicks assert real local project/UI-store mutations or saved local data. No controller, hardware, or material qualification.]","Rendered clicks assert real local project/UI-store mutations or saved local data. No controller, hardware, or material qualification."
"src/ui/laser/ConsolePanel.tsx:124:9","laser","src/ui/laser/ConsolePanel.tsx:124","Show high-volume job stream writes that are hidden by default.","verified-behaviour","Toggle each category independently in the visible transcript without deleting original records.","{""disabledWhen"":null,""enclosingConditions"":[],""scope"":""Current UI component; controller-specific runtime checks remain in the action/store.""}","src/ui/laser/ConsolePanel.test.tsx: ConsolePanel hides status polls and job stream lines by default [Rendered clicks assert real local project/UI-store mutations or saved local data. No controller, hardware, or material qualification.]
src/ui/laser/ConsolePanel.test.tsx: ConsolePanel audit status and stream filters reveal and hide their distinct transcript categories [Rendered clicks assert real local project/UI-store mutations or saved local data. No controller, hardware, or material qualification.]","Rendered clicks assert real local project/UI-store mutations or saved local data. No controller, hardware, or material qualification."
"src/ui/laser/ControlledLaserOffTravelRow.tsx:12:9","laser","src/ui/laser/ControlledLaserOffTravelRow.tsx:12","Enable controlled laser-off seek travel","verified-boundary","Enable a bounded laser-off travel feed or clear its optional override.","{""disabledWhen"":null,""enclosingConditions"":[],""scope"":""Current UI component; controller-specific runtime checks remain in the action/store.""}","src/ui/laser/MachineProfileControls.audit.test.tsx: Machine profile control audit controlled laser-off travel enable respects max feed and disable returns undefined [Rendered control and callback arguments verified at the named component boundary; downstream effects are not established by this case. No physical controller or material run.]","Rendered control and callback arguments verified at the named component boundary; downstream effects are not established by this case. No physical controller or material run."
"src/ui/laser/DetectedSettingsBanner.tsx:50:9","laser","src/ui/laser/DetectedSettingsBanner.tsx:50","Dismiss","verified-behaviour","Apply safe numeric detected settings to the local profile or dismiss only their offer.","{""disabledWhen"":null,""enclosingConditions"":[],""scope"":""Current UI component; controller-specific runtime checks remain in the action/store.""}","src/ui/laser/MachineUtilityControls.audit.test.tsx: Machine utility control audit detected settings Apply changes safe profile fields and Dismiss clears the offer only [Rendered clicks assert real local project/UI-store mutations or saved local data. No controller, hardware, or material qualification.]","Rendered clicks assert real local project/UI-store mutations or saved local data. No controller, hardware, or material qualification."
"src/ui/laser/DetectedSettingsBanner.tsx:59:11","laser","src/ui/laser/DetectedSettingsBanner.tsx:59","Apply safe settings","verified-behaviour","Apply safe numeric detected settings to the local profile or dismiss only their offer.","{""disabledWhen"":null,""enclosingConditions"":[""rows.length > 0""],""scope"":""Current UI component; controller-specific runtime checks remain in the action/store.""}","src/ui/laser/MachineUtilityControls.audit.test.tsx: Machine utility control audit detected settings Apply changes safe profile fields and Dismiss clears the offer only [Rendered clicks assert real local project/UI-store mutations or saved local data. No controller, hardware, or material qualification.]","Rendered clicks assert real local project/UI-store mutations or saved local data. No controller, hardware, or material qualification."
"src/ui/laser/DetectedSettingsBanner.tsx:114:19","laser","src/ui/laser/DetectedSettingsBanner.tsx:114","{action.label}","verified-behaviour","Explicitly apply detected powered-Z capability without asserting physical travel confirmation.","{""disabledWhen"":null,""enclosingConditions"":[""not action === undefined || props.onApplyAction === undefined""],""scope"":""Current UI component; controller-specific runtime checks remain in the action/store.""}","src/ui/laser/DetectedSettingsBanner.test.ts: DetectedSettingsBanner applies the guarded powered Z action to the active profile only after click [Rendered clicks assert real local project/UI-store mutations or saved local data. No controller, hardware, or material qualification.]","Rendered clicks assert real local project/UI-store mutations or saved local data. No controller, hardware, or material qualification."
"src/ui/laser/DeviceProfileFields.tsx:61:9","laser","src/ui/laser/DeviceProfileFields.tsx:61","Homing enabled","verified-boundary","Record homing support while preserving its configured direction.","{""disabledWhen"":null,""enclosingConditions"":[],""scope"":""Current UI component; controller-specific runtime checks remain in the action/store.""}","src/ui/laser/MachineProfileControls.audit.test.tsx: Machine profile control audit homing and laser mode checkboxes produce profile patches without issuing controller commands [Rendered control and callback arguments verified at the named component boundary; downstream effects are not established by this case. No physical controller or material run.]","Rendered control and callback arguments verified at the named component boundary; downstream effects are not established by this case. No physical controller or material run."
"src/ui/laser/DeviceProfilePowerFields.tsx:64:11","laser","src/ui/laser/DeviceProfilePowerFields.tsx:64","grblLabels ? 'GRBL $32 laser mode enabled' : 'Laser mode enabled'","verified-boundary","Record expected laser mode in the profile; no firmware write.","{""disabledWhen"":null,""enclosingConditions"":[],""scope"":""Current UI component; controller-specific runtime checks remain in the action/store.""}","src/ui/laser/MachineProfileControls.audit.test.tsx: Machine profile control audit homing and laser mode checkboxes produce profile patches without issuing controller commands [Rendered control and callback arguments verified at the named component boundary; downstream effects are not established by this case. No physical controller or material run.]","Rendered control and callback arguments verified at the named component boundary; downstream effects are not established by this case. No physical controller or material run."
"src/ui/laser/DeviceProfilePowerFields.tsx:113:7","laser","src/ui/laser/DeviceProfilePowerFields.tsx:113","Controller cannot restart air assist mid-job","verified-boundary","Record the air restart limitation only when an air output is configured.","{""disabledWhen"":null,""enclosingConditions"":[],""scope"":""Current UI component; controller-specific runtime checks remain in the action/store.""}","src/ui/laser/MachineProfileControls.audit.test.tsx: Machine profile control audit air restart checkbox is hidden without air output and updates only the profile flag with M8 [Rendered control and callback arguments verified at the named component boundary; downstream effects are not established by this case. No physical controller or material run.]","Rendered control and callback arguments verified at the named component boundary; downstream effects are not established by this case. No physical controller or material run."
"src/ui/laser/DeviceProfilePowerFields.tsx:138:11","laser","src/ui/laser/DeviceProfilePowerFields.tsx:138","Enable low-power Fire for this machine","verified-behaviour","Explicitly enable capped low-power Fire on a capable machine profile.","{""disabledWhen"":null,""enclosingConditions"":[],""scope"":""Current UI component; controller-specific runtime checks remain in the action/store.""}","src/ui/laser/DeviceSettings.test.tsx: DeviceSettings low-power Fire requires explicit profile enablement on an approved device [Rendered clicks assert real local project/UI-store mutations or saved local data. No controller, hardware, or material qualification.]","Rendered clicks assert real local project/UI-store mutations or saved local data. No controller, hardware, or material qualification."
"src/ui/laser/DeviceProfileRows.tsx:27:9","laser","src/ui/laser/DeviceProfileRows.tsx:27","Use Neotronics 4040 Max","verified-behaviour","Apply the confirmed Neotronics profile and allow explicit Z-travel confirmation.","{""disabledWhen"":null,""enclosingConditions"":[],""scope"":""Current UI component; controller-specific runtime checks remain in the action/store.""}","src/ui/laser/DeviceSettings.test.tsx: DeviceSettings air assist command applies the Neotronics 4040 Max laser profile deliberately and lets Z be confirmed [Rendered clicks assert real local project/UI-store mutations or saved local data. No controller, hardware, or material qualification.]","Rendered clicks assert real local project/UI-store mutations or saved local data. No controller, hardware, or material qualification."
"src/ui/laser/DeviceProfileRows.tsx:63:11","laser","src/ui/laser/DeviceProfileRows.tsx:63","Powered Z jog enabled","verified-behaviour","Toggle powered-Z capability and invalidate prior Z-travel confirmation.","{""disabledWhen"":null,""enclosingConditions"":[],""scope"":""Current UI component; controller-specific runtime checks remain in the action/store.""}","src/ui/laser/DeviceSettings.test.tsx: DeviceSettings air assist command lets the operator declare whether the machine has powered Z jog [Rendered clicks assert real local project/UI-store mutations or saved local data. No controller, hardware, or material qualification.]","Rendered clicks assert real local project/UI-store mutations or saved local data. No controller, hardware, or material qualification."
"src/ui/laser/DeviceProfileRows.tsx:99:11","laser","src/ui/laser/DeviceProfileRows.tsx:99","Z travel confirmed","verified-behaviour","Apply the confirmed Neotronics profile and allow explicit Z-travel confirmation.","{""disabledWhen"":""!canConfirmZTravel"",""enclosingConditions"":[],""scope"":""Current UI component; controller-specific runtime checks remain in the action/store.""}","src/ui/laser/DeviceSettings.test.tsx: DeviceSettings air assist command applies the Neotronics 4040 Max laser profile deliberately and lets Z be confirmed [Rendered clicks assert real local project/UI-store mutations or saved local data. No controller, hardware, or material qualification.]","Rendered clicks assert real local project/UI-store mutations or saved local data. No controller, hardware, or material qualification."
"src/ui/laser/DeviceProfileRows.tsx:119:11","laser","src/ui/laser/DeviceProfileRows.tsx:119","Z probe present","verified-boundary","Record probe availability in the profile without issuing motion.","{""disabledWhen"":null,""enclosingConditions"":[],""scope"":""Current UI component; controller-specific runtime checks remain in the action/store.""}","src/ui/laser/MachineProfileControls.audit.test.tsx: Machine profile control audit probe presence checkbox records availability without requesting a probe [Rendered control and callback arguments verified at the named component boundary; downstream effects are not established by this case. No physical controller or material run.]","Rendered control and callback arguments verified at the named component boundary; downstream effects are not established by this case. No physical controller or material run."
"src/ui/laser/DeviceSettings.tsx:51:7","laser","src/ui/laser/DeviceSettings.tsx:51","Device Profile","verified-behaviour","Expand and collapse this named section; preserve the surrounding project and setup state.","{""disabledWhen"":null,""enclosingConditions"":[],""scope"":""Current UI component; controller-specific runtime checks remain in the action/store.""}","src/ui/laser/DeviceSettings.test.tsx: DeviceSettings disclosure opens the Device Profile panel by default so the fields are visible on mount [Rendered interaction asserts the real component UI state. The case does not establish any downstream machine or external service effect.]
src/ui/laser/MachineUtilityControls.audit.test.tsx: Machine utility control audit device profile disclosure opens and closes without changing the project [Rendered interaction asserts the real component UI state. The case does not establish any downstream machine or external service effect.]","Rendered interaction asserts the real component UI state. The case does not establish any downstream machine or external service effect."
"src/ui/laser/ExecutionArchivePanel.tsx:48:7","laser","src/ui/laser/ExecutionArchivePanel.tsx:48","Execution archive ( {records.length} )","verified-behaviour","Expand and collapse this named section; preserve the surrounding project and setup state.","{""disabledWhen"":null,""enclosingConditions"":[],""scope"":""Current UI component; controller-specific runtime checks remain in the action/store.""}","src/ui/laser/MachineUtilityControls.audit.test.tsx: Machine utility control audit execution archive disclosure opens and closes without changing the project [Rendered interaction asserts the real component UI state. The case does not establish any downstream machine or external service effect.]","Rendered interaction asserts the real component UI state. The case does not establish any downstream machine or external service effect."
"src/ui/laser/ExecutionArchivePanel.tsx:116:7","laser","src/ui/laser/ExecutionArchivePanel.tsx:116","`Export stored execution ${record.runId}`","verified-boundary","Export the exact archived artifact in a versioned typed-array-safe envelope.","{""disabledWhen"":""props.disabled"",""enclosingConditions"":[],""scope"":""Current UI component; controller-specific runtime checks remain in the action/store.""}","src/ui/laser/ExecutionArchivePanel.test.tsx: ExecutionArchivePanel exports the exact stored artifact in a versioned typed-array-safe envelope [Platform file-save mock and serialized payload asserted; actual OS picker not used.]","Platform file-save mock and serialized payload asserted; actual OS picker not used."
"src/ui/laser/FocusJogControls.tsx:41:9","laser","src/ui/laser/FocusJogControls.tsx:41","`Jog Z+ ${props.focusStep} mm`","verified-boundary","Dispatch signed relative Z focus jogs only for confirmed powered-Z profiles.","{""disabledWhen"":""disabled"",""enclosingConditions"":[],""scope"":""Current UI component; controller-specific runtime checks remain in the action/store.""}","src/ui/laser/JogPad.test.tsx: JogPad accessible labels sends relative Z jogs only for confirmed Z-axis profiles [Rendered control and callback arguments verified at the named component boundary; downstream effects are not established by this case. No physical controller or material run.]","Rendered control and callback arguments verified at the named component boundary; downstream effects are not established by this case. No physical controller or material run."
"src/ui/laser/FocusJogControls.tsx:47:9","laser","src/ui/laser/FocusJogControls.tsx:47","`Jog Z- ${props.focusStep} mm`","verified-boundary","Dispatch signed relative Z focus jogs only for confirmed powered-Z profiles.","{""disabledWhen"":""disabled"",""enclosingConditions"":[],""scope"":""Current UI component; controller-specific runtime checks remain in the action/store.""}","src/ui/laser/JogPad.test.tsx: JogPad accessible labels sends relative Z jogs only for confirmed Z-axis profiles [Rendered control and callback arguments verified at the named component boundary; downstream effects are not established by this case. No physical controller or material run.]","Rendered control and callback arguments verified at the named component boundary; downstream effects are not established by this case. No physical controller or material run."
"src/ui/laser/FocusJogControls.tsx:54:11","laser","src/ui/laser/FocusJogControls.tsx:54","Zero work Z at current bit height","verified-boundary","Request work-Z zero through the dedicated CNC callback, never the jog callback.","{""disabledWhen"":""disabled"",""enclosingConditions"":[""isCncMachine""],""scope"":""Current UI component; controller-specific runtime checks remain in the action/store.""}","src/ui/laser/MachineUtilityControls.audit.test.tsx: Machine utility control audit Zero Z dispatches only the CNC zero callback and is inert when controls are disabled [Rendered control and callback arguments verified at the named component boundary; downstream effects are not established by this case. No physical controller or material run.]","Rendered control and callback arguments verified at the named component boundary; downstream effects are not established by this case. No physical controller or material run."
"src/ui/laser/FocusJogControls.tsx:88:5","laser","src/ui/laser/FocusJogControls.tsx:88","props.label","verified-boundary","Dispatch signed relative Z focus jogs only for confirmed powered-Z profiles.","{""disabledWhen"":""props.disabled"",""enclosingConditions"":[],""scope"":""Current UI component; controller-specific runtime checks remain in the action/store.""}","src/ui/laser/JogPad.test.tsx: JogPad accessible labels sends relative Z jogs only for confirmed Z-axis profiles [Rendered control and callback arguments verified at the named component boundary; downstream effects are not established by this case. No physical controller or material run.]","Rendered control and callback arguments verified at the named component boundary; downstream effects are not established by this case. No physical controller or material run."
"src/ui/laser/IslandFillRecoveryAction.tsx:53:7","laser","src/ui/laser/IslandFillRecoveryAction.tsx:53","Switch Island Fill to Scanline","verified-behaviour","Change relevant Island Fill layers to Scanline without starting output.","{""disabledWhen"":""streaming"",""enclosingConditions"":[],""scope"":""Current UI component; controller-specific runtime checks remain in the action/store.""}","src/ui/laser/IslandFillRecoveryAction.test.tsx: IslandFillRecoveryAction offers one-click Scanline recovery for fine-detail 4040 Island Fill [Rendered clicks assert real local project/UI-store mutations or saved local data. No controller, hardware, or material qualification.]","Rendered clicks assert real local project/UI-store mutations or saved local data. No controller, hardware, or material qualification."
"src/ui/laser/JobActionControls.tsx:47:11","laser","src/ui/laser/JobActionControls.tsx:47","Frame & Start","verified-boundary","Open the frame-start tutorial without editing the project.","{""disabledWhen"":null,""enclosingConditions"":[],""scope"":""Current UI component; controller-specific runtime checks remain in the action/store.""}","src/ui/tutorials/TutorialControls.audit.test.tsx: individual tutorial control outcomes 'frame-start' card and contextual button open the named lesson without editing the project [Shared real TutorialButton and TutorialHost binding exercised for this exact lesson; enclosing machine call site is source-traced, not individually clicked.]","Shared real TutorialButton and TutorialHost binding exercised for this exact lesson; enclosing machine call site is source-traced, not individually clicked."
"src/ui/laser/JobActionControls.tsx:105:5","laser","src/ui/laser/JobActionControls.tsx:105","{docked && <Icon name=""fit-bed"" size={18} />} {model.frameLabel}","verified-boundary","Dispatch the Frame handler once from the rendered button.","{""disabledWhen"":""model.frameControl.disabled"",""enclosingConditions"":[],""scope"":""Current UI component; controller-specific runtime checks remain in the action/store.""}","src/ui/laser/WorkspaceJobActions.test.tsx: Workspace job dock routes Frame and setup-and-Frame to the existing independent handlers [Frame handler is vi.fn; this case verifies button wiring only, not artifact identity, completion, or the Frame/Start policy.]","Frame handler is vi.fn; this case verifies button wiring only, not artifact identity, completion, or the Frame/Start policy."
"src/ui/laser/JobActionControls.tsx:117:5","laser","src/ui/laser/JobActionControls.tsx:117","{docked && <Icon name=""play"" size={18} />} {model.startLabel}","verified-boundary","Dispatch the setup-and-Frame/Start preparation handler once from the rendered button.","{""disabledWhen"":""model.startControl.disabled"",""enclosingConditions"":[],""scope"":""Current UI component; controller-specific runtime checks remain in the action/store.""}","src/ui/laser/WorkspaceJobActions.test.tsx: Workspace job dock routes Frame and setup-and-Frame to the existing independent handlers [Start preparation handler is vi.fn; this case verifies button wiring only, not artifact identity or the Frame/Start policy.]","Start preparation handler is vi.fn; this case verifies button wiring only, not artifact identity or the Frame/Start policy."
"src/ui/laser/JobControls.tsx:102:11","laser","src/ui/laser/JobControls.tsx:102","Frame & Start","verified-boundary","Open the frame-start tutorial without editing the project.","{""disabledWhen"":null,""enclosingConditions"":[""!props.dockedJobActions""],""scope"":""Current UI component; controller-specific runtime checks remain in the action/store.""}","src/ui/tutorials/TutorialControls.audit.test.tsx: individual tutorial control outcomes 'frame-start' card and contextual button open the named lesson without editing the project [Shared real TutorialButton and TutorialHost binding exercised for this exact lesson; enclosing machine call site is source-traced, not individually clicked.]","Shared real TutorialButton and TutorialHost binding exercised for this exact lesson; enclosing machine call site is source-traced, not individually clicked."
"src/ui/laser/JobPlacementControls.tsx:76:9","laser","src/ui/laser/JobPlacementControls.tsx:76","Selected artwork only","verified-behaviour","Persist selected-artwork output scope and selection-origin independently.","{""disabledWhen"":""props.disabled"",""enclosingConditions"":[],""scope"":""Current UI component; controller-specific runtime checks remain in the action/store.""}","src/ui/laser/MachineUtilityControls.audit.test.tsx: Machine utility control audit audit selected-only and selected-origin toggles persist their distinct output scope fields [Rendered clicks assert real local project/UI-store mutations or saved local data. No controller, hardware, or material qualification.]","Rendered clicks assert real local project/UI-store mutations or saved local data. No controller, hardware, or material qualification."
"src/ui/laser/JobPlacementControls.tsx:90:11","laser","src/ui/laser/JobPlacementControls.tsx:90","Anchor from selected artwork","verified-behaviour","Persist selected-artwork output scope and selection-origin independently.","{""disabledWhen"":""props.disabled"",""enclosingConditions"":[""showSelectionAnchor""],""scope"":""Current UI component; controller-specific runtime checks remain in the action/store.""}","src/ui/laser/MachineUtilityControls.audit.test.tsx: Machine utility control audit audit selected-only and selected-origin toggles persist their distinct output scope fields [Rendered clicks assert real local project/UI-store mutations or saved local data. No controller, hardware, or material qualification.]","Rendered clicks assert real local project/UI-store mutations or saved local data. No controller, hardware, or material qualification."
"src/ui/laser/JobPlacementControls.tsx:115:9","laser","src/ui/laser/JobPlacementControls.tsx:115","`Job origin ${anchor}`","verified-behaviour","Persist the exact clicked anchor; disable changes while streaming.","{""disabledWhen"":""props.disabled"",""enclosingConditions"":[],""scope"":""Current UI component; controller-specific runtime checks remain in the action/store.""}","src/ui/laser/JobControls.test.tsx: JobControls Frame action renders explicit Start From and 9-anchor Job Origin controls [Rendered clicks assert real local project/UI-store mutations or saved local data. No controller, hardware, or material qualification.]
src/ui/laser/MachineUtilityControls.audit.test.tsx: Machine utility control audit all nine job-origin buttons persist their exact anchor and remain inert while streaming [Rendered clicks assert real local project/UI-store mutations or saved local data. No controller, hardware, or material qualification.]","Rendered clicks assert real local project/UI-store mutations or saved local data. No controller, hardware, or material qualification."
"src/ui/laser/JobSetupControls.tsx:24:7","laser","src/ui/laser/JobSetupControls.tsx:24","HomeButton","verified-boundary","Invoke Home or configured autofocus action; keep both inert during an active job.","{""disabledWhen"":null,""enclosingConditions"":[],""scope"":""Current UI component; controller-specific runtime checks remain in the action/store.""}","src/ui/laser/MachineRunControls.audit.test.tsx: Machine run control audit Home and configured Auto-focus invoke their store actions and remain inert while busy [Rendered control and callback arguments verified at the named component boundary; downstream effects are not established by this case. No physical controller or material run.]","Rendered control and callback arguments verified at the named component boundary; downstream effects are not established by this case. No physical controller or material run."
"src/ui/laser/JobSetupControls.tsx:32:9","laser","src/ui/laser/JobSetupControls.tsx:32","AutofocusButton","verified-boundary","Invoke Home or configured autofocus action; keep both inert during an active job.","{""disabledWhen"":null,""enclosingConditions"":[""machineKind !== 'cnc'""],""scope"":""Current UI component; controller-specific runtime checks remain in the action/store.""}","src/ui/laser/MachineRunControls.audit.test.tsx: Machine run control audit Home and configured Auto-focus invoke their store actions and remain inert while busy [Rendered control and callback arguments verified at the named component boundary; downstream effects are not established by this case. No physical controller or material run.]","Rendered control and callback arguments verified at the named component boundary; downstream effects are not established by this case. No physical controller or material run."
"src/ui/laser/JobSetupControls.tsx:54:7","laser","src/ui/laser/JobSetupControls.tsx:54","Set up homing","defect-fixed","Open the homing page even while disconnected.","{""disabledWhen"":""props.streaming"",""enclosingConditions"":[],""scope"":""Current UI component; controller-specific runtime checks remain in the action/store.""}","src/ui/laser/JobControls.setup-navigation.test.tsx: machine setup navigation without parent callbacks opens homing configuration while disconnected instead of silently doing nothing [Regression for the repaired missing callback default; UI setup store and highlighted field asserted.]","Regression for the repaired missing callback default; UI setup store and highlighted field asserted."
"src/ui/laser/JobSetupControls.tsx:66:5","laser","src/ui/laser/JobSetupControls.tsx:66","Home","verified-boundary","Invoke Home or configured autofocus action; keep both inert during an active job.","{""disabledWhen"":""props.busy"",""enclosingConditions"":[],""scope"":""Current UI component; controller-specific runtime checks remain in the action/store.""}","src/ui/laser/MachineRunControls.audit.test.tsx: Machine run control audit Home and configured Auto-focus invoke their store actions and remain inert while busy [Rendered control and callback arguments verified at the named component boundary; downstream effects are not established by this case. No physical controller or material run.]","Rendered control and callback arguments verified at the named component boundary; downstream effects are not established by this case. No physical controller or material run."
"src/ui/laser/JobSetupControls.tsx:87:5","laser","src/ui/laser/JobSetupControls.tsx:87","{props.needsSetup ? 'Set up auto-focus' : 'Auto-focus'}","defect-fixed","Open autofocus setup when unconfigured, or request the configured focus action when available.","{""disabledWhen"":""props.needsSetup ? props.streaming : props.busy"",""enclosingConditions"":[],""scope"":""Current UI component; controller-specific runtime checks remain in the action/store.""}","src/ui/laser/MachineRunControls.audit.test.tsx: Machine run control audit Home and configured Auto-focus invoke their store actions and remain inert while busy [Rendered control and callback arguments verified at the named component boundary; downstream effects are not established by this case. No physical controller or material run.]
src/ui/laser/JobControls.setup-navigation.test.tsx: machine setup navigation without parent callbacks opens the autofocus page with its field highlighted [Regression asserts real setup-store navigation for the missing callback. Configured autofocus is a mocked action request; focus motion is not verified.]","Regression asserts real setup-store navigation for the missing callback. Configured autofocus is a mocked action request; focus motion is not verified."
"src/ui/laser/JogArrowGrid.tsx:43:9","laser","src/ui/laser/JogArrowGrid.tsx:43","JogArrowButton","verified-boundary","Request each signed XY step or supported held jog and cancel on release; suppress steps and holds when disabled during a press.","{""disabledWhen"":null,""enclosingConditions"":[],""scope"":""Current UI component; controller-specific runtime checks remain in the action/store.""}","src/ui/laser/JogPad.motion-controls.test.tsx: JogPad motion controls audit all eight direction buttons request their signed step and ignore clicks while disabled [All eight arrows invoke a mocked jog action with exact vector/feed arguments; no machine motion is executed.]
src/ui/laser/JogPad.motion-controls.test.tsx: JogPad motion controls holds toward the machine boundary and cancels on pointer release [Mocked jog and cancel actions; held vector and release dispatch asserted, not physical motion.]
src/ui/laser/JogPad.motion-controls.test.tsx: JogPad motion controls does not start a hold or release step after the pad becomes disabled mid-press [All eight step arguments, held jog/release, and disabled-mid-press dispatch suppression have named component cases. Jog/cancel actions are mocks; no physical motion.]","All eight step arguments, held jog/release, and disabled-mid-press dispatch suppression have named component cases. Jog/cancel actions are mocks; no physical motion."
"src/ui/laser/JogArrowGrid.tsx:49:9","laser","src/ui/laser/JogArrowGrid.tsx:49","JogArrowButton","verified-boundary","Request each signed XY step or supported held jog and cancel on release; suppress steps and holds when disabled during a press.","{""disabledWhen"":null,""enclosingConditions"":[],""scope"":""Current UI component; controller-specific runtime checks remain in the action/store.""}","src/ui/laser/JogPad.motion-controls.test.tsx: JogPad motion controls audit all eight direction buttons request their signed step and ignore clicks while disabled [All eight arrows invoke a mocked jog action with exact vector/feed arguments; no machine motion is executed.]
src/ui/laser/JogPad.motion-controls.test.tsx: JogPad motion controls holds toward the machine boundary and cancels on pointer release [Mocked jog and cancel actions; held vector and release dispatch asserted, not physical motion.]
src/ui/laser/JogPad.motion-controls.test.tsx: JogPad motion controls does not start a hold or release step after the pad becomes disabled mid-press [All eight step arguments, held jog/release, and disabled-mid-press dispatch suppression have named component cases. Jog/cancel actions are mocks; no physical motion.]","All eight step arguments, held jog/release, and disabled-mid-press dispatch suppression have named component cases. Jog/cancel actions are mocks; no physical motion."
"src/ui/laser/JogArrowGrid.tsx:80:5","laser","src/ui/laser/JogArrowGrid.tsx:80","label","verified-boundary","Request each signed XY step or supported held jog and cancel on release; suppress steps and holds when disabled during a press.","{""disabledWhen"":""props.disabled"",""enclosingConditions"":[],""scope"":""Current UI component; controller-specific runtime checks remain in the action/store.""}","src/ui/laser/JogPad.motion-controls.test.tsx: JogPad motion controls audit all eight direction buttons request their signed step and ignore clicks while disabled [All eight arrows invoke a mocked jog action with exact vector/feed arguments; no machine motion is executed.]
src/ui/laser/JogPad.motion-controls.test.tsx: JogPad motion controls holds toward the machine boundary and cancels on pointer release [Mocked jog and cancel actions; held vector and release dispatch asserted, not physical motion.]
src/ui/laser/JogPad.motion-controls.test.tsx: JogPad motion controls does not start a hold or release step after the pad becomes disabled mid-press [All eight step arguments, held jog/release, and disabled-mid-press dispatch suppression have named component cases. Jog/cancel actions are mocks; no physical motion.]","All eight step arguments, held jog/release, and disabled-mid-press dispatch suppression have named component cases. Jog/cancel actions are mocks; no physical motion."
"src/ui/laser/JogPad.tsx:73:9","laser","src/ui/laser/JogPad.tsx:73","Jogging","verified-boundary","Open the jog tutorial without editing the project.","{""disabledWhen"":null,""enclosingConditions"":[],""scope"":""Current UI component; controller-specific runtime checks remain in the action/store.""}","src/ui/tutorials/TutorialControls.audit.test.tsx: individual tutorial control outcomes 'jog' card and contextual button open the named lesson without editing the project [Shared real TutorialButton and TutorialHost binding exercised for this exact lesson; enclosing machine call site is source-traced, not individually clicked.]","Shared real TutorialButton and TutorialHost binding exercised for this exact lesson; enclosing machine call site is source-traced, not individually clicked."
"src/ui/laser/JogPadAirAssist.tsx:91:5","laser","src/ui/laser/JogPadAirAssist.tsx:91","label","verified-boundary","Toggle manual air through the store action.","{""disabledWhen"":null,""enclosingConditions"":[],""scope"":""Current UI component; controller-specific runtime checks remain in the action/store.""}","src/ui/laser/JogPad.test.tsx: JogPad accessible labels calls the manual air assist action when toggled [Rendered control and callback arguments verified at the named component boundary; downstream effects are not established by this case. No physical controller or material run.]","Rendered control and callback arguments verified at the named component boundary; downstream effects are not established by this case. No physical controller or material run."
"src/ui/laser/JogPadAirAssist.tsx:149:9","laser","src/ui/laser/JogPadAirAssist.tsx:149","Cancel air assist setup","verified-behaviour","Dismiss missing-air-output guidance without configuring or energizing air.","{""disabledWhen"":null,""enclosingConditions"":[],""scope"":""Current UI component; controller-specific runtime checks remain in the action/store.""}","src/ui/laser/MachineBoundaryControls.audit.test.tsx: Machine boundary control audit Cancel manual-air setup for none closes its notice without changing defaults or sending air [Rendered clicks assert real local project/UI-store mutations or saved local data. No controller, hardware, or material qualification.]","Rendered clicks assert real local project/UI-store mutations or saved local data. No controller, hardware, or material qualification."
"src/ui/laser/JogPadAirAssist.tsx:157:9","laser","src/ui/laser/JogPadAirAssist.tsx:157","Open Machine Setup for air assist","verified-behaviour","Open Machine Setup when no air output command is configured.","{""disabledWhen"":null,""enclosingConditions"":[],""scope"":""Current UI component; controller-specific runtime checks remain in the action/store.""}","src/ui/laser/JogPad.test.tsx: JogPad accessible labels offers Machine Setup instead of a dead-end Proceed when the device has no air output [Rendered clicks assert real local project/UI-store mutations or saved local data. No controller, hardware, or material qualification.]","Rendered clicks assert real local project/UI-store mutations or saved local data. No controller, hardware, or material qualification."
"src/ui/laser/JogPadAirAssist.tsx:183:9","laser","src/ui/laser/JogPadAirAssist.tsx:183","Cancel air assist setup","verified-behaviour","Dismiss Job Air defaults proposal without changing layers or energizing air.","{""disabledWhen"":null,""enclosingConditions"":[],""scope"":""Current UI component; controller-specific runtime checks remain in the action/store.""}","src/ui/laser/MachineBoundaryControls.audit.test.tsx: Machine boundary control audit Cancel manual-air setup for M8 closes its notice without changing defaults or sending air [Rendered clicks assert real local project/UI-store mutations or saved local data. No controller, hardware, or material qualification.]","Rendered clicks assert real local project/UI-store mutations or saved local data. No controller, hardware, or material qualification."
"src/ui/laser/JogPadAirAssist.tsx:191:9","laser","src/ui/laser/JogPadAirAssist.tsx:191","Proceed with air assist setup","verified-boundary","Apply missing Job Air defaults and enable manual air after explicit Proceed.","{""disabledWhen"":null,""enclosingConditions"":[],""scope"":""Current UI component; controller-specific runtime checks remain in the action/store.""}","src/ui/laser/JogPad.test.tsx: JogPad accessible labels applies the missing Job Air defaults and turns manual air on when an output is configured [Rendered control and callback arguments verified at the named component boundary; downstream effects are not established by this case. No physical controller or material run.]","Rendered control and callback arguments verified at the named component boundary; downstream effects are not established by this case. No physical controller or material run."
"src/ui/laser/LabsSettingsDialog.tsx:51:9","laser","src/ui/laser/LabsSettingsDialog.tsx:51","Reset all","verified-behaviour","Persist each Labs opt-in, Reset all to false, and close with Done.","{""disabledWhen"":null,""enclosingConditions"":[],""scope"":""Current UI component; controller-specific runtime checks remain in the action/store.""}","src/ui/laser/MachineDialogControls.audit.test.tsx: Machine dialog control audit Labs toggles each remaining feature, persists them, resets all, and Done closes [Rendered clicks assert real local project/UI-store mutations or saved local data. No controller, hardware, or material qualification.]","Rendered clicks assert real local project/UI-store mutations or saved local data. No controller, hardware, or material qualification."
"src/ui/laser/LabsSettingsDialog.tsx:52:9","laser","src/ui/laser/LabsSettingsDialog.tsx:52","Done","verified-boundary","Persist each Labs opt-in, Reset all to false, and close with Done.","{""disabledWhen"":null,""enclosingConditions"":[],""scope"":""Current UI component; controller-specific runtime checks remain in the action/store.""}","src/ui/laser/MachineDialogControls.audit.test.tsx: Machine dialog control audit Labs toggles each remaining feature, persists them, resets all, and Done closes [Rendered control and callback arguments verified at the named component boundary; downstream effects are not established by this case. No physical controller or material run.]","Rendered control and callback arguments verified at the named component boundary; downstream effects are not established by this case. No physical controller or material run."
"src/ui/laser/LabsSettingsDialog.tsx:67:7","laser","src/ui/laser/LabsSettingsDialog.tsx:67","props.row.detail","verified-behaviour","Persist each Labs opt-in, Reset all to false, and close with Done.","{""disabledWhen"":null,""enclosingConditions"":[],""scope"":""Current UI component; controller-specific runtime checks remain in the action/store.""}","src/ui/laser/MachineDialogControls.audit.test.tsx: Machine dialog control audit Labs toggles each remaining feature, persists them, resets all, and Done closes [Rendered clicks assert real local project/UI-store mutations or saved local data. No controller, hardware, or material qualification.]","Rendered clicks assert real local project/UI-store mutations or saved local data. No controller, hardware, or material qualification."
"src/ui/laser/LaserRecoveryReviewDialog.tsx:157:7","laser","src/ui/laser/LaserRecoveryReviewDialog.tsx:157","Close","verified-boundary","Close the recovery review without starting or changing the capsule.","{""disabledWhen"":""starting"",""enclosingConditions"":[],""scope"":""Current UI component; controller-specific runtime checks remain in the action/store.""}","src/ui/laser/LaserRecoveryReviewDialog.test.tsx: LaserRecoveryReviewDialog reviews an exact artifact and closes without starting or mutating its capsule [Rendered control and callback arguments verified at the named component boundary; downstream effects are not established by this case. No physical controller or material run.]","Rendered control and callback arguments verified at the named component boundary; downstream effects are not established by this case. No physical controller or material run."
"src/ui/laser/LaserRecoveryReviewDialog.tsx:165:7","laser","src/ui/laser/LaserRecoveryReviewDialog.tsx:165","{starting ? 'Starting supervised recovery...' : 'Start supervised recovery'}","verified-boundary","Run exactly one reviewed recovery attempt, retain failure for retry, and close on success.","{""disabledWhen"":""starting"",""enclosingConditions"":[],""scope"":""Current UI component; controller-specific runtime checks remain in the action/store.""}","src/ui/laser/LaserRecoveryReviewDialog.test.tsx: LaserRecoveryReviewDialog allows one start attempt at a time, stays open on failure, and retries successfully [Rendered control and callback arguments verified at the named component boundary; downstream effects are not established by this case. No physical controller or material run.]","Rendered control and callback arguments verified at the named component boundary; downstream effects are not established by this case. No physical controller or material run."
"src/ui/laser/LaserWindow.tsx:249:7","laser","src/ui/laser/LaserWindow.tsx:249","Wake (Ctrl-X)","verified-boundary","Wake the connected sleeping controller through the store recovery action.","{""disabledWhen"":null,""enclosingConditions"":[],""scope"":""Current UI component; controller-specific runtime checks remain in the action/store.""}","src/ui/laser/LaserWindow-sleep-recovery.test.tsx: LaserWindow Sleep recovery shows an in-app wake control when GRBL reports Sleep [Rendered control and callback arguments verified at the named component boundary; downstream effects are not established by this case. No physical controller or material run.]","Rendered control and callback arguments verified at the named component boundary; downstream effects are not established by this case. No physical controller or material run."
"src/ui/laser/LaserWindow.tsx:316:9","laser","src/ui/laser/LaserWindow.tsx:316","Home ($H)","verified-boundary","Dispatch alarm recovery Home or Unlock through separate store actions.","{""disabledWhen"":null,""enclosingConditions"":[""props.homingEnabled""],""scope"":""Current UI component; controller-specific runtime checks remain in the action/store.""}","src/ui/laser/MachineBoundaryControls.audit.test.tsx: Machine boundary control audit alarm Home and explicit Unlock invoke separate mocked recovery actions [Rendered control and callback arguments verified at the named component boundary; downstream effects are not established by this case. No physical controller or material run.]","Rendered control and callback arguments verified at the named component boundary; downstream effects are not established by this case. No physical controller or material run."
"src/ui/laser/LaserWindow.tsx:324:9","laser","src/ui/laser/LaserWindow.tsx:324","Set up homing","verified-behaviour","Route unsupported Home to setup instead of dispatching $H.","{""disabledWhen"":null,""enclosingConditions"":[""not props.homingEnabled""],""scope"":""Current UI component; controller-specific runtime checks remain in the action/store.""}","src/ui/laser/LaserWindow-alarm-recovery.test.tsx: LaserWindow alarm recovery homing capability does not send Home when the selected profile does not support $H [Rendered clicks assert real local project/UI-store mutations or saved local data. No controller, hardware, or material qualification.]","Rendered clicks assert real local project/UI-store mutations or saved local data. No controller, hardware, or material qualification."
"src/ui/laser/LaserWindow.tsx:338:9","laser","src/ui/laser/LaserWindow.tsx:338","$X — Unlock","verified-boundary","Dispatch alarm recovery Home or Unlock through separate store actions.","{""disabledWhen"":null,""enclosingConditions"":[""props.canUnlock""],""scope"":""Current UI component; controller-specific runtime checks remain in the action/store.""}","src/ui/laser/MachineBoundaryControls.audit.test.tsx: Machine boundary control audit alarm Home and explicit Unlock invoke separate mocked recovery actions [Rendered control and callback arguments verified at the named component boundary; downstream effects are not established by this case. No physical controller or material run.]","Rendered control and callback arguments verified at the named component boundary; downstream effects are not established by this case. No physical controller or material run."
"src/ui/laser/LiveMotionActionButton.tsx:10:5","laser","src/ui/laser/LiveMotionActionButton.tsx:10","pausing ? 'Pausing…' : 'Resuming…'","verified-boundary","Render disabled pending Pause/Resume and suppress duplicate dispatch.","{""disabledWhen"":""true"",""enclosingConditions"":[],""scope"":""Current UI component; controller-specific runtime checks remain in the action/store.""}","src/ui/laser/LiveMotionBar.test.tsx: LiveMotionBar shows token-bound 'JOB PAUSING' state and disables duplicate 'Pause' [Rendered control and callback arguments verified at the named component boundary; downstream effects are not established by this case. No physical controller or material run.]
src/ui/laser/LiveMotionBar.test.tsx: LiveMotionBar shows token-bound 'JOB RESUMING' state and disables duplicate 'Resume' [Rendered control and callback arguments verified at the named component boundary; downstream effects are not established by this case. No physical controller or material run.]","Rendered control and callback arguments verified at the named component boundary; downstream effects are not established by this case. No physical controller or material run."
"src/ui/laser/LiveMotionActionButton.tsx:26:5","laser","src/ui/laser/LiveMotionActionButton.tsx:26","{props.label}","verified-boundary","Dispatch the state-appropriate Pause or Resume action.","{""disabledWhen"":""props.disabled"",""enclosingConditions"":[],""scope"":""Current UI component; controller-specific runtime checks remain in the action/store.""}","src/ui/laser/MachineRunControls.audit.test.tsx: Machine run control audit Pause, Resume and Abort dispatch the matching action in their corresponding lifecycle states [Rendered control and callback arguments verified at the named component boundary; downstream effects are not established by this case. No physical controller or material run.]","Rendered control and callback arguments verified at the named component boundary; downstream effects are not established by this case. No physical controller or material run."
"src/ui/laser/LiveMotionBar.tsx:69:9","laser","src/ui/laser/LiveMotionBar.tsx:69","{description.abortLabel}","verified-boundary","Request Pause, Resume or software Abort through the corresponding store action.","{""disabledWhen"":null,""enclosingConditions"":[],""scope"":""Current UI component; controller-specific runtime checks remain in the action/store.""}","src/ui/laser/MachineRunControls.audit.test.tsx: Machine run control audit Pause, Resume and Abort dispatch the matching action in their corresponding lifecycle states [Rendered control and callback arguments verified at the named component boundary; downstream effects are not established by this case. No physical controller or material run.]","Rendered control and callback arguments verified at the named component boundary; downstream effects are not established by this case. No physical controller or material run."
"src/ui/laser/LiveMotionBar.tsx:105:7","laser","src/ui/laser/LiveMotionBar.tsx:105","Pause","verified-boundary","Request Pause, Resume or software Abort through the corresponding store action.","{""disabledWhen"":null,""enclosingConditions"":[],""scope"":""Current UI component; controller-specific runtime checks remain in the action/store.""}","src/ui/laser/MachineRunControls.audit.test.tsx: Machine run control audit Pause, Resume and Abort dispatch the matching action in their corresponding lifecycle states [Rendered control and callback arguments verified at the named component boundary; downstream effects are not established by this case. No physical controller or material run.]","Rendered control and callback arguments verified at the named component boundary; downstream effects are not established by this case. No physical controller or material run."
"src/ui/laser/LiveMotionBar.tsx:114:7","laser","src/ui/laser/LiveMotionBar.tsx:114","Resume","verified-boundary","Request Pause, Resume or software Abort through the corresponding store action.","{""disabledWhen"":null,""enclosingConditions"":[],""scope"":""Current UI component; controller-specific runtime checks remain in the action/store.""}","src/ui/laser/MachineRunControls.audit.test.tsx: Machine run control audit Pause, Resume and Abort dispatch the matching action in their corresponding lifecycle states [Rendered control and callback arguments verified at the named component boundary; downstream effects are not established by this case. No physical controller or material run.]","Rendered control and callback arguments verified at the named component boundary; downstream effects are not established by this case. No physical controller or material run."
"src/ui/laser/LiveMotionBar.tsx:123:7","laser","src/ui/laser/LiveMotionBar.tsx:123","Continue","verified-boundary","Continue tool-change only with Idle and current Work-Z evidence.","{""disabledWhen"":""toolChangeBlockMessage !== null"",""enclosingConditions"":[],""scope"":""Current UI component; controller-specific runtime checks remain in the action/store.""}","src/ui/laser/LiveMotionBar.test.tsx: LiveMotionBar owns gated tool-change Continue beside the single Abort action [Rendered control and callback arguments verified at the named component boundary; downstream effects are not established by this case. No physical controller or material run.]","Rendered control and callback arguments verified at the named component boundary; downstream effects are not established by this case. No physical controller or material run."
"src/ui/laser/MachineSettingsPanel.tsx:61:7","laser","src/ui/laser/MachineSettingsPanel.tsx:61","Read / Backup Controller Settings","verified-behaviour","Expand and collapse this named section; preserve the surrounding project and setup state.","{""disabledWhen"":null,""enclosingConditions"":[],""scope"":""Current UI component; controller-specific runtime checks remain in the action/store.""}","src/ui/laser/MachineUtilityControls.audit.test.tsx: Machine utility control audit controller backup disclosure opens and closes without changing the project [Rendered interaction asserts the real component UI state. The case does not establish any downstream machine or external service effect.]","Rendered interaction asserts the real component UI state. The case does not establish any downstream machine or external service effect."
"src/ui/laser/MachineSettingsPanel.tsx:68:7","laser","src/ui/laser/MachineSettingsPanel.tsx:68","Controller settings tutorial","verified-boundary","Open the machine-setup tutorial without editing the project.","{""disabledWhen"":null,""enclosingConditions"":[],""scope"":""Current UI component; controller-specific runtime checks remain in the action/store.""}","src/ui/tutorials/TutorialControls.audit.test.tsx: individual tutorial control outcomes 'machine-setup' card and contextual button open the named lesson without editing the project [Shared real TutorialButton and TutorialHost binding exercised for this exact lesson; enclosing machine call site is source-traced, not individually clicked.]","Shared real TutorialButton and TutorialHost binding exercised for this exact lesson; enclosing machine call site is source-traced, not individually clicked."
"src/ui/laser/MachineSettingsPanel.tsx:100:7","laser","src/ui/laser/MachineSettingsPanel.tsx:100","Read ($$)","verified-boundary","Request read-only controller settings.","{""disabledWhen"":""props.readDisabledReason !== null"",""enclosingConditions"":[],""scope"":""Current UI component; controller-specific runtime checks remain in the action/store.""}","src/ui/laser/MachineSettingsPanel.test.tsx: MachineSettingsPanel calls readMachineSettings when Read is clicked [Rendered control and callback arguments verified at the named component boundary; downstream effects are not established by this case. No physical controller or material run.]","Rendered control and callback arguments verified at the named component boundary; downstream effects are not established by this case. No physical controller or material run."
"src/ui/laser/MachineSettingsPanel.tsx:109:7","laser","src/ui/laser/MachineSettingsPanel.tsx:109","Export backup","verified-boundary","Export controller settings backup using the platform file boundary.","{""disabledWhen"":""props.exportDisabledReason !== null"",""enclosingConditions"":[],""scope"":""Current UI component; controller-specific runtime checks remain in the action/store.""}","src/ui/laser/MachineSettingsPanel.test.tsx: MachineSettingsPanel exports visible settings through PlatformAdapter [Rendered control and callback arguments verified at the named component boundary; downstream effects are not established by this case. No physical controller or material run.]","Rendered control and callback arguments verified at the named component boundary; downstream effects are not established by this case. No physical controller or material run."
"src/ui/laser/MachineSetupController.tsx:130:11","laser","src/ui/laser/MachineSetupController.tsx:130","`Confirm write ${row.code}`","verified-boundary","Confirm a single setting and send exactly its reviewed value through the legacy write action.","{""disabledWhen"":null,""enclosingConditions"":[],""scope"":""Current UI component; controller-specific runtime checks remain in the action/store.""}","src/ui/laser/MachineBoundaryControls.audit.test.tsx: Machine boundary control audit legacy guarded-write confirmation enables only the exact selected mocked setting write [Legacy exported panel is currently unmounted in the production setup flow (source reference search); component click to mocked write action verified.]","Legacy exported panel is currently unmounted in the production setup flow (source reference search); component click to mocked write action verified."
"src/ui/laser/MachineSetupController.tsx:139:9","laser","src/ui/laser/MachineSetupController.tsx:139","Write {row.code}","verified-boundary","Confirm a single setting and send exactly its reviewed value through the legacy write action.","{""disabledWhen"":""!canWrite"",""enclosingConditions"":[],""scope"":""Current UI component; controller-specific runtime checks remain in the action/store.""}","src/ui/laser/MachineBoundaryControls.audit.test.tsx: Machine boundary control audit legacy guarded-write confirmation enables only the exact selected mocked setting write [Legacy exported panel is currently unmounted in the production setup flow (source reference search); component click to mocked write action verified.]","Legacy exported panel is currently unmounted in the production setup flow (source reference search); component click to mocked write action verified."
"src/ui/laser/MachineSetupImportExport.tsx:85:9","laser","src/ui/laser/MachineSetupImportExport.tsx:85","Export active profile","verified-boundary","Export deterministic active machine-profile JSON.","{""disabledWhen"":null,""enclosingConditions"":[],""scope"":""Current UI component; controller-specific runtime checks remain in the action/store.""}","src/ui/laser/MachineSetupImportExport.test.tsx: Machine Setup import/export panel exports the active KerfDesk machine profile as deterministic JSON [Rendered control and callback arguments verified at the named component boundary; downstream effects are not established by this case. No physical controller or material run.]","Rendered control and callback arguments verified at the named component boundary; downstream effects are not established by this case. No physical controller or material run."
"src/ui/laser/MachineSetupImportExport.tsx:86:9","laser","src/ui/laser/MachineSetupImportExport.tsx:86","Import KerfDesk profile","verified-behaviour","Open and review a KerfDesk profile import, then apply the selected profile.","{""disabledWhen"":null,""enclosingConditions"":[],""scope"":""Current UI component; controller-specific runtime checks remain in the action/store.""}","src/ui/laser/MachineSetupImportExport.test.tsx: Machine Setup import/export panel shows a success toast after applying a KerfDesk profile import [Mocked file picker supplies fixture bytes; real import parsing, review, explicit Apply and project-profile mutation are asserted. OS file selection is not exercised.]","Mocked file picker supplies fixture bytes; real import parsing, review, explicit Apply and project-profile mutation are asserted. OS file selection is not exercised."
"src/ui/laser/MachineSetupImportExport.tsx:87:9","laser","src/ui/laser/MachineSetupImportExport.tsx:87","Import LightBurn .lbdev","verified-behaviour","Parse LightBurn profile into review and apply only on explicit Apply.","{""disabledWhen"":null,""enclosingConditions"":[],""scope"":""Current UI component; controller-specific runtime checks remain in the action/store.""}","src/ui/laser/MachineBoundaryControls.audit.test.tsx: Machine boundary control audit LightBurn import stays in review until Apply and applies only the parsed profile [Mocked file picker supplies fixture bytes; real import parsing, review, explicit Apply and project-profile mutation are asserted. OS file selection is not exercised.]","Mocked file picker supplies fixture bytes; real import parsing, review, explicit Apply and project-profile mutation are asserted. OS file selection is not exercised."
"src/ui/laser/MachineSetupImportExport.tsx:134:7","laser","src/ui/laser/MachineSetupImportExport.tsx:134","Apply imported profile","verified-behaviour","Open and review a KerfDesk profile import, then apply the selected profile.","{""disabledWhen"":null,""enclosingConditions"":[],""scope"":""Current UI component; controller-specific runtime checks remain in the action/store.""}","src/ui/laser/MachineSetupImportExport.test.tsx: Machine Setup import/export panel shows a success toast after applying a KerfDesk profile import [Mocked file picker supplies fixture bytes; real import parsing, review, explicit Apply and project-profile mutation are asserted. OS file selection is not exercised.]","Mocked file picker supplies fixture bytes; real import parsing, review, explicit Apply and project-profile mutation are asserted. OS file selection is not exercised."
"src/ui/laser/MachineSetupImportExport.tsx:152:7","laser","src/ui/laser/MachineSetupImportExport.tsx:152","Apply imported profile","verified-behaviour","Parse LightBurn profile into review and apply only on explicit Apply.","{""disabledWhen"":""!props.review.canCreateProfile"",""enclosingConditions"":[],""scope"":""Current UI component; controller-specific runtime checks remain in the action/store.""}","src/ui/laser/MachineBoundaryControls.audit.test.tsx: Machine boundary control audit LightBurn import stays in review until Apply and applies only the parsed profile [Mocked file picker supplies fixture bytes; real import parsing, review, explicit Apply and project-profile mutation are asserted. OS file selection is not exercised.]","Mocked file picker supplies fixture bytes; real import parsing, review, explicit Apply and project-profile mutation are asserted. OS file selection is not exercised."
"src/ui/laser/MachineSetupProfiles.tsx:123:7","laser","src/ui/laser/MachineSetupProfiles.tsx:123","CatalogApplyButton","verified-behaviour","Apply the exact selected catalog profile without overlaying detected controller values.","{""disabledWhen"":null,""enclosingConditions"":[],""scope"":""Current UI component; controller-specific runtime checks remain in the action/store.""}","src/ui/laser/MachineSetupProfiles.test.tsx: Machine Setup profile choice applies the selected catalog profile exactly despite different detected firmware [Rendered clicks assert real local project/UI-store mutations or saved local data. No controller, hardware, or material qualification.]","Rendered clicks assert real local project/UI-store mutations or saved local data. No controller, hardware, or material qualification."
"src/ui/laser/MachineSetupProfiles.tsx:139:5","laser","src/ui/laser/MachineSetupProfiles.tsx:139","{label}","verified-behaviour","Apply the exact selected catalog profile without overlaying detected controller values.","{""disabledWhen"":""props.isActive"",""enclosingConditions"":[],""scope"":""Current UI component; controller-specific runtime checks remain in the action/store.""}","src/ui/laser/MachineSetupProfiles.test.tsx: Machine Setup profile choice applies the selected catalog profile exactly despite different detected firmware [Rendered clicks assert real local project/UI-store mutations or saved local data. No controller, hardware, or material qualification.]","Rendered clicks assert real local project/UI-store mutations or saved local data. No controller, hardware, or material qualification."
"src/ui/laser/MachineSetupSafetyZones.tsx:31:9","laser","src/ui/laser/MachineSetupSafetyZones.tsx:31","Add zone","verified-behaviour","Add, enable/disable, and remove the chosen persisted safety zone.","{""disabledWhen"":null,""enclosingConditions"":[],""scope"":""Current UI component; controller-specific runtime checks remain in the action/store.""}","src/ui/laser/MachineProfileControls.audit.test.tsx: Machine profile control audit setup safety zones add, disable and remove the selected persisted zone [Rendered clicks assert real local project/UI-store mutations or saved local data. No controller, hardware, or material qualification.]","Rendered clicks assert real local project/UI-store mutations or saved local data. No controller, hardware, or material qualification."
"src/ui/laser/MachineSetupSafetyZones.tsx:108:11","laser","src/ui/laser/MachineSetupSafetyZones.tsx:108","Enable or disable this safety zone.","verified-behaviour","Add, enable/disable, and remove the chosen persisted safety zone.","{""disabledWhen"":null,""enclosingConditions"":[],""scope"":""Current UI component; controller-specific runtime checks remain in the action/store.""}","src/ui/laser/MachineProfileControls.audit.test.tsx: Machine profile control audit setup safety zones add, disable and remove the selected persisted zone [Rendered clicks assert real local project/UI-store mutations or saved local data. No controller, hardware, or material qualification.]","Rendered clicks assert real local project/UI-store mutations or saved local data. No controller, hardware, or material qualification."
"src/ui/laser/MachineSetupSafetyZones.tsx:116:9","laser","src/ui/laser/MachineSetupSafetyZones.tsx:116","Remove","verified-behaviour","Add, enable/disable, and remove the chosen persisted safety zone.","{""disabledWhen"":null,""enclosingConditions"":[],""scope"":""Current UI component; controller-specific runtime checks remain in the action/store.""}","src/ui/laser/MachineProfileControls.audit.test.tsx: Machine profile control audit setup safety zones add, disable and remove the selected persisted zone [Rendered clicks assert real local project/UI-store mutations or saved local data. No controller, hardware, or material qualification.]","Rendered clicks assert real local project/UI-store mutations or saved local data. No controller, hardware, or material qualification."
"src/ui/laser/MeasuredScanOffsetApply.tsx:109:7","laser","src/ui/laser/MeasuredScanOffsetApply.tsx:109","Add measurement","verified-behaviour","Add another editable measurement row; invalid measurements keep Apply disabled.","{""disabledWhen"":null,""enclosingConditions"":[],""scope"":""Current UI component; controller-specific runtime checks remain in the action/store.""}","src/ui/laser/MeasuredScanOffsetApply.test.tsx: MeasuredScanOffsetApply blocks duplicate speeds and measurements above the profile max feed [Rendered clicks assert real local project/UI-store mutations or saved local data. No controller, hardware, or material qualification.]","Rendered clicks assert real local project/UI-store mutations or saved local data. No controller, hardware, or material qualification."
"src/ui/laser/MeasuredScanOffsetApply.tsx:116:7","laser","src/ui/laser/MeasuredScanOffsetApply.tsx:116","Reset from profile","verified-behaviour","Restore measurement draft from saved profile or explicitly mark legacy provenance verified.","{""disabledWhen"":null,""enclosingConditions"":[],""scope"":""Current UI component; controller-specific runtime checks remain in the action/store.""}","src/ui/laser/MachineUtilityControls.audit.test.tsx: Machine utility control audit Reset measurements restores saved offsets and legacy Mark verified records explicit provenance [Rendered clicks assert real local project/UI-store mutations or saved local data. No controller, hardware, or material qualification.]","Rendered clicks assert real local project/UI-store mutations or saved local data. No controller, hardware, or material qualification."
"src/ui/laser/MeasuredScanOffsetApply.tsx:123:7","laser","src/ui/laser/MeasuredScanOffsetApply.tsx:123","Apply measured offsets","verified-behaviour","Validate and save measured offsets and pending verification provenance.","{""disabledWhen"":""props.applyDisabled"",""enclosingConditions"":[],""scope"":""Current UI component; controller-specific runtime checks remain in the action/store.""}","src/ui/laser/MeasuredScanOffsetApply.test.tsx: MeasuredScanOffsetApply saves measured scan offsets to the active device profile [Rendered clicks assert real local project/UI-store mutations or saved local data. No controller, hardware, or material qualification.]","Rendered clicks assert real local project/UI-store mutations or saved local data. No controller, hardware, or material qualification."
"src/ui/laser/MeasuredScanOffsetApply.tsx:150:11","laser","src/ui/laser/MeasuredScanOffsetApply.tsx:150","Mark verified","verified-behaviour","Record operator-verified scan-offset provenance.","{""disabledWhen"":null,""enclosingConditions"":[],""scope"":""Current UI component; controller-specific runtime checks remain in the action/store.""}","src/ui/laser/MeasuredScanOffsetApply.test.tsx: MeasuredScanOffsetApply records verified provenance through an explicit nonblocking action [Rendered clicks assert real local project/UI-store mutations or saved local data. No controller, hardware, or material qualification.]","Rendered clicks assert real local project/UI-store mutations or saved local data. No controller, hardware, or material qualification."
"src/ui/laser/MeasuredScanOffsetApply.tsx:168:9","laser","src/ui/laser/MeasuredScanOffsetApply.tsx:168","Mark pending","verified-behaviour","Mark legacy scan-offset provenance pending without disabling its table.","{""disabledWhen"":null,""enclosingConditions"":[],""scope"":""Current UI component; controller-specific runtime checks remain in the action/store.""}","src/ui/laser/MeasuredScanOffsetApply.test.tsx: MeasuredScanOffsetApply warns about legacy statusless provenance and offers pending or verified actions [Rendered clicks assert real local project/UI-store mutations or saved local data. No controller, hardware, or material qualification.]","Rendered clicks assert real local project/UI-store mutations or saved local data. No controller, hardware, or material qualification."
"src/ui/laser/MeasuredScanOffsetApply.tsx:176:11","laser","src/ui/laser/MeasuredScanOffsetApply.tsx:176","Mark verified","verified-behaviour","Restore measurement draft from saved profile or explicitly mark legacy provenance verified.","{""disabledWhen"":null,""enclosingConditions"":[""legacy""],""scope"":""Current UI component; controller-specific runtime checks remain in the action/store.""}","src/ui/laser/MachineUtilityControls.audit.test.tsx: Machine utility control audit Reset measurements restores saved offsets and legacy Mark verified records explicit provenance [Rendered clicks assert real local project/UI-store mutations or saved local data. No controller, hardware, or material qualification.]","Rendered clicks assert real local project/UI-store mutations or saved local data. No controller, hardware, or material qualification."
"src/ui/laser/MomentaryFireControl.tsx:31:5","laser","src/ui/laser/MomentaryFireControl.tsx:31","`Hold for low-power Fire at ${control.maxPowerPercent}%`","verified-boundary","Request capped momentary Fire on press and laser-off on blur/release.","{""disabledWhen"":""disabled"",""enclosingConditions"":[],""scope"":""Current UI component; controller-specific runtime checks remain in the action/store.""}","src/ui/laser/MomentaryFireControl.test.tsx: MomentaryFireControl starts on press and hard-offs on window blur [Mocked Fire store action; repeated fail-off, keyboard, blur and unmount paths covered by companion executed cases.]","Mocked Fire store action; repeated fail-off, keyboard, blur and unmount paths covered by companion executed cases."
"src/ui/laser/NoHomingPositionChoices.tsx:24:7","laser","src/ui/laser/NoHomingPositionChoices.tsx:24","{props.releasing ? RELEASING_MOTORS_LABEL : RELEASE_MOTORS_LABEL}","verified-boundary","Confirm release and progress through the supervised hand-position workflow.","{""disabledWhen"":""props.disabled || !props.canSleep"",""enclosingConditions"":[],""scope"":""Current UI component; controller-specific runtime checks remain in the action/store.""}","src/ui/laser/NoHomingPositionGuide.test.tsx: NoHomingPositionGuide guides Release, Wake, explicit Unlock, Set origin, then Verified Origin [Rendered control and callback arguments verified at the named component boundary; downstream effects are not established by this case. No physical controller or material run.]","Rendered control and callback arguments verified at the named component boundary; downstream effects are not established by this case. No physical controller or material run."
"src/ui/laser/NoHomingPositionGuide.tsx:226:7","laser","src/ui/laser/NoHomingPositionGuide.tsx:226","{props.controllerSleeping ? 'Use this position' : 'Waiting for Sleep...'}","verified-boundary","Wake and explicitly unlock before establishing the new hand-positioned origin.","{""disabledWhen"":""!props.controllerSleeping"",""enclosingConditions"":[],""scope"":""Current UI component; controller-specific runtime checks remain in the action/store.""}","src/ui/laser/NoHomingPositionGuide.test.tsx: NoHomingPositionGuide guides Release, Wake, explicit Unlock, Set origin, then Verified Origin [Rendered control and callback arguments verified at the named component boundary; downstream effects are not established by this case. No physical controller or material run.]","Rendered control and callback arguments verified at the named component boundary; downstream effects are not established by this case. No physical controller or material run."
"src/ui/laser/NoHomingPositionGuide.tsx:249:9","laser","src/ui/laser/NoHomingPositionGuide.tsx:249","Unlock and continue","verified-boundary","Wake and explicitly unlock before establishing the new hand-positioned origin.","{""disabledWhen"":""!props.canUnlock"",""enclosingConditions"":[],""scope"":""Current UI component; controller-specific runtime checks remain in the action/store.""}","src/ui/laser/NoHomingPositionGuide.test.tsx: NoHomingPositionGuide guides Release, Wake, explicit Unlock, Set origin, then Verified Origin [Rendered control and callback arguments verified at the named component boundary; downstream effects are not established by this case. No physical controller or material run.]","Rendered control and callback arguments verified at the named component boundary; downstream effects are not established by this case. No physical controller or material run."
"src/ui/laser/OptimizationSettingsDialog.tsx:30:9","laser","src/ui/laser/OptimizationSettingsDialog.tsx:30","Cancel","verified-boundary","Edit the planning draft; Apply commits it and Cancel discards without extra application.","{""disabledWhen"":null,""enclosingConditions"":[],""scope"":""Current UI component; controller-specific runtime checks remain in the action/store.""}","src/ui/laser/MachineDialogControls.audit.test.tsx: Machine dialog control audit Cut Planner edits inside-first, applies that value by button and cancels without applying again [Rendered control and callback arguments verified at the named component boundary; downstream effects are not established by this case. No physical controller or material run.]","Rendered control and callback arguments verified at the named component boundary; downstream effects are not established by this case. No physical controller or material run."
"src/ui/laser/OptimizationSettingsDialog.tsx:31:9","laser","src/ui/laser/OptimizationSettingsDialog.tsx:31","Apply","verified-boundary","Edit the planning draft; Apply commits it and Cancel discards without extra application.","{""disabledWhen"":null,""enclosingConditions"":[],""scope"":""Current UI component; controller-specific runtime checks remain in the action/store.""}","src/ui/laser/MachineDialogControls.audit.test.tsx: Machine dialog control audit Cut Planner edits inside-first, applies that value by button and cancels without applying again [Rendered control and callback arguments verified at the named component boundary; downstream effects are not established by this case. No physical controller or material run.]","Rendered control and callback arguments verified at the named component boundary; downstream effects are not established by this case. No physical controller or material run."
"src/ui/laser/OptimizationSettingsDialog.tsx:63:9","laser","src/ui/laser/OptimizationSettingsDialog.tsx:63","orderingControlTitle ?? 'Cut enclosed paths before their containing paths.'","verified-behaviour","Edit the planning draft; Apply commits it and Cancel discards without extra application.","{""disabledWhen"":""keepsSourceOrder"",""enclosingConditions"":[],""scope"":""Current UI component; controller-specific runtime checks remain in the action/store.""}","src/ui/laser/MachineDialogControls.audit.test.tsx: Machine dialog control audit Cut Planner edits inside-first, applies that value by button and cancels without applying again [Real local planning checkbox state changes; Apply and Cancel remain separate mocked callback boundaries.]","Real local planning checkbox state changes; Apply and Cancel remain separate mocked callback boundaries."
"src/ui/laser/OriginRow.tsx:59:5","laser","src/ui/laser/OriginRow.tsx:59","Set origin here","verified-boundary","Request Set origin here and update local placement mode/anchor to User Origin.","{""disabledWhen"":""props.busy"",""enclosingConditions"":[],""scope"":""Current UI component; controller-specific runtime checks remain in the action/store.""}","src/ui/laser/OriginRow.test.tsx: OriginRow Set origin and the Start-from mode (ADR-327) upgrades Absolute Coordinates to User Origin once an origin exists [setOriginHere is replaced with an async no-op; only the real placement-mode/anchor mutation is established, not controller origin.]","setOriginHere is replaced with an async no-op; only the real placement-mode/anchor mutation is established, not controller origin."
"src/ui/laser/OriginRow.tsx:88:5","laser","src/ui/laser/OriginRow.tsx:88","Release motors","verified-boundary","Require confirmation before releasing motors; busy state remains inert.","{""disabledWhen"":""props.busy"",""enclosingConditions"":[],""scope"":""Current UI component; controller-specific runtime checks remain in the action/store.""}","src/ui/laser/MachineRunControls.audit.test.tsx: Machine run control audit Release motors requires confirmation and does not release while streaming [Rendered control and callback arguments verified at the named component boundary; downstream effects are not established by this case. No physical controller or material run.]","Rendered control and callback arguments verified at the named component boundary; downstream effects are not established by this case. No physical controller or material run."
"src/ui/laser/OriginRow.tsx:153:9","laser","src/ui/laser/OriginRow.tsx:153","Origin","verified-boundary","Open the origin tutorial without editing the project.","{""disabledWhen"":null,""enclosingConditions"":[],""scope"":""Current UI component; controller-specific runtime checks remain in the action/store.""}","src/ui/tutorials/TutorialControls.audit.test.tsx: individual tutorial control outcomes 'origin' card and contextual button open the named lesson without editing the project [Shared real TutorialButton and TutorialHost binding exercised for this exact lesson; enclosing machine call site is source-traced, not individually clicked.]","Shared real TutorialButton and TutorialHost binding exercised for this exact lesson; enclosing machine call site is source-traced, not individually clicked."
"src/ui/laser/OriginRow.tsx:156:9","laser","src/ui/laser/OriginRow.tsx:156","SetOriginButton","verified-boundary","Request Set origin here and update local placement mode/anchor to User Origin.","{""disabledWhen"":null,""enclosingConditions"":[],""scope"":""Current UI component; controller-specific runtime checks remain in the action/store.""}","src/ui/laser/OriginRow.test.tsx: OriginRow Set origin and the Start-from mode (ADR-327) upgrades Absolute Coordinates to User Origin once an origin exists [setOriginHere is replaced with an async no-op; only the real placement-mode/anchor mutation is established, not controller origin.]","setOriginHere is replaced with an async no-op; only the real placement-mode/anchor mutation is established, not controller origin."
"src/ui/laser/OriginRow.tsx:166:9","laser","src/ui/laser/OriginRow.tsx:166","Reset origin","verified-boundary","Reset transient origin or, after explicit confirmation, clear persistent origin through separate actions.","{""disabledWhen"":""busy || !hasCustom || persistentOrUnknown"",""enclosingConditions"":[],""scope"":""Current UI component; controller-specific runtime checks remain in the action/store.""}","src/ui/laser/MachineRunControls.audit.test.tsx: Machine run control audit Reset origin and Clear persistent origin call separate store actions with persistent confirmation [Rendered control and callback arguments verified at the named component boundary; downstream effects are not established by this case. No physical controller or material run.]","Rendered control and callback arguments verified at the named component boundary; downstream effects are not established by this case. No physical controller or material run."
"src/ui/laser/OriginRow.tsx:175:9","laser","src/ui/laser/OriginRow.tsx:175","GoToWorkZeroButton","verified-boundary","Request jogToMachinePosition with the known work-zero coordinates and selected feed.","{""disabledWhen"":null,""enclosingConditions"":[],""scope"":""Current UI component; controller-specific runtime checks remain in the action/store.""}","src/ui/laser/OriginRow.test.tsx: OriginRow persistent origin controls returns to the known work zero with a beam-off jog [Exact mocked jogToMachinePosition arguments asserted; laser-off output and physical motion are not established by this case.]","Exact mocked jogToMachinePosition arguments asserted; laser-off output and physical motion are not established by this case."
"src/ui/laser/OriginRow.tsx:176:9","laser","src/ui/laser/OriginRow.tsx:176","ReleaseMotorsButton","verified-boundary","Require confirmation before releasing motors; busy state remains inert.","{""disabledWhen"":null,""enclosingConditions"":[],""scope"":""Current UI component; controller-specific runtime checks remain in the action/store.""}","src/ui/laser/MachineRunControls.audit.test.tsx: Machine run control audit Release motors requires confirmation and does not release while streaming [Rendered control and callback arguments verified at the named component boundary; downstream effects are not established by this case. No physical controller or material run.]","Rendered control and callback arguments verified at the named component boundary; downstream effects are not established by this case. No physical controller or material run."
"src/ui/laser/OriginRow.tsx:286:5","laser","src/ui/laser/OriginRow.tsx:286","Go to work zero","verified-boundary","Request jogToMachinePosition with the known work-zero coordinates and selected feed.","{""disabledWhen"":""!ready"",""enclosingConditions"":[],""scope"":""Current UI component; controller-specific runtime checks remain in the action/store.""}","src/ui/laser/OriginRow.test.tsx: OriginRow persistent origin controls returns to the known work zero with a beam-off jog [Exact mocked jogToMachinePosition arguments asserted; laser-off output and physical motion are not established by this case.]","Exact mocked jogToMachinePosition arguments asserted; laser-off output and physical motion are not established by this case."
"src/ui/laser/OriginRow.tsx:335:7","laser","src/ui/laser/OriginRow.tsx:335","Advanced origin","verified-behaviour","Expand and collapse this named section; preserve the surrounding project and setup state.","{""disabledWhen"":null,""enclosingConditions"":[],""scope"":""Current UI component; controller-specific runtime checks remain in the action/store.""}","src/ui/laser/MachineRunControls.audit.test.tsx: Machine run control audit Reset origin and Clear persistent origin call separate store actions with persistent confirmation [Rendered interaction asserts the real component UI state. The case does not establish any downstream machine or external service effect.]","Rendered interaction asserts the real component UI state. The case does not establish any downstream machine or external service effect."
"src/ui/laser/OriginRow.tsx:342:9","laser","src/ui/laser/OriginRow.tsx:342","Set persistent origin","verified-boundary","Confirm and request persistent G54 origin.","{""disabledWhen"":""persistentDisabled"",""enclosingConditions"":[],""scope"":""Current UI component; controller-specific runtime checks remain in the action/store.""}","src/ui/laser/OriginRow.test.tsx: OriginRow persistent origin controls confirms before setting persistent G54 origin [Rendered control and callback arguments verified at the named component boundary; downstream effects are not established by this case. No physical controller or material run.]","Rendered control and callback arguments verified at the named component boundary; downstream effects are not established by this case. No physical controller or material run."
"src/ui/laser/OriginRow.tsx:351:9","laser","src/ui/laser/OriginRow.tsx:351","Clear persistent origin","verified-boundary","Reset transient origin or, after explicit confirmation, clear persistent origin through separate actions.","{""disabledWhen"":""persistentDisabled || !props.hasCustom"",""enclosingConditions"":[],""scope"":""Current UI component; controller-specific runtime checks remain in the action/store.""}","src/ui/laser/MachineRunControls.audit.test.tsx: Machine run control audit Reset origin and Clear persistent origin call separate store actions with persistent confirmation [Rendered control and callback arguments verified at the named component boundary; downstream effects are not established by this case. No physical controller or material run.]","Rendered control and callback arguments verified at the named component boundary; downstream effects are not established by this case. No physical controller or material run."
"src/ui/laser/OverrideControls.tsx:72:9","laser","src/ui/laser/OverrideControls.tsx:72","25","verified-boundary","Request the exact realtime byte for all 13 feed, spindle/power and rapid override buttons.","{""disabledWhen"":null,""enclosingConditions"":[],""scope"":""Current UI component; controller-specific runtime checks remain in the action/store.""}","src/ui/laser/OverrideControls.test.tsx: OverrideControls audit every cnc override button requests its exact realtime byte [Exact arguments to mocked sendRealtimeOverride asserted for every button in laser and CNC mode; no transport write or physical override response is established.]
src/ui/laser/OverrideControls.test.tsx: OverrideControls audit every laser override button requests its exact realtime byte [Exact arguments to mocked sendRealtimeOverride asserted for every button in laser and CNC mode; no transport write or physical override response is established.]","Exact arguments to mocked sendRealtimeOverride asserted for every button in laser and CNC mode; no transport write or physical override response is established."
"src/ui/laser/OverrideControls.tsx:80:9","laser","src/ui/laser/OverrideControls.tsx:80","50","verified-boundary","Request the exact realtime byte for all 13 feed, spindle/power and rapid override buttons.","{""disabledWhen"":null,""enclosingConditions"":[],""scope"":""Current UI component; controller-specific runtime checks remain in the action/store.""}","src/ui/laser/OverrideControls.test.tsx: OverrideControls audit every cnc override button requests its exact realtime byte [Exact arguments to mocked sendRealtimeOverride asserted for every button in laser and CNC mode; no transport write or physical override response is established.]
src/ui/laser/OverrideControls.test.tsx: OverrideControls audit every laser override button requests its exact realtime byte [Exact arguments to mocked sendRealtimeOverride asserted for every button in laser and CNC mode; no transport write or physical override response is established.]","Exact arguments to mocked sendRealtimeOverride asserted for every button in laser and CNC mode; no transport write or physical override response is established."
"src/ui/laser/OverrideControls.tsx:88:9","laser","src/ui/laser/OverrideControls.tsx:88","100","verified-boundary","Request the exact realtime byte for all 13 feed, spindle/power and rapid override buttons.","{""disabledWhen"":null,""enclosingConditions"":[],""scope"":""Current UI component; controller-specific runtime checks remain in the action/store.""}","src/ui/laser/OverrideControls.test.tsx: OverrideControls audit every cnc override button requests its exact realtime byte [Exact arguments to mocked sendRealtimeOverride asserted for every button in laser and CNC mode; no transport write or physical override response is established.]
src/ui/laser/OverrideControls.test.tsx: OverrideControls audit every laser override button requests its exact realtime byte [Exact arguments to mocked sendRealtimeOverride asserted for every button in laser and CNC mode; no transport write or physical override response is established.]","Exact arguments to mocked sendRealtimeOverride asserted for every button in laser and CNC mode; no transport write or physical override response is established."
"src/ui/laser/OverrideControls.tsx:147:9","laser","src/ui/laser/OverrideControls.tsx:147","{step.text}","verified-boundary","Request the exact realtime byte for all 13 feed, spindle/power and rapid override buttons.","{""disabledWhen"":null,""enclosingConditions"":[],""scope"":""Current UI component; controller-specific runtime checks remain in the action/store.""}","src/ui/laser/OverrideControls.test.tsx: OverrideControls audit every cnc override button requests its exact realtime byte [Exact arguments to mocked sendRealtimeOverride asserted for every button in laser and CNC mode; no transport write or physical override response is established.]
src/ui/laser/OverrideControls.test.tsx: OverrideControls audit every laser override button requests its exact realtime byte [Exact arguments to mocked sendRealtimeOverride asserted for every button in laser and CNC mode; no transport write or physical override response is established.]","Exact arguments to mocked sendRealtimeOverride asserted for every button in laser and CNC mode; no transport write or physical override response is established."
"src/ui/laser/PlannerAdvanced.tsx:31:7","laser","src/ui/laser/PlannerAdvanced.tsx:31","Advanced: estimator tuning","verified-behaviour","Expand and collapse this named section; preserve the surrounding project and setup state.","{""disabledWhen"":null,""enclosingConditions"":[],""scope"":""Current UI component; controller-specific runtime checks remain in the action/store.""}","src/ui/laser/MachineProfileControls.audit.test.tsx: Machine profile control audit advanced estimator disclosure opens and closes without mutating estimate settings [Rendered interaction asserts the real component UI state. The case does not establish any downstream machine or external service effect.]","Rendered interaction asserts the real component UI state. The case does not establish any downstream machine or external service effect."
"src/ui/laser/PrintAndCutDialog.tsx:60:9","laser","src/ui/laser/PrintAndCutDialog.tsx:60","Disable","verified-boundary","Capture each corresponding target, apply a valid pair, disable registration or cancel independently.","{""disabledWhen"":null,""enclosingConditions"":[],""scope"":""Current UI component; controller-specific runtime checks remain in the action/store.""}","src/ui/laser/MachineDialogControls.audit.test.tsx: Machine dialog control audit Print and Cut captures each target, applies the reviewed pair, disables and cancels independently [Rendered control and callback arguments verified at the named component boundary; downstream effects are not established by this case. No physical controller or material run.]","Rendered control and callback arguments verified at the named component boundary; downstream effects are not established by this case. No physical controller or material run."
"src/ui/laser/PrintAndCutDialog.tsx:61:9","laser","src/ui/laser/PrintAndCutDialog.tsx:61","Cancel","verified-boundary","Capture each corresponding target, apply a valid pair, disable registration or cancel independently.","{""disabledWhen"":null,""enclosingConditions"":[],""scope"":""Current UI component; controller-specific runtime checks remain in the action/store.""}","src/ui/laser/MachineDialogControls.audit.test.tsx: Machine dialog control audit Print and Cut captures each target, applies the reviewed pair, disables and cancels independently [Rendered control and callback arguments verified at the named component boundary; downstream effects are not established by this case. No physical controller or material run.]","Rendered control and callback arguments verified at the named component boundary; downstream effects are not established by this case. No physical controller or material run."
"src/ui/laser/PrintAndCutDialog.tsx:62:9","laser","src/ui/laser/PrintAndCutDialog.tsx:62","Apply registration","verified-boundary","Capture each corresponding target, apply a valid pair, disable registration or cancel independently.","{""disabledWhen"":""invalidReason !== null"",""enclosingConditions"":[],""scope"":""Current UI component; controller-specific runtime checks remain in the action/store.""}","src/ui/laser/MachineDialogControls.audit.test.tsx: Machine dialog control audit Print and Cut captures each target, applies the reviewed pair, disables and cancels independently [Rendered control and callback arguments verified at the named component boundary; downstream effects are not established by this case. No physical controller or material run.]","Rendered control and callback arguments verified at the named component boundary; downstream effects are not established by this case. No physical controller or material run."
"src/ui/laser/PrintAndCutDialog.tsx:118:9","laser","src/ui/laser/PrintAndCutDialog.tsx:118","Capture head","verified-boundary","Capture each corresponding target, apply a valid pair, disable registration or cancel independently.","{""disabledWhen"":""!props.captureEnabled"",""enclosingConditions"":[],""scope"":""Current UI component; controller-specific runtime checks remain in the action/store.""}","src/ui/laser/MachineDialogControls.audit.test.tsx: Machine dialog control audit Print and Cut captures each target, applies the reviewed pair, disables and cancels independently [Rendered control and callback arguments verified at the named component boundary; downstream effects are not established by this case. No physical controller or material run.]","Rendered control and callback arguments verified at the named component boundary; downstream effects are not established by this case. No physical controller or material run."
"src/ui/laser/ProbeControls.tsx:130:7","laser","src/ui/laser/ProbeControls.tsx:130","{probeButtonLabel(probeBusy)}","verified-boundary","Send typed XYZ probe request with measured corner geometry.","{""disabledWhen"":""!readiness.ready"",""enclosingConditions"":[],""scope"":""Current UI component; controller-specific runtime checks remain in the action/store.""}","src/ui/laser/ProbeControls.corner-geometry.test.tsx: ProbeControls corner geometry shows the measured geometry and sends it in the typed corner request [Store action spy; physical touch-plate operation not attempted.]","Store action spy; physical touch-plate operation not attempted."
"src/ui/laser/ProbePanel.tsx:18:9","laser","src/ui/laser/ProbePanel.tsx:18","Probe (touch plate)","verified-behaviour","Expand and collapse this named section; preserve the surrounding project and setup state.","{""disabledWhen"":null,""enclosingConditions"":[],""scope"":""Current UI component; controller-specific runtime checks remain in the action/store.""}","src/ui/laser/MachineUtilityControls.audit.test.tsx: Machine utility control audit probe disclosure opens and closes without changing the project [Rendered interaction asserts the real component UI state. The case does not establish any downstream machine or external service effect.]","Rendered interaction asserts the real component UI state. The case does not establish any downstream machine or external service effect."
"src/ui/laser/ProbePanel.tsx:24:9","laser","src/ui/laser/ProbePanel.tsx:24","TutorialButton","verified-boundary","Open the cnc-probe tutorial without editing the project.","{""disabledWhen"":null,""enclosingConditions"":[],""scope"":""Current UI component; controller-specific runtime checks remain in the action/store.""}","src/ui/tutorials/TutorialControls.audit.test.tsx: individual tutorial control outcomes 'cnc-probe' card and contextual button open the named lesson without editing the project [Shared real TutorialButton and TutorialHost binding exercised for this exact lesson; enclosing machine call site is source-traced, not individually clicked.]","Shared real TutorialButton and TutorialHost binding exercised for this exact lesson; enclosing machine call site is source-traced, not individually clicked."
"src/ui/laser/ProbePlateRemovalNotice.tsx:15:7","laser","src/ui/laser/ProbePlateRemovalNotice.tsx:15","Dismiss reminder","verified-behaviour","Dismiss the persistent plate-removal reminder only on explicit acknowledgement.","{""disabledWhen"":null,""enclosingConditions"":[],""scope"":""Current UI component; controller-specific runtime checks remain in the action/store.""}","src/ui/laser/ProbePlateRemovalNotice.test.tsx: ProbePlateRemovalNotice keeps a visible reminder until the operator dismisses it [Rendered clicks assert real local project/UI-store mutations or saved local data. No controller, hardware, or material qualification.]","Rendered clicks assert real local project/UI-store mutations or saved local data. No controller, hardware, or material qualification."
"src/ui/laser/RotarySetupDialog.tsx:48:11","laser","src/ui/laser/RotarySetupDialog.tsx:48","Roller","verified-behaviour","Edit rotary type, enablement and direction; Apply returns the draft and Cancel does not apply it.","{""disabledWhen"":null,""enclosingConditions"":[],""scope"":""Current UI component; controller-specific runtime checks remain in the action/store.""}","src/ui/laser/MachineDialogControls.audit.test.tsx: Machine dialog control audit rotary type and reverse toggles are saved only by Apply and Cancel does not apply a draft [Real local rotary type/toggle state is asserted; applying it to the parent project and generating output remain mocked callback boundaries.]","Real local rotary type/toggle state is asserted; applying it to the parent project and generating output remain mocked callback boundaries."
"src/ui/laser/RotarySetupDialog.tsx:51:11","laser","src/ui/laser/RotarySetupDialog.tsx:51","Chuck","verified-behaviour","Edit rotary type, enablement and direction; Apply returns the draft and Cancel does not apply it.","{""disabledWhen"":null,""enclosingConditions"":[],""scope"":""Current UI component; controller-specific runtime checks remain in the action/store.""}","src/ui/laser/MachineDialogControls.audit.test.tsx: Machine dialog control audit rotary type and reverse toggles are saved only by Apply and Cancel does not apply a draft [Real local rotary type/toggle state is asserted; applying it to the parent project and generating output remain mocked callback boundaries.]","Real local rotary type/toggle state is asserted; applying it to the parent project and generating output remain mocked callback boundaries."
"src/ui/laser/RotarySetupDialog.tsx:111:7","laser","src/ui/laser/RotarySetupDialog.tsx:111","props.label","verified-behaviour","Edit rotary type, enablement and direction; Apply returns the draft and Cancel does not apply it.","{""disabledWhen"":null,""enclosingConditions"":[],""scope"":""Current UI component; controller-specific runtime checks remain in the action/store.""}","src/ui/laser/MachineDialogControls.audit.test.tsx: Machine dialog control audit rotary type and reverse toggles are saved only by Apply and Cancel does not apply a draft [Real local rotary type/toggle state is asserted; applying it to the parent project and generating output remain mocked callback boundaries.]","Real local rotary type/toggle state is asserted; applying it to the parent project and generating output remain mocked callback boundaries."
"src/ui/laser/RotarySetupDialog.tsx:146:7","laser","src/ui/laser/RotarySetupDialog.tsx:146","Cancel","verified-boundary","Edit rotary type, enablement and direction; Apply returns the draft and Cancel does not apply it.","{""disabledWhen"":null,""enclosingConditions"":[],""scope"":""Current UI component; controller-specific runtime checks remain in the action/store.""}","src/ui/laser/MachineDialogControls.audit.test.tsx: Machine dialog control audit rotary type and reverse toggles are saved only by Apply and Cancel does not apply a draft [Rendered control and callback arguments verified at the named component boundary; downstream effects are not established by this case. No physical controller or material run.]","Rendered control and callback arguments verified at the named component boundary; downstream effects are not established by this case. No physical controller or material run."
"src/ui/laser/RotarySetupDialog.tsx:147:7","laser","src/ui/laser/RotarySetupDialog.tsx:147","Generate test pattern","verified-boundary","Generate a calibration pattern only for enabled valid rotary configuration.","{""disabledWhen"":""!props.valid || !props.draft.enabled"",""enclosingConditions"":[],""scope"":""Current UI component; controller-specific runtime checks remain in the action/store.""}","src/ui/laser/RotarySetupDialog.test.tsx: RotarySetupDialog requires rotary enablement before generating a test pattern [Rendered control and callback arguments verified at the named component boundary; downstream effects are not established by this case. No physical controller or material run.]","Rendered control and callback arguments verified at the named component boundary; downstream effects are not established by this case. No physical controller or material run."
"src/ui/laser/RotarySetupDialog.tsx:153:7","laser","src/ui/laser/RotarySetupDialog.tsx:153","Apply","verified-boundary","Edit rotary type, enablement and direction; Apply returns the draft and Cancel does not apply it.","{""disabledWhen"":""!props.valid"",""enclosingConditions"":[],""scope"":""Current UI component; controller-specific runtime checks remain in the action/store.""}","src/ui/laser/MachineDialogControls.audit.test.tsx: Machine dialog control audit rotary type and reverse toggles are saved only by Apply and Cancel does not apply a draft [Rendered control and callback arguments verified at the named component boundary; downstream effects are not established by this case. No physical controller or material run.]","Rendered control and callback arguments verified at the named component boundary; downstream effects are not established by this case. No physical controller or material run."
"src/ui/laser/RotarySetupDialog.tsx:166:5","laser","src/ui/laser/RotarySetupDialog.tsx:166","{props.children}","verified-behaviour","Edit rotary type, enablement and direction; Apply returns the draft and Cancel does not apply it.","{""disabledWhen"":null,""enclosingConditions"":[],""scope"":""Current UI component; controller-specific runtime checks remain in the action/store.""}","src/ui/laser/MachineDialogControls.audit.test.tsx: Machine dialog control audit rotary type and reverse toggles are saved only by Apply and Cancel does not apply a draft [Real local rotary type/toggle state is asserted; applying it to the parent project and generating output remain mocked callback boundaries.]","Real local rotary type/toggle state is asserted; applying it to the parent project and generating output remain mocked callback boundaries."
"src/ui/laser/RunAgainControl.tsx:64:5","laser","src/ui/laser/RunAgainControl.tsx:64","{starting ? 'Checking completed job…' : 'Run same job again from start'}","verified-boundary","Delegate the immutable completed-job receipt once; reject stale artwork or placement offers.","{""disabledWhen"":""props.disabled || props.busy || starting"",""enclosingConditions"":[],""scope"":""Current UI component; controller-specific runtime checks remain in the action/store.""}","src/ui/laser/RunAgainControl.test.tsx: RunAgainControl offers exact completed-job replay and delegates the immutable receipt once [Rendered control and callback arguments verified at the named component boundary; downstream effects are not established by this case. No physical controller or material run.]","Rendered control and callback arguments verified at the named component boundary; downstream effects are not established by this case. No physical controller or material run."
"src/ui/laser/SafetyNoticeBanner.tsx:53:11","laser","src/ui/laser/SafetyNoticeBanner.tsx:53","{connection.kind === 'connecting' ? 'Reconnecting…' : 'Reconnect controller…'}","verified-boundary","Reconnect disconnected transport via the dedicated callback.","{""disabledWhen"":""props.reconnectDisabled || connection.kind === 'connecting'"",""enclosingConditions"":[""reconnectRecommended && props.onReconnect !== undefined""],""scope"":""Current UI component; controller-specific runtime checks remain in the action/store.""}","src/ui/laser/SafetyNoticeBanner.test.tsx: SafetyNoticeBanner offers reconnect, never Ctrl-X recovery, when the USB transport is gone [Rendered control and callback arguments verified at the named component boundary; downstream effects are not established by this case. No physical controller or material run.]","Rendered control and callback arguments verified at the named component boundary; downstream effects are not established by this case. No physical controller or material run."
"src/ui/laser/SafetyNoticeBanner.tsx:64:11","laser","src/ui/laser/SafetyNoticeBanner.tsx:64","Reset controller (does not resume job)","verified-boundary","Offer controller reset only for a connected sleeping controller.","{""disabledWhen"":""controllerOperation !== null"",""enclosingConditions"":[""resetAvailable""],""scope"":""Current UI component; controller-specific runtime checks remain in the action/store.""}","src/ui/laser/SafetyNoticeBanner.test.tsx: SafetyNoticeBanner labels Ctrl-X explicitly and only offers it to a connected sleeping controller [Rendered control and callback arguments verified at the named component boundary; downstream effects are not established by this case. No physical controller or material run.]","Rendered control and callback arguments verified at the named component boundary; downstream effects are not established by this case. No physical controller or material run."
"src/ui/laser/SafetyNoticeBanner.tsx:74:9","laser","src/ui/laser/SafetyNoticeBanner.tsx:74","I made the machine safe","verified-behaviour","Acknowledge safety notice without deleting recovery checkpoint.","{""disabledWhen"":null,""enclosingConditions"":[],""scope"":""Current UI component; controller-specific runtime checks remain in the action/store.""}","src/ui/laser/SafetyNoticeBanner.test.tsx: SafetyNoticeBanner acknowledges the safety warning without clearing the job checkpoint [Rendered clicks assert real local project/UI-store mutations or saved local data. No controller, hardware, or material qualification.]","Rendered clicks assert real local project/UI-store mutations or saved local data. No controller, hardware, or material qualification."
"src/ui/laser/SafetyZonesPanel.tsx:17:7","laser","src/ui/laser/SafetyZonesPanel.tsx:17","Add zone","verified-behaviour","Add, disable and remove exactly the chosen zone from the active device profile.","{""disabledWhen"":null,""enclosingConditions"":[],""scope"":""Current UI component; controller-specific runtime checks remain in the action/store.""}","src/ui/laser/MachineProfileControls.audit.test.tsx: Machine profile control audit legacy safety zones add, disable and remove the selected persisted zone [Rendered clicks assert real local project/UI-store mutations or saved local data. No controller, hardware, or material qualification.]","Rendered clicks assert real local project/UI-store mutations or saved local data. No controller, hardware, or material qualification."
"src/ui/laser/SafetyZonesPanel.tsx:59:9","laser","src/ui/laser/SafetyZonesPanel.tsx:59","Enable or disable this no-go zone.","verified-behaviour","Add, disable and remove exactly the chosen zone from the active device profile.","{""disabledWhen"":null,""enclosingConditions"":[],""scope"":""Current UI component; controller-specific runtime checks remain in the action/store.""}","src/ui/laser/MachineProfileControls.audit.test.tsx: Machine profile control audit legacy safety zones add, disable and remove the selected persisted zone [Rendered clicks assert real local project/UI-store mutations or saved local data. No controller, hardware, or material qualification.]","Rendered clicks assert real local project/UI-store mutations or saved local data. No controller, hardware, or material qualification."
"src/ui/laser/SafetyZonesPanel.tsx:98:7","laser","src/ui/laser/SafetyZonesPanel.tsx:98","Delete","verified-behaviour","Add, disable and remove exactly the chosen zone from the active device profile.","{""disabledWhen"":null,""enclosingConditions"":[],""scope"":""Current UI component; controller-specific runtime checks remain in the action/store.""}","src/ui/laser/MachineProfileControls.audit.test.tsx: Machine profile control audit legacy safety zones add, disable and remove the selected persisted zone [Rendered clicks assert real local project/UI-store mutations or saved local data. No controller, hardware, or material qualification.]","Rendered clicks assert real local project/UI-store mutations or saved local data. No controller, hardware, or material qualification."
"src/ui/laser/ScanOffsetEditor.tsx:39:9","laser","src/ui/laser/ScanOffsetEditor.tsx:39","Add offset","verified-behaviour","Add, edit and remove scan-offset points in the active device profile.","{""disabledWhen"":null,""enclosingConditions"":[],""scope"":""Current UI component; controller-specific runtime checks remain in the action/store.""}","src/ui/laser/DeviceSettings.test.tsx: DeviceSettings scan offsets lets the operator edit calibrated scan-offset points on the device profile [Rendered clicks assert real local project/UI-store mutations or saved local data. No controller, hardware, or material qualification.]","Rendered clicks assert real local project/UI-store mutations or saved local data. No controller, hardware, or material qualification."
"src/ui/laser/ScanOffsetEditor.tsx:96:7","laser","src/ui/laser/ScanOffsetEditor.tsx:96","`Remove scan offset ${rowNumber}`","verified-behaviour","Add, edit and remove scan-offset points in the active device profile.","{""disabledWhen"":null,""enclosingConditions"":[],""scope"":""Current UI component; controller-specific runtime checks remain in the action/store.""}","src/ui/laser/DeviceSettings.test.tsx: DeviceSettings scan offsets lets the operator edit calibrated scan-offset points on the device profile [Rendered clicks assert real local project/UI-store mutations or saved local data. No controller, hardware, or material qualification.]","Rendered clicks assert real local project/UI-store mutations or saved local data. No controller, hardware, or material qualification."
"src/ui/laser/StartFromLineControl.tsx:20:9","laser","src/ui/laser/StartFromLineControl.tsx:20","CNC interruption recovery","verified-behaviour","Expand and collapse this named section; preserve the surrounding project and setup state.","{""disabledWhen"":null,""enclosingConditions"":[],""scope"":""Current UI component; controller-specific runtime checks remain in the action/store.""}","src/ui/laser/MachineUtilityControls.audit.test.tsx: Machine utility control audit CNC recovery guidance disclosure opens and closes without changing the project [Rendered interaction asserts the real component UI state. The case does not establish any downstream machine or external service effect.]","Rendered interaction asserts the real component UI state. The case does not establish any downstream machine or external service effect."
"src/ui/laser/StartFromLineControl.tsx:37:7","laser","src/ui/laser/StartFromLineControl.tsx:37","Start from line…","verified-behaviour","Expand and collapse this named section; preserve the surrounding project and setup state.","{""disabledWhen"":null,""enclosingConditions"":[],""scope"":""Current UI component; controller-specific runtime checks remain in the action/store.""}","src/ui/laser/MachineUtilityControls.audit.test.tsx: Machine utility control audit laser recovery disclosure opens and closes without changing the project [Rendered interaction asserts the real component UI state. The case does not establish any downstream machine or external service effect.]","Rendered interaction asserts the real component UI state. The case does not establish any downstream machine or external service effect."
"src/ui/laser/StartFromLineControl.tsx:58:9","laser","src/ui/laser/StartFromLineControl.tsx:58","Resume from line","verified-boundary","Request the exact selected manual-recovery line; active-job state is inert, and CNC has no resume button.","{""disabledWhen"":""blocked"",""enclosingConditions"":[],""scope"":""Current UI component; controller-specific runtime checks remain in the action/store.""}","src/ui/laser/MachineUtilityControls.audit.test.tsx: Machine utility control audit laser Resume from line sends the selected line, stays inert while busy, and is absent for CNC [Rendered control to mocked recovery-flow function. No new ordinary Start gate or actual streamed restart.]","Rendered control to mocked recovery-flow function. No new ordinary Start gate or actual streamed restart."
"src/ui/laser/WorkZRecoveryControl.tsx:64:7","laser","src/ui/laser/WorkZRecoveryControl.tsx:64","Advanced: Reuse existing controller setup","verified-behaviour","Expand and collapse this named section; preserve the surrounding project and setup state.","{""disabledWhen"":null,""enclosingConditions"":[],""scope"":""Current UI component; controller-specific runtime checks remain in the action/store.""}","src/ui/laser/WorkZRecoveryControl.test.tsx: WorkZRecoveryControl audit setup-reuse disclosure toggles without requesting controller recovery [Rendered interaction asserts the real component UI state. The case does not establish any downstream machine or external service effect.]","Rendered interaction asserts the real component UI state. The case does not establish any downstream machine or external service effect."
"src/ui/laser/WorkZRecoveryControl.tsx:75:9","laser","src/ui/laser/WorkZRecoveryControl.tsx:75","Use existing controller Z zero","verified-boundary","Confirm reuse and request controller Work-Z recovery with the active bit and stock-top attestation.","{""disabledWhen"":""controllerOperation !== null"",""enclosingConditions"":[],""scope"":""Current UI component; controller-specific runtime checks remain in the action/store.""}","src/ui/laser/WorkZRecoveryControl.test.tsx: WorkZRecoveryControl puts the renamed action in a collapsed advanced setup-reuse disclosure [Rendered confirmation and exact mocked recoverWorkZFromController arguments; no physical Z-zero verification.]","Rendered confirmation and exact mocked recoverWorkZFromController arguments; no physical Z-zero verification."
"src/ui/laser/board-capture/BoardAnchorOverlay.tsx:58:13","laser","src/ui/laser/board-capture/BoardAnchorOverlay.tsx:58","BoardAnchorButton","verified-boundary","Select typed circle center/rim target; disabled targets do not dispatch.","{""disabledWhen"":""props.disabled"",""enclosingConditions"":[""not view === null""],""scope"":""Current UI component; controller-specific runtime checks remain in the action/store.""}","src/ui/laser/board-capture/BoardAnchorOverlay.test.tsx: BoardAnchorOverlay renders clickable rectangle corners that carry typed targets [Rendered control and callback arguments verified at the named component boundary; downstream effects are not established by this case. No physical controller or material run.]
src/ui/laser/board-capture/BoardAnchorOverlay.test.tsx: BoardAnchorOverlay renders circle center and four rim targets and honors disabled state [Rendered control and callback arguments verified at the named component boundary; downstream effects are not established by this case. No physical controller or material run.]","Rendered control and callback arguments verified at the named component boundary; downstream effects are not established by this case. No physical controller or material run."
"src/ui/laser/board-capture/BoardAnchorOverlay.tsx:80:5","laser","src/ui/laser/board-capture/BoardAnchorOverlay.tsx:80","props.handle.label","verified-boundary","Select typed circle center/rim target; disabled targets do not dispatch.","{""disabledWhen"":""props.disabled"",""enclosingConditions"":[],""scope"":""Current UI component; controller-specific runtime checks remain in the action/store.""}","src/ui/laser/board-capture/BoardAnchorOverlay.test.tsx: BoardAnchorOverlay renders clickable rectangle corners that carry typed targets [Rendered control and callback arguments verified at the named component boundary; downstream effects are not established by this case. No physical controller or material run.]
src/ui/laser/board-capture/BoardAnchorOverlay.test.tsx: BoardAnchorOverlay renders circle center and four rim targets and honors disabled state [Rendered control and callback arguments verified at the named component boundary; downstream effects are not established by this case. No physical controller or material run.]","Rendered control and callback arguments verified at the named component boundary; downstream effects are not established by this case. No physical controller or material run."
"src/ui/laser/board-capture/BoardArrayForm.tsx:38:9","laser","src/ui/laser/board-capture/BoardArrayForm.tsx:38","Fill the board with as many copies as fit, instead of a fixed rows × cols","verified-boundary","Dispatch fill or explicit grid layout with gap values; unavailable Array is inert.","{""disabledWhen"":null,""enclosingConditions"":[],""scope"":""Current UI component; controller-specific runtime checks remain in the action/store.""}","src/ui/laser/board-capture/BoardControls.audit.test.tsx: Board control audit array toggles between fill and explicit grid and refuses clicks while unavailable [Rendered control and callback arguments verified at the named component boundary; downstream effects are not established by this case. No physical controller or material run.]","Rendered control and callback arguments verified at the named component boundary; downstream effects are not established by this case. No physical controller or material run."
"src/ui/laser/board-capture/BoardArrayForm.tsx:79:7","laser","src/ui/laser/board-capture/BoardArrayForm.tsx:79","Array on board","verified-boundary","Dispatch fill or explicit grid layout with gap values; unavailable Array is inert.","{""disabledWhen"":""disabled"",""enclosingConditions"":[],""scope"":""Current UI component; controller-specific runtime checks remain in the action/store.""}","src/ui/laser/board-capture/BoardControls.audit.test.tsx: Board control audit array toggles between fill and explicit grid and refuses clicks while unavailable [Rendered control and callback arguments verified at the named component boundary; downstream effects are not established by this case. No physical controller or material run.]","Rendered control and callback arguments verified at the named component boundary; downstream effects are not established by this case. No physical controller or material run."
"src/ui/laser/board-capture/BoardCapturePanel.tsx:219:7","laser","src/ui/laser/board-capture/BoardCapturePanel.tsx:219","Place board","verified-boundary","Open the board tutorial without editing the project.","{""disabledWhen"":null,""enclosingConditions"":[],""scope"":""Current UI component; controller-specific runtime checks remain in the action/store.""}","src/ui/tutorials/TutorialControls.audit.test.tsx: individual tutorial control outcomes 'board' card and contextual button open the named lesson without editing the project [Shared real TutorialButton and TutorialHost binding exercised for this exact lesson; enclosing machine call site is source-traced, not individually clicked.]","Shared real TutorialButton and TutorialHost binding exercised for this exact lesson; enclosing machine call site is source-traced, not individually clicked."
"src/ui/laser/board-capture/BoardCapturePanel.tsx:220:7","laser","src/ui/laser/board-capture/BoardCapturePanel.tsx:220","Close board capture panel","verified-boundary","Close the idle board-capture panel without changing artwork.","{""disabledWhen"":""props.disabled"",""enclosingConditions"":[],""scope"":""Current UI component; controller-specific runtime checks remain in the action/store.""}","src/ui/laser/MachineBoundaryControls.audit.test.tsx: Machine boundary control audit board panel Close clears only its visibility when no motion is active [Rendered control and callback arguments verified at the named component boundary; downstream effects are not established by this case. No physical controller or material run.]","Rendered control and callback arguments verified at the named component boundary; downstream effects are not established by this case. No physical controller or material run."
"src/ui/laser/board-capture/BoardCaptureSteps.tsx:45:9","laser","src/ui/laser/board-capture/BoardCaptureSteps.tsx:45","Capture corner","verified-boundary","Capture, undo or reset through distinct callbacks; session operation disables changes.","{""disabledWhen"":""props.disabled || props.livePosition === null || allCaptured"",""enclosingConditions"":[],""scope"":""Current UI component; controller-specific runtime checks remain in the action/store.""}","src/ui/laser/board-capture/BoardControls.audit.test.tsx: Board control audit rectangle capture Undo and Start over use their distinct callbacks and lock during a session operation [Rendered control and callback arguments verified at the named component boundary; downstream effects are not established by this case. No physical controller or material run.]","Rendered control and callback arguments verified at the named component boundary; downstream effects are not established by this case. No physical controller or material run."
"src/ui/laser/board-capture/BoardCaptureSteps.tsx:57:9","laser","src/ui/laser/board-capture/BoardCaptureSteps.tsx:57","Undo last","verified-boundary","Capture, undo or reset through distinct callbacks; session operation disables changes.","{""disabledWhen"":""props.sessionDisabled || count === 0"",""enclosingConditions"":[],""scope"":""Current UI component; controller-specific runtime checks remain in the action/store.""}","src/ui/laser/board-capture/BoardControls.audit.test.tsx: Board control audit rectangle capture Undo and Start over use their distinct callbacks and lock during a session operation [Rendered control and callback arguments verified at the named component boundary; downstream effects are not established by this case. No physical controller or material run.]","Rendered control and callback arguments verified at the named component boundary; downstream effects are not established by this case. No physical controller or material run."
"src/ui/laser/board-capture/BoardCaptureSteps.tsx:65:11","laser","src/ui/laser/board-capture/BoardCaptureSteps.tsx:65","Start over","verified-boundary","Capture, undo or reset through distinct callbacks; session operation disables changes.","{""disabledWhen"":""props.sessionDisabled"",""enclosingConditions"":[""count > 0""],""scope"":""Current UI component; controller-specific runtime checks remain in the action/store.""}","src/ui/laser/board-capture/BoardControls.audit.test.tsx: Board control audit rectangle capture Undo and Start over use their distinct callbacks and lock during a session operation [Rendered control and callback arguments verified at the named component boundary; downstream effects are not established by this case. No physical controller or material run.]","Rendered control and callback arguments verified at the named component boundary; downstream effects are not established by this case. No physical controller or material run."
"src/ui/laser/board-capture/BoardCaptureSteps.tsx:133:7","laser","src/ui/laser/board-capture/BoardCaptureSteps.tsx:133","Create board outline","verified-boundary","Create measured rectangle geometry and set origin exactly once.","{""disabledWhen"":""tooSmall || props.disabled"",""enclosingConditions"":[],""scope"":""Current UI component; controller-specific runtime checks remain in the action/store.""}","src/ui/laser/board-capture/BoardCapturePanel.test.tsx: BoardCapturePanel captures four corners, sets the origin once, and creates the measured board [Real scene mutation with mocked setOriginHere; physical board dimensions unqualified.]","Real scene mutation with mocked setOriginHere; physical board dimensions unqualified."
"src/ui/laser/board-capture/BoardFineJogControls.tsx:78:13","laser","src/ui/laser/board-capture/BoardFineJogControls.tsx:78","`Set fine jog step to ${option} millimeters`","verified-behaviour","Set each 0.1/1/10 mm fine-jog preference without dispatching motion.","{""disabledWhen"":null,""enclosingConditions"":[],""scope"":""Current UI component; controller-specific runtime checks remain in the action/store.""}","src/ui/laser/board-capture/BoardControls.audit.test.tsx: Board control audit each fine step button persists its distinct distance without requesting motion [Rendered clicks assert real local project/UI-store mutations or saved local data. No controller, hardware, or material qualification.]","Rendered clicks assert real local project/UI-store mutations or saved local data. No controller, hardware, or material qualification."
"src/ui/laser/board-capture/BoardPlacementControls.tsx:35:11","laser","src/ui/laser/board-capture/BoardPlacementControls.tsx:35","{label}","verified-boundary","Align to each distinct anchor, fit or array via placement actions; recapture and removal remain distinct.","{""disabledWhen"":""!canAlign"",""enclosingConditions"":[],""scope"":""Current UI component; controller-specific runtime checks remain in the action/store.""}","src/ui/laser/board-capture/BoardControls.audit.test.tsx: Board control audit rectangle placement dispatches each distinct anchor, fit, array, recapture and removal [Rendered UI to mocked placement hook; no controller motion or geometry-output claim.]","Rendered UI to mocked placement hook; no controller motion or geometry-output claim."
"src/ui/laser/board-capture/BoardPlacementControls.tsx:54:9","laser","src/ui/laser/board-capture/BoardPlacementControls.tsx:54","Capture a new board","verified-boundary","Align to each distinct anchor, fit or array via placement actions; recapture and removal remain distinct.","{""disabledWhen"":""props.disabled || props.verification.activeTarget !== null"",""enclosingConditions"":[],""scope"":""Current UI component; controller-specific runtime checks remain in the action/store.""}","src/ui/laser/board-capture/BoardControls.audit.test.tsx: Board control audit rectangle placement dispatches each distinct anchor, fit, array, recapture and removal [Rendered UI to mocked placement hook; no controller motion or geometry-output claim.]","Rendered UI to mocked placement hook; no controller motion or geometry-output claim."
"src/ui/laser/board-capture/BoardPlacementControls.tsx:61:9","laser","src/ui/laser/board-capture/BoardPlacementControls.tsx:61","Remove board","verified-boundary","Align to each distinct anchor, fit or array via placement actions; recapture and removal remain distinct.","{""disabledWhen"":""props.disabled || props.verification.activeTarget !== null"",""enclosingConditions"":[],""scope"":""Current UI component; controller-specific runtime checks remain in the action/store.""}","src/ui/laser/board-capture/BoardControls.audit.test.tsx: Board control audit rectangle placement dispatches each distinct anchor, fit, array, recapture and removal [Rendered UI to mocked placement hook; no controller motion or geometry-output claim.]","Rendered UI to mocked placement hook; no controller motion or geometry-output claim."
"src/ui/laser/board-capture/BoardPlacementControls.tsx:90:9","laser","src/ui/laser/board-capture/BoardPlacementControls.tsx:90","Fit to board","verified-boundary","Align to each distinct anchor, fit or array via placement actions; recapture and removal remain distinct.","{""disabledWhen"":""!props.canFit"",""enclosingConditions"":[],""scope"":""Current UI component; controller-specific runtime checks remain in the action/store.""}","src/ui/laser/board-capture/BoardControls.audit.test.tsx: Board control audit rectangle placement dispatches each distinct anchor, fit, array, recapture and removal [Rendered UI to mocked placement hook; no controller motion or geometry-output claim.]","Rendered UI to mocked placement hook; no controller motion or geometry-output claim."
"src/ui/laser/board-capture/BoardShapeToggle.tsx:27:9","laser","src/ui/laser/board-capture/BoardShapeToggle.tsx:27","{label}","verified-boundary","Select Rectangle or Circle by typed shape, preserving operation lock.","{""disabledWhen"":""disabled"",""enclosingConditions"":[],""scope"":""Current UI component; controller-specific runtime checks remain in the action/store.""}","src/ui/laser/board-capture/BoardControls.audit.test.tsx: Board control audit shape choices send their typed shape and session-disabled clicks do nothing [Rendered control and callback arguments verified at the named component boundary; downstream effects are not established by this case. No physical controller or material run.]","Rendered control and callback arguments verified at the named component boundary; downstream effects are not established by this case. No physical controller or material run."
"src/ui/laser/board-capture/BoardVerificationControls.tsx:31:11","laser","src/ui/laser/board-capture/BoardVerificationControls.tsx:31","{shortTargetLabel(target)}","verified-boundary","Dispatch target, cancel, accept, adjustment and final correction actions at their corresponding review stages.","{""disabledWhen"":""checksDisabled"",""enclosingConditions"":[],""scope"":""Current UI component; controller-specific runtime checks remain in the action/store.""}","src/ui/laser/board-capture/BoardControls.audit.test.tsx: Board control audit verification target, accept, adjust, update and all cancel states dispatch exactly their handlers [Callback boundary tested for every action; stateful motion settling is in separately executed use-board-verification tests.]","Callback boundary tested for every action; stateful motion settling is in separately executed use-board-verification tests."
"src/ui/laser/board-capture/BoardVerificationControls.tsx:80:11","laser","src/ui/laser/board-capture/BoardVerificationControls.tsx:80","{props.controller.cancelling ? 'Stopping...' : 'Cancel check'}","verified-boundary","Dispatch target, cancel, accept, adjustment and final correction actions at their corresponding review stages.","{""disabledWhen"":""props.controller.cancelling"",""enclosingConditions"":[""props.controller.canCancelMove""],""scope"":""Current UI component; controller-specific runtime checks remain in the action/store.""}","src/ui/laser/board-capture/BoardControls.audit.test.tsx: Board control audit verification target, accept, adjust, update and all cancel states dispatch exactly their handlers [Callback boundary tested for every action; stateful motion settling is in separately executed use-board-verification tests.]","Callback boundary tested for every action; stateful motion settling is in separately executed use-board-verification tests."
"src/ui/laser/board-capture/BoardVerificationControls.tsx:102:11","laser","src/ui/laser/board-capture/BoardVerificationControls.tsx:102","{props.controller.saving ? 'Updating…' : 'Use current head position & update board'}","verified-boundary","Dispatch target, cancel, accept, adjustment and final correction actions at their corresponding review stages.","{""disabledWhen"":""props.disabled || props.controller.saving"",""enclosingConditions"":[],""scope"":""Current UI component; controller-specific runtime checks remain in the action/store.""}","src/ui/laser/board-capture/BoardControls.audit.test.tsx: Board control audit verification target, accept, adjust, update and all cancel states dispatch exactly their handlers [Callback boundary tested for every action; stateful motion settling is in separately executed use-board-verification tests.]","Callback boundary tested for every action; stateful motion settling is in separately executed use-board-verification tests."
"src/ui/laser/board-capture/BoardVerificationControls.tsx:109:11","laser","src/ui/laser/board-capture/BoardVerificationControls.tsx:109","Cancel","verified-boundary","Dispatch target, cancel, accept, adjustment and final correction actions at their corresponding review stages.","{""disabledWhen"":""props.controller.saving"",""enclosingConditions"":[],""scope"":""Current UI component; controller-specific runtime checks remain in the action/store.""}","src/ui/laser/board-capture/BoardControls.audit.test.tsx: Board control audit verification target, accept, adjust, update and all cancel states dispatch exactly their handlers [Callback boundary tested for every action; stateful motion settling is in separately executed use-board-verification tests.]","Callback boundary tested for every action; stateful motion settling is in separately executed use-board-verification tests."
"src/ui/laser/board-capture/BoardVerificationControls.tsx:124:9","laser","src/ui/laser/board-capture/BoardVerificationControls.tsx:124","Yes, correct","verified-boundary","Dispatch target, cancel, accept, adjustment and final correction actions at their corresponding review stages.","{""disabledWhen"":null,""enclosingConditions"":[],""scope"":""Current UI component; controller-specific runtime checks remain in the action/store.""}","src/ui/laser/board-capture/BoardControls.audit.test.tsx: Board control audit verification target, accept, adjust, update and all cancel states dispatch exactly their handlers [Callback boundary tested for every action; stateful motion settling is in separately executed use-board-verification tests.]","Callback boundary tested for every action; stateful motion settling is in separately executed use-board-verification tests."
"src/ui/laser/board-capture/BoardVerificationControls.tsx:127:9","laser","src/ui/laser/board-capture/BoardVerificationControls.tsx:127","No, adjust it","verified-boundary","Dispatch target, cancel, accept, adjustment and final correction actions at their corresponding review stages.","{""disabledWhen"":null,""enclosingConditions"":[],""scope"":""Current UI component; controller-specific runtime checks remain in the action/store.""}","src/ui/laser/board-capture/BoardControls.audit.test.tsx: Board control audit verification target, accept, adjust, update and all cancel states dispatch exactly their handlers [Callback boundary tested for every action; stateful motion settling is in separately executed use-board-verification tests.]","Callback boundary tested for every action; stateful motion settling is in separately executed use-board-verification tests."
"src/ui/laser/board-capture/BoardVerificationControls.tsx:128:9","laser","src/ui/laser/board-capture/BoardVerificationControls.tsx:128","Cancel","verified-boundary","Dispatch target, cancel, accept, adjustment and final correction actions at their corresponding review stages.","{""disabledWhen"":null,""enclosingConditions"":[],""scope"":""Current UI component; controller-specific runtime checks remain in the action/store.""}","src/ui/laser/board-capture/BoardControls.audit.test.tsx: Board control audit verification target, accept, adjust, update and all cancel states dispatch exactly their handlers [Callback boundary tested for every action; stateful motion settling is in separately executed use-board-verification tests.]","Callback boundary tested for every action; stateful motion settling is in separately executed use-board-verification tests."
"src/ui/laser/board-capture/CircleBoardPlacementControls.tsx:25:9","laser","src/ui/laser/board-capture/CircleBoardPlacementControls.tsx:25","Center","verified-boundary","Center artwork, recapture or remove a circle; active verification locks recapture and removal.","{""disabledWhen"":""!canAlign"",""enclosingConditions"":[],""scope"":""Current UI component; controller-specific runtime checks remain in the action/store.""}","src/ui/laser/board-capture/BoardControls.audit.test.tsx: Board control audit circle placement centers artwork, recaptures and removes only when the session is free [Rendered UI to mocked placement hook; removal in live scene is separately covered by BoardCapturePanel tests.]","Rendered UI to mocked placement hook; removal in live scene is separately covered by BoardCapturePanel tests."
"src/ui/laser/board-capture/CircleBoardPlacementControls.tsx:40:9","laser","src/ui/laser/board-capture/CircleBoardPlacementControls.tsx:40","Capture a new board","verified-boundary","Center artwork, recapture or remove a circle; active verification locks recapture and removal.","{""disabledWhen"":""props.disabled || props.verification.activeTarget !== null"",""enclosingConditions"":[],""scope"":""Current UI component; controller-specific runtime checks remain in the action/store.""}","src/ui/laser/board-capture/BoardControls.audit.test.tsx: Board control audit circle placement centers artwork, recaptures and removes only when the session is free [Rendered UI to mocked placement hook; removal in live scene is separately covered by BoardCapturePanel tests.]","Rendered UI to mocked placement hook; removal in live scene is separately covered by BoardCapturePanel tests."
"src/ui/laser/board-capture/CircleBoardPlacementControls.tsx:47:9","laser","src/ui/laser/board-capture/CircleBoardPlacementControls.tsx:47","Remove board","verified-boundary","Center artwork, recapture or remove a circle; active verification locks recapture and removal.","{""disabledWhen"":""props.disabled || props.verification.activeTarget !== null"",""enclosingConditions"":[],""scope"":""Current UI component; controller-specific runtime checks remain in the action/store.""}","src/ui/laser/board-capture/BoardControls.audit.test.tsx: Board control audit circle placement centers artwork, recaptures and removes only when the session is free [Rendered UI to mocked placement hook; removal in live scene is separately covered by BoardCapturePanel tests.]","Rendered UI to mocked placement hook; removal in live scene is separately covered by BoardCapturePanel tests."
"src/ui/laser/board-capture/CircleCaptureSteps.tsx:25:9","laser","src/ui/laser/board-capture/CircleCaptureSteps.tsx:25","Find center from rim","verified-boundary","Dispatch the method-specific capture, undo/reset and method-selection callbacks.","{""disabledWhen"":""props.sessionDisabled"",""enclosingConditions"":[],""scope"":""Current UI component; controller-specific runtime checks remain in the action/store.""}","src/ui/laser/board-capture/BoardControls.audit.test.tsx: Board control audit circle placement centers artwork, recaptures and removes only when the session is free [Rendered control and callback arguments verified at the named component boundary; downstream effects are not established by this case. No physical controller or material run.]
src/ui/laser/board-capture/BoardControls.audit.test.tsx: Board control audit circle rim-fit capture, undo, reset and method choices preserve their typed meaning [Rendered control and callback arguments verified at the named component boundary; downstream effects are not established by this case. No physical controller or material run.]
src/ui/laser/board-capture/BoardControls.audit.test.tsx: Board control audit circle marked-center capture, undo, reset and method choices preserve their typed meaning [Rendered control and callback arguments verified at the named component boundary; downstream effects are not established by this case. No physical controller or material run.]","Rendered control and callback arguments verified at the named component boundary; downstream effects are not established by this case. No physical controller or material run."
"src/ui/laser/board-capture/CircleCaptureSteps.tsx:33:9","laser","src/ui/laser/board-capture/CircleCaptureSteps.tsx:33","Center already marked","verified-boundary","Dispatch the method-specific capture, undo/reset and method-selection callbacks.","{""disabledWhen"":""props.sessionDisabled"",""enclosingConditions"":[],""scope"":""Current UI component; controller-specific runtime checks remain in the action/store.""}","src/ui/laser/board-capture/BoardControls.audit.test.tsx: Board control audit circle placement centers artwork, recaptures and removes only when the session is free [Rendered control and callback arguments verified at the named component boundary; downstream effects are not established by this case. No physical controller or material run.]
src/ui/laser/board-capture/BoardControls.audit.test.tsx: Board control audit circle rim-fit capture, undo, reset and method choices preserve their typed meaning [Rendered control and callback arguments verified at the named component boundary; downstream effects are not established by this case. No physical controller or material run.]
src/ui/laser/board-capture/BoardControls.audit.test.tsx: Board control audit circle marked-center capture, undo, reset and method choices preserve their typed meaning [Rendered control and callback arguments verified at the named component boundary; downstream effects are not established by this case. No physical controller or material run.]","Rendered control and callback arguments verified at the named component boundary; downstream effects are not established by this case. No physical controller or material run."
"src/ui/laser/board-capture/CircleCaptureSteps.tsx:60:9","laser","src/ui/laser/board-capture/CircleCaptureSteps.tsx:60","Capture rim point","verified-boundary","Dispatch the method-specific capture, undo/reset and method-selection callbacks.","{""disabledWhen"":""props.disabled || props.livePosition === null || complete"",""enclosingConditions"":[],""scope"":""Current UI component; controller-specific runtime checks remain in the action/store.""}","src/ui/laser/board-capture/BoardControls.audit.test.tsx: Board control audit circle placement centers artwork, recaptures and removes only when the session is free [Rendered control and callback arguments verified at the named component boundary; downstream effects are not established by this case. No physical controller or material run.]
src/ui/laser/board-capture/BoardControls.audit.test.tsx: Board control audit circle rim-fit capture, undo, reset and method choices preserve their typed meaning [Rendered control and callback arguments verified at the named component boundary; downstream effects are not established by this case. No physical controller or material run.]
src/ui/laser/board-capture/BoardControls.audit.test.tsx: Board control audit circle marked-center capture, undo, reset and method choices preserve their typed meaning [Rendered control and callback arguments verified at the named component boundary; downstream effects are not established by this case. No physical controller or material run.]","Rendered control and callback arguments verified at the named component boundary; downstream effects are not established by this case. No physical controller or material run."
"src/ui/laser/board-capture/CircleCaptureSteps.tsx:68:9","laser","src/ui/laser/board-capture/CircleCaptureSteps.tsx:68","Undo last","verified-boundary","Dispatch the method-specific capture, undo/reset and method-selection callbacks.","{""disabledWhen"":""props.sessionDisabled || count === 0"",""enclosingConditions"":[],""scope"":""Current UI component; controller-specific runtime checks remain in the action/store.""}","src/ui/laser/board-capture/BoardControls.audit.test.tsx: Board control audit circle placement centers artwork, recaptures and removes only when the session is free [Rendered control and callback arguments verified at the named component boundary; downstream effects are not established by this case. No physical controller or material run.]
src/ui/laser/board-capture/BoardControls.audit.test.tsx: Board control audit circle rim-fit capture, undo, reset and method choices preserve their typed meaning [Rendered control and callback arguments verified at the named component boundary; downstream effects are not established by this case. No physical controller or material run.]
src/ui/laser/board-capture/BoardControls.audit.test.tsx: Board control audit circle marked-center capture, undo, reset and method choices preserve their typed meaning [Rendered control and callback arguments verified at the named component boundary; downstream effects are not established by this case. No physical controller or material run.]","Rendered control and callback arguments verified at the named component boundary; downstream effects are not established by this case. No physical controller or material run."
"src/ui/laser/board-capture/CircleCaptureSteps.tsx:76:11","laser","src/ui/laser/board-capture/CircleCaptureSteps.tsx:76","Start over","verified-boundary","Dispatch the method-specific capture, undo/reset and method-selection callbacks.","{""disabledWhen"":""props.sessionDisabled"",""enclosingConditions"":[""count > 0""],""scope"":""Current UI component; controller-specific runtime checks remain in the action/store.""}","src/ui/laser/board-capture/BoardControls.audit.test.tsx: Board control audit circle placement centers artwork, recaptures and removes only when the session is free [Rendered control and callback arguments verified at the named component boundary; downstream effects are not established by this case. No physical controller or material run.]
src/ui/laser/board-capture/BoardControls.audit.test.tsx: Board control audit circle rim-fit capture, undo, reset and method choices preserve their typed meaning [Rendered control and callback arguments verified at the named component boundary; downstream effects are not established by this case. No physical controller or material run.]
src/ui/laser/board-capture/BoardControls.audit.test.tsx: Board control audit circle marked-center capture, undo, reset and method choices preserve their typed meaning [Rendered control and callback arguments verified at the named component boundary; downstream effects are not established by this case. No physical controller or material run.]","Rendered control and callback arguments verified at the named component boundary; downstream effects are not established by this case. No physical controller or material run."
"src/ui/laser/board-capture/CircleCaptureSteps.tsx:116:9","laser","src/ui/laser/board-capture/CircleCaptureSteps.tsx:116","{count === 0 ? 'Capture center' : 'Capture edge'}","verified-boundary","Dispatch the method-specific capture, undo/reset and method-selection callbacks.","{""disabledWhen"":""props.disabled || props.livePosition === null || count >= 2"",""enclosingConditions"":[],""scope"":""Current UI component; controller-specific runtime checks remain in the action/store.""}","src/ui/laser/board-capture/BoardControls.audit.test.tsx: Board control audit circle placement centers artwork, recaptures and removes only when the session is free [Rendered control and callback arguments verified at the named component boundary; downstream effects are not established by this case. No physical controller or material run.]
src/ui/laser/board-capture/BoardControls.audit.test.tsx: Board control audit circle rim-fit capture, undo, reset and method choices preserve their typed meaning [Rendered control and callback arguments verified at the named component boundary; downstream effects are not established by this case. No physical controller or material run.]
src/ui/laser/board-capture/BoardControls.audit.test.tsx: Board control audit circle marked-center capture, undo, reset and method choices preserve their typed meaning [Rendered control and callback arguments verified at the named component boundary; downstream effects are not established by this case. No physical controller or material run.]","Rendered control and callback arguments verified at the named component boundary; downstream effects are not established by this case. No physical controller or material run."
"src/ui/laser/board-capture/CircleCaptureSteps.tsx:124:9","laser","src/ui/laser/board-capture/CircleCaptureSteps.tsx:124","Undo last","verified-boundary","Dispatch the method-specific capture, undo/reset and method-selection callbacks.","{""disabledWhen"":""props.sessionDisabled || count === 0"",""enclosingConditions"":[],""scope"":""Current UI component; controller-specific runtime checks remain in the action/store.""}","src/ui/laser/board-capture/BoardControls.audit.test.tsx: Board control audit circle placement centers artwork, recaptures and removes only when the session is free [Rendered control and callback arguments verified at the named component boundary; downstream effects are not established by this case. No physical controller or material run.]
src/ui/laser/board-capture/BoardControls.audit.test.tsx: Board control audit circle rim-fit capture, undo, reset and method choices preserve their typed meaning [Rendered control and callback arguments verified at the named component boundary; downstream effects are not established by this case. No physical controller or material run.]
src/ui/laser/board-capture/BoardControls.audit.test.tsx: Board control audit circle marked-center capture, undo, reset and method choices preserve their typed meaning [Rendered control and callback arguments verified at the named component boundary; downstream effects are not established by this case. No physical controller or material run.]","Rendered control and callback arguments verified at the named component boundary; downstream effects are not established by this case. No physical controller or material run."
"src/ui/laser/board-capture/CircleCaptureSteps.tsx:132:11","laser","src/ui/laser/board-capture/CircleCaptureSteps.tsx:132","Start over","verified-boundary","Dispatch the method-specific capture, undo/reset and method-selection callbacks.","{""disabledWhen"":""props.sessionDisabled"",""enclosingConditions"":[""count > 0""],""scope"":""Current UI component; controller-specific runtime checks remain in the action/store.""}","src/ui/laser/board-capture/BoardControls.audit.test.tsx: Board control audit circle placement centers artwork, recaptures and removes only when the session is free [Rendered control and callback arguments verified at the named component boundary; downstream effects are not established by this case. No physical controller or material run.]
src/ui/laser/board-capture/BoardControls.audit.test.tsx: Board control audit circle rim-fit capture, undo, reset and method choices preserve their typed meaning [Rendered control and callback arguments verified at the named component boundary; downstream effects are not established by this case. No physical controller or material run.]
src/ui/laser/board-capture/BoardControls.audit.test.tsx: Board control audit circle marked-center capture, undo, reset and method choices preserve their typed meaning [Rendered control and callback arguments verified at the named component boundary; downstream effects are not established by this case. No physical controller or material run.]","Rendered control and callback arguments verified at the named component boundary; downstream effects are not established by this case. No physical controller or material run."
"src/ui/laser/board-capture/CircleCaptureSteps.tsx:201:7","laser","src/ui/laser/board-capture/CircleCaptureSteps.tsx:201","{saving ? 'Creating…' : 'Create board outline'}","verified-boundary","Create centered circular board from captured center and typed diameter.","{""disabledWhen"":""props.disabled || !canDraw || saving"",""enclosingConditions"":[],""scope"":""Current UI component; controller-specific runtime checks remain in the action/store.""}","src/ui/laser/board-capture/BoardCapturePanel.test.tsx: BoardCapturePanel captures a circle from the centre + typed diameter, centre-anchored [Rendered control and callback arguments verified at the named component boundary; downstream effects are not established by this case. No physical controller or material run.]","Rendered control and callback arguments verified at the named component boundary; downstream effects are not established by this case. No physical controller or material run."
"src/ui/laser/board-capture/CircleCenterConfirmation.tsx:179:7","laser","src/ui/laser/board-capture/CircleCenterConfirmation.tsx:179","Move to calculated center","verified-boundary","Fit a circle, move beam-off to computed center, then commit after explicit confirmation.","{""disabledWhen"":""confirmation.disabled || confirmation.fit.diameterMm < MIN_BOARD_DIMENSION_MM"",""enclosingConditions"":[],""scope"":""Current UI component; controller-specific runtime checks remain in the action/store.""}","src/ui/laser/board-capture/BoardCapturePanel.verification.test.tsx: BoardCapturePanel physical verification finds a circle center from four rim points before writing the origin [Mocked motion/origin actions and actual scene geometry; physical alignment unqualified.]","Mocked motion/origin actions and actual scene geometry; physical alignment unqualified."
"src/ui/laser/board-capture/CircleCenterConfirmation.tsx:197:7","laser","src/ui/laser/board-capture/CircleCenterConfirmation.tsx:197","{controller.saving ? 'Creating…' : 'Use current head position as center'}","verified-boundary","Fit a circle, move beam-off to computed center, then commit after explicit confirmation.","{""disabledWhen"":""confirmation.disabled || confirmation.livePosition === null || controller.saving || confirmation.fit.diameterMm < MIN_BOARD_DIMENSION_MM"",""enclosingConditions"":[],""scope"":""Current UI component; controller-specific runtime checks remain in the action/store.""}","src/ui/laser/board-capture/BoardCapturePanel.verification.test.tsx: BoardCapturePanel physical verification finds a circle center from four rim points before writing the origin [Mocked motion/origin actions and actual scene geometry; physical alignment unqualified.]","Mocked motion/origin actions and actual scene geometry; physical alignment unqualified."
"src/ui/laser/board-capture/CircleCenterConfirmation.tsx:225:9","laser","src/ui/laser/board-capture/CircleCenterConfirmation.tsx:225","{controller.cancelling ? 'Stopping...' : 'Cancel center move'}","verified-boundary","Cancel a supported center move and retain ownership until cancellation settles.","{""disabledWhen"":""controller.cancelling"",""enclosingConditions"":[""controller.canCancelMove""],""scope"":""Current UI component; controller-specific runtime checks remain in the action/store.""}","src/ui/laser/board-capture/BoardCapturePanel.motion-safety.test.tsx: BoardCapturePanel motion safety offers a causal center-move cancel when the controller supports it [Rendered control and callback arguments verified at the named component boundary; downstream effects are not established by this case. No physical controller or material run.]","Rendered control and callback arguments verified at the named component boundary; downstream effects are not established by this case. No physical controller or material run."
"src/ui/laser/board-capture/ManualSizeForm.tsx:48:7","laser","src/ui/laser/board-capture/ManualSizeForm.tsx:48","Draw board at this size","verified-boundary","Create a rectangle from first captured corner and validated entered dimensions.","{""disabledWhen"":""disabled || !valid"",""enclosingConditions"":[],""scope"":""Current UI component; controller-specific runtime checks remain in the action/store.""}","src/ui/laser/board-capture/BoardCapturePanel.test.tsx: BoardCapturePanel draws the board from the first corner + typed size (manual path) [Rendered control and callback arguments verified at the named component boundary; downstream effects are not established by this case. No physical controller or material run.]","Rendered control and callback arguments verified at the named component boundary; downstream effects are not established by this case. No physical controller or material run."
"src/ui/laser/console/ConsoleCommandDeck.tsx:49:15","laser","src/ui/laser/console/ConsoleCommandDeck.tsx:49","TutorialButton","verified-boundary","Open the macros tutorial without editing the project.","{""disabledWhen"":null,""enclosingConditions"":[],""scope"":""Current UI component; controller-specific runtime checks remain in the action/store.""}","src/ui/tutorials/TutorialControls.audit.test.tsx: individual tutorial control outcomes 'macros' card and contextual button open the named lesson without editing the project [Shared real TutorialButton and TutorialHost binding exercised for this exact lesson; enclosing machine call site is source-traced, not individually clicked.]","Shared real TutorialButton and TutorialHost binding exercised for this exact lesson; enclosing machine call site is source-traced, not individually clicked."
"src/ui/laser/console/ConsoleCommandDeck.tsx:94:11","laser","src/ui/laser/console/ConsoleCommandDeck.tsx:94","{quick.label}","verified-boundary","Send each supported quick command through the shared store action.","{""disabledWhen"":""props.isSending || disabledReason !== null"",""enclosingConditions"":[],""scope"":""Current UI component; controller-specific runtime checks remain in the action/store.""}","src/ui/laser/ConsolePanel.test.tsx: ConsolePanel sends quick commands through the laser store action [Rendered control and callback arguments verified at the named component boundary; downstream effects are not established by this case. No physical controller or material run.]","Rendered control and callback arguments verified at the named component boundary; downstream effects are not established by this case. No physical controller or material run."
"src/ui/laser/console/ConsoleCommandDeck.tsx:138:7","laser","src/ui/laser/console/ConsoleCommandDeck.tsx:138","{props.isSending ? 'Sending...' : 'Send'}","verified-boundary","Send the entered command and clear/history-record only successful sends.","{""disabledWhen"":""props.isSending || props.sendDisabledReason !== null"",""enclosingConditions"":[],""scope"":""Current UI component; controller-specific runtime checks remain in the action/store.""}","src/ui/laser/console/ConsoleCommandDeck.test.tsx: ConsoleCommandDeck clears and records only successful sends, with ArrowDown restoring the draft [Rendered control and callback arguments verified at the named component boundary; downstream effects are not established by this case. No physical controller or material run.]","Rendered control and callback arguments verified at the named component boundary; downstream effects are not established by this case. No physical controller or material run."
"src/ui/laser/console/user-macros/UserMacroPanel.tsx:15:7","laser","src/ui/laser/console/user-macros/UserMacroPanel.tsx:15","User macros ( {model.macros.length} )","verified-behaviour","Expand and collapse this named section; preserve the surrounding project and setup state.","{""disabledWhen"":null,""enclosingConditions"":[],""scope"":""Current UI component; controller-specific runtime checks remain in the action/store.""}","src/ui/laser/MachineBoundaryControls.audit.test.tsx: Machine boundary control audit macro Cancel discards the editor and native macro disclosure toggles without persisting a macro [Rendered interaction asserts the real component UI state. The case does not establish any downstream machine or external service effect.]","Rendered interaction asserts the real component UI state. The case does not establish any downstream machine or external service effect."
"src/ui/laser/console/user-macros/UserMacroPanel.tsx:85:7","laser","src/ui/laser/console/user-macros/UserMacroPanel.tsx:85","New macro","verified-behaviour","Create, edit, persist, or delete the selected user macro.","{""disabledWhen"":null,""enclosingConditions"":[],""scope"":""Current UI component; controller-specific runtime checks remain in the action/store.""}","src/ui/laser/console/ConsoleCommandDeck.test.tsx: ConsoleCommandDeck creates, edits, and deletes the last-persisted macro collection [Rendered clicks assert real local project/UI-store mutations or saved local data. No controller, hardware, or material qualification.]","Rendered clicks assert real local project/UI-store mutations or saved local data. No controller, hardware, or material qualification."
"src/ui/laser/console/user-macros/UserMacroPanel.tsx:88:7","laser","src/ui/laser/console/user-macros/UserMacroPanel.tsx:88","Edit","verified-behaviour","Create, edit, persist, or delete the selected user macro.","{""disabledWhen"":""!hasSelection"",""enclosingConditions"":[],""scope"":""Current UI component; controller-specific runtime checks remain in the action/store.""}","src/ui/laser/console/ConsoleCommandDeck.test.tsx: ConsoleCommandDeck creates, edits, and deletes the last-persisted macro collection [Rendered clicks assert real local project/UI-store mutations or saved local data. No controller, hardware, or material qualification.]","Rendered clicks assert real local project/UI-store mutations or saved local data. No controller, hardware, or material qualification."
"src/ui/laser/console/user-macros/UserMacroPanel.tsx:96:7","laser","src/ui/laser/console/user-macros/UserMacroPanel.tsx:96","Delete","verified-behaviour","Create, edit, persist, or delete the selected user macro.","{""disabledWhen"":""!hasSelection"",""enclosingConditions"":[],""scope"":""Current UI component; controller-specific runtime checks remain in the action/store.""}","src/ui/laser/console/ConsoleCommandDeck.test.tsx: ConsoleCommandDeck creates, edits, and deletes the last-persisted macro collection [Rendered clicks assert real local project/UI-store mutations or saved local data. No controller, hardware, or material qualification.]","Rendered clicks assert real local project/UI-store mutations or saved local data. No controller, hardware, or material qualification."
"src/ui/laser/console/user-macros/UserMacroPanel.tsx:134:9","laser","src/ui/laser/console/user-macros/UserMacroPanel.tsx:134","Save macro","verified-behaviour","Create, edit, persist, or delete the selected user macro.","{""disabledWhen"":null,""enclosingConditions"":[],""scope"":""Current UI component; controller-specific runtime checks remain in the action/store.""}","src/ui/laser/console/ConsoleCommandDeck.test.tsx: ConsoleCommandDeck creates, edits, and deletes the last-persisted macro collection [Rendered clicks assert real local project/UI-store mutations or saved local data. No controller, hardware, or material qualification.]","Rendered clicks assert real local project/UI-store mutations or saved local data. No controller, hardware, or material qualification."
"src/ui/laser/console/user-macros/UserMacroPanel.tsx:141:9","laser","src/ui/laser/console/user-macros/UserMacroPanel.tsx:141","Cancel","verified-behaviour","Toggle macro disclosure and discard editor draft without persisting or sending a macro.","{""disabledWhen"":null,""enclosingConditions"":[],""scope"":""Current UI component; controller-specific runtime checks remain in the action/store.""}","src/ui/laser/MachineBoundaryControls.audit.test.tsx: Machine boundary control audit macro Cancel discards the editor and native macro disclosure toggles without persisting a macro [Rendered clicks assert real local project/UI-store mutations or saved local data. No controller, hardware, or material qualification.]","Rendered clicks assert real local project/UI-store mutations or saved local data. No controller, hardware, or material qualification."
"src/ui/laser/console/user-macros/UserMacroPanel.tsx:182:7","laser","src/ui/laser/console/user-macros/UserMacroPanel.tsx:182","{props.isSending ? 'Sending...' : 'Run user macro'}","verified-boundary","Expand the numeric macro and send it through shared safe console history.","{""disabledWhen"":""props.isSending || props.isInputDisabled"",""enclosingConditions"":[],""scope"":""Current UI component; controller-specific runtime checks remain in the action/store.""}","src/ui/laser/console/ConsoleCommandDeck.test.tsx: ConsoleCommandDeck runs a numeric macro through the shared sender and successful command history [Rendered control and callback arguments verified at the named component boundary; downstream effects are not established by this case. No physical controller or material run.]","Rendered control and callback arguments verified at the named component boundary; downstream effects are not established by this case. No physical controller or material run."
"src/ui/laser/device-setup/DeviceSetupCncJobStep.tsx:182:7","laser","src/ui/laser/device-setup/DeviceSetupCncJobStep.tsx:182","{preset === null ? `Use ${MANUAL_FEEDS_LABEL}` : `Apply ${preset.label} to operations`}","verified-boundary","Apply the selected material or explicit manual mode to the operation draft.","{""disabledWhen"":null,""enclosingConditions"":[],""scope"":""Current UI component; controller-specific runtime checks remain in the action/store.""}","src/ui/laser/device-setup/DeviceSetupControls.audit.test.tsx: Setup control audit CNC material Apply returns the selected material and explicit manual mode to the operation draft [Rendered control and callback arguments verified at the named component boundary; downstream effects are not established by this case. No physical controller or material run.]","Rendered control and callback arguments verified at the named component boundary; downstream effects are not established by this case. No physical controller or material run."
"src/ui/laser/device-setup/DeviceSetupCncPreset.tsx:35:7","laser","src/ui/laser/device-setup/DeviceSetupCncPreset.tsx:35","Optional: start from a CNC machine preset","verified-behaviour","Expand and collapse this named section; preserve the surrounding project and setup state.","{""disabledWhen"":null,""enclosingConditions"":[],""scope"":""Current UI component; controller-specific runtime checks remain in the action/store.""}","src/ui/laser/device-setup/DeviceSetupControls.audit.test.tsx: Setup control audit CNC preset disclosure toggles and external references have explicit secure source destinations [Rendered interaction asserts the real component UI state. The case does not establish any downstream machine or external service effect.]","Rendered interaction asserts the real component UI state. The case does not establish any downstream machine or external service effect."
"src/ui/laser/device-setup/DeviceSetupCncPreset.tsx:55:9","laser","src/ui/laser/device-setup/DeviceSetupCncPreset.tsx:55","Load into draft","verified-behaviour","Load preset geometry into the draft without asserting firmware/output support.","{""disabledWhen"":""preset === null"",""enclosingConditions"":[],""scope"":""Current UI component; controller-specific runtime checks remain in the action/store.""}","src/ui/laser/device-setup/DeviceSetupCncPreset.test.tsx: CNC geometry preset disclosure keeps Onefinity geometry separate from firmware selection and output support [Rendered clicks assert real local project/UI-store mutations or saved local data. No controller, hardware, or material qualification.]","Rendered clicks assert real local project/UI-store mutations or saved local data. No controller, hardware, or material qualification."
"src/ui/laser/device-setup/DeviceSetupCncPreset.tsx:102:13","laser","src/ui/laser/device-setup/DeviceSetupCncPreset.tsx:102","{source.label}","verified-boundary","Toggle preset details and expose secure external research-source destinations.","{""disabledWhen"":null,""enclosingConditions"":[],""scope"":""Current UI component; controller-specific runtime checks remain in the action/store.""}","src/ui/laser/device-setup/DeviceSetupControls.audit.test.tsx: Setup control audit CNC preset disclosure toggles and external references have explicit secure source destinations [Local rendered href/target/rel checked; external site availability not exercised.]","Local rendered href/target/rel checked; external site availability not exercised."
"src/ui/laser/device-setup/DeviceSetupCncProfiles.tsx:47:9","laser","src/ui/laser/device-setup/DeviceSetupCncProfiles.tsx:47","Apply saved setup profile","verified-behaviour","Apply saved profile to draft and commit on final Save with effective-bit feedback.","{""disabledWhen"":null,""enclosingConditions"":[],""scope"":""Current UI component; controller-specific runtime checks remain in the action/store.""}","src/ui/laser/device-setup/CncStartupSetupFeedback.test.tsx: CNC Startup Setup cutter feedback warns after final Save when a saved profile changes the effective default bit [Rendered clicks assert real local project/UI-store mutations or saved local data. No controller, hardware, or material qualification.]","Rendered clicks assert real local project/UI-store mutations or saved local data. No controller, hardware, or material qualification."
"src/ui/laser/device-setup/DeviceSetupCncProfiles.tsx:55:9","laser","src/ui/laser/device-setup/DeviceSetupCncProfiles.tsx:55","Delete saved setup profile","verified-behaviour","Immediately delete only the selected saved setup library entry; preserve the project.","{""disabledWhen"":null,""enclosingConditions"":[],""scope"":""Current UI component; controller-specific runtime checks remain in the action/store.""}","src/ui/laser/device-setup/DeviceSetupControls.audit.test.tsx: Setup control audit saved profile Delete removes only the selected library entry without changing the project [Rendered clicks assert real local project/UI-store mutations or saved local data. No controller, hardware, or material qualification.]","Rendered clicks assert real local project/UI-store mutations or saved local data. No controller, hardware, or material qualification."
"src/ui/laser/device-setup/DeviceSetupCncProfiles.tsx:73:9","laser","src/ui/laser/device-setup/DeviceSetupCncProfiles.tsx:73","Save current draft as setup profile","verified-behaviour","Persist the current CNC draft as a named setup profile, leaving live project unchanged.","{""disabledWhen"":null,""enclosingConditions"":[],""scope"":""Current UI component; controller-specific runtime checks remain in the action/store.""}","src/ui/laser/device-setup/MachineSetupDialogHost.test.tsx: MachineSetupDialogHost shows one staged job setup and snapshots the draft, not the live project, to a profile [Rendered clicks assert real local project/UI-store mutations or saved local data. No controller, hardware, or material qualification.]","Rendered clicks assert real local project/UI-store mutations or saved local data. No controller, hardware, or material qualification."
"src/ui/laser/device-setup/DeviceSetupCncReview.tsx:20:9","laser","src/ui/laser/device-setup/DeviceSetupCncReview.tsx:20","Edit","verified-boundary","Navigate CNC current-job Edit to the CNC setup step.","{""disabledWhen"":null,""enclosingConditions"":[],""scope"":""Current UI component; controller-specific runtime checks remain in the action/store.""}","src/ui/laser/device-setup/DeviceSetupControls.audit.test.tsx: Setup control audit review Edit buttons navigate to their exact setup owner without committing [Rendered control and callback arguments verified at the named component boundary; downstream effects are not established by this case. No physical controller or material run.]","Rendered control and callback arguments verified at the named component boundary; downstream effects are not established by this case. No physical controller or material run."
"src/ui/laser/device-setup/DeviceSetupCncTilingFields.tsx:25:7","laser","src/ui/laser/device-setup/DeviceSetupCncTilingFields.tsx:25","TutorialButton","verified-boundary","Open the cnc-tiling tutorial without editing the project.","{""disabledWhen"":null,""enclosingConditions"":[],""scope"":""Current UI component; controller-specific runtime checks remain in the action/store.""}","src/ui/tutorials/TutorialControls.audit.test.tsx: individual tutorial control outcomes 'cnc-tiling' card and contextual button open the named lesson without editing the project [Shared real TutorialButton and TutorialHost binding exercised for this exact lesson; enclosing machine call site is source-traced, not individually clicked.]","Shared real TutorialButton and TutorialHost binding exercised for this exact lesson; enclosing machine call site is source-traced, not individually clicked."
"src/ui/laser/device-setup/DeviceSetupCncTilingFields.tsx:27:9","laser","src/ui/laser/device-setup/DeviceSetupCncTilingFields.tsx:27","Enable tiling","verified-boundary","Enable the default indexed tiling draft or clear the optional draft value.","{""disabledWhen"":null,""enclosingConditions"":[],""scope"":""Current UI component; controller-specific runtime checks remain in the action/store.""}","src/ui/laser/device-setup/DeviceSetupControls.audit.test.tsx: Setup control audit tiling enable creates the default draft and disable clears only that optional draft value [Rendered control and callback arguments verified at the named component boundary; downstream effects are not established by this case. No physical controller or material run.]","Rendered control and callback arguments verified at the named component boundary; downstream effects are not established by this case. No physical controller or material run."
"src/ui/laser/device-setup/DeviceSetupCncTilingFields.tsx:62:13","laser","src/ui/laser/device-setup/DeviceSetupCncTilingFields.tsx:62","Drill registration holes","verified-behaviour","Toggle registration-hole authoring while preserving the disabled plan.","{""disabledWhen"":null,""enclosingConditions"":[""not props.tiling === undefined""],""scope"":""Current UI component; controller-specific runtime checks remain in the action/store.""}","src/ui/laser/device-setup/DeviceSetupRegistrationFields.test.tsx: registration authoring and persistence (O5) configures independent values, edits bore size/tool/depth, and preserves the plan while disabled [Rendered clicks assert real local project/UI-store mutations or saved local data. No controller, hardware, or material qualification.]","Rendered clicks assert real local project/UI-store mutations or saved local data. No controller, hardware, or material qualification."
"src/ui/laser/device-setup/DeviceSetupCncToolPlan.tsx:59:7","laser","src/ui/laser/device-setup/DeviceSetupCncToolPlan.tsx:59","{props.layer.name} {operationSummary(props.machine, props.draft)}","verified-behaviour","Expand and collapse this named section; preserve the surrounding project and setup state.","{""disabledWhen"":null,""enclosingConditions"":[],""scope"":""Current UI component; controller-specific runtime checks remain in the action/store.""}","src/ui/laser/device-setup/DeviceSetupCncToolPlan.pictures.test.tsx: Tool Plan picture selection audit operation disclosure opens and closes without changing tool assignments [Rendered interaction asserts the real component UI state. The case does not establish any downstream machine or external service effect.]","Rendered interaction asserts the real component UI state. The case does not establish any downstream machine or external service effect."
"src/ui/laser/device-setup/DeviceSetupConfirmStep.tsx:35:11","laser","src/ui/laser/device-setup/DeviceSetupConfirmStep.tsx:35","Homing enabled","verified-boundary","Update homing support in draft only; unsupported file-only controller stays disabled.","{""disabledWhen"":""guide.homeCommand === null"",""enclosingConditions"":[],""scope"":""Current UI component; controller-specific runtime checks remain in the action/store.""}","src/ui/laser/device-setup/DeviceSetupControls.audit.test.tsx: Setup control audit homing checkbox updates only the setup draft and stays disabled for a file-only controller [Rendered control and callback arguments verified at the named component boundary; downstream effects are not established by this case. No physical controller or material run.]","Rendered control and callback arguments verified at the named component boundary; downstream effects are not established by this case. No physical controller or material run."
"src/ui/laser/device-setup/DeviceSetupConnectStep.tsx:147:7","laser","src/ui/laser/device-setup/DeviceSetupConnectStep.tsx:147","Reconnect using selected profile","verified-boundary","Disconnect and reconnect with selected controller; toggle command-contract details independently.","{""disabledWhen"":null,""enclosingConditions"":[],""scope"":""Current UI component; controller-specific runtime checks remain in the action/store.""}","src/ui/laser/device-setup/DeviceSetupControls.audit.test.tsx: Setup control audit Reconnect uses the selected controller and command disclosure changes only visibility [Mocked store connection methods and disclosure assertions; real serial picker/driver excluded.]","Mocked store connection methods and disclosure assertions; real serial picker/driver excluded."
"src/ui/laser/device-setup/DeviceSetupConnectStep.tsx:154:9","laser","src/ui/laser/device-setup/DeviceSetupConnectStep.tsx:154","Use detected {detectedGuide.label} in draft","verified-behaviour","Explicitly adopt detected firmware into the setup draft.","{""disabledWhen"":null,""enclosingConditions"":[""detectedGuide !== null && model.detectedControllerKind !== model.controllerKind""],""scope"":""Current UI component; controller-specific runtime checks remain in the action/store.""}","src/ui/laser/device-setup/DeviceSetupWizard.test.tsx: DeviceSetupWizard keeps detected identity observational until the operator explicitly adopts it [Rendered clicks assert real local project/UI-store mutations or saved local data. No controller, hardware, or material qualification.]","Rendered clicks assert real local project/UI-store mutations or saved local data. No controller, hardware, or material qualification."
"src/ui/laser/device-setup/DeviceSetupConnectStep.tsx:177:9","laser","src/ui/laser/device-setup/DeviceSetupConnectStep.tsx:177","Connect…","verified-boundary","Connect with the selected draft controller and baud rate.","{""disabledWhen"":""model.connection.kind === 'connecting' || !model.supportsSerial"",""enclosingConditions"":[],""scope"":""Current UI component; controller-specific runtime checks remain in the action/store.""}","src/ui/laser/device-setup/DeviceSetupWizard.test.tsx: DeviceSetupWizard connects only after using the selected controller and baud [Mocked platform/controller connect; no serial port opened.]","Mocked platform/controller connect; no serial port opened."
"src/ui/laser/device-setup/DeviceSetupConnectStep.tsx:191:9","laser","src/ui/laser/device-setup/DeviceSetupConnectStep.tsx:191","Run read-only checks","verified-boundary","Send the selected controller identity queries and read settings without firmware or motion writes.","{""disabledWhen"":""model.mismatch || model.controllerOperation !== null || (model.guide.identityCommands.length === 0 && model.guide.settingsCommands.length === 0)"",""enclosingConditions"":[],""scope"":""Current UI component; controller-specific runtime checks remain in the action/store.""}","src/ui/laser/device-setup/DeviceSetupControls.audit.test.tsx: Setup control audit audit read-only checks dispatch identity and settings without firmware or motion writes [Mocked sendConsoleCommand and readMachineSettings; exact GRBL $I and settings-read calls asserted, no serial opened.]","Mocked sendConsoleCommand and readMachineSettings; exact GRBL $I and settings-read calls asserted, no serial opened."
"src/ui/laser/device-setup/DeviceSetupConnectStep.tsx:250:7","laser","src/ui/laser/device-setup/DeviceSetupConnectStep.tsx:250","Commands and configuration used for {guide.label}","verified-behaviour","Expand and collapse this named section; preserve the surrounding project and setup state.","{""disabledWhen"":null,""enclosingConditions"":[],""scope"":""Current UI component; controller-specific runtime checks remain in the action/store.""}","src/ui/laser/device-setup/DeviceSetupControls.audit.test.tsx: Setup control audit Reconnect uses the selected controller and command disclosure changes only visibility [Rendered interaction asserts the real component UI state. The case does not establish any downstream machine or external service effect.]","Rendered interaction asserts the real component UI state. The case does not establish any downstream machine or external service effect."
"src/ui/laser/device-setup/DeviceSetupControls.tsx:33:7","laser","src/ui/laser/device-setup/DeviceSetupControls.tsx:33","Machine Setup","verified-behaviour","Open globally owned Machine Setup at the capability step.","{""disabledWhen"":null,""enclosingConditions"":[],""scope"":""Current UI component; controller-specific runtime checks remain in the action/store.""}","src/ui/laser/device-setup/DeviceSetupControls.audit.test.tsx: Setup control audit Machine Setup launcher opens the globally owned setup at the capability step [Rendered clicks assert real local project/UI-store mutations or saved local data. No controller, hardware, or material qualification.]","Rendered clicks assert real local project/UI-store mutations or saved local data. No controller, hardware, or material qualification."
"src/ui/laser/device-setup/DeviceSetupDetectedApply.tsx:27:7","laser","src/ui/laser/device-setup/DeviceSetupDetectedApply.tsx:27","Use detected values","verified-behaviour","Copy detected controller values into the draft only and show confirmation.","{""disabledWhen"":null,""enclosingConditions"":[],""scope"":""Current UI component; controller-specific runtime checks remain in the action/store.""}","src/ui/laser/device-setup/DeviceSetupWizard.detected-values.test.tsx: DeviceSetupWizard detected values confirms applied values, keeps them draft-only, and clears confirmation on a new read [Rendered clicks assert real local project/UI-store mutations or saved local data. No controller, hardware, or material qualification.]","Rendered clicks assert real local project/UI-store mutations or saved local data. No controller, hardware, or material qualification."
"src/ui/laser/device-setup/DeviceSetupFirmwareStep.tsx:99:9","laser","src/ui/laser/device-setup/DeviceSetupFirmwareStep.tsx:99","Confirm controller backup exported","verified-boundary","Require backup and per-setting confirmation, then queue common GRBL changes for final Save.","{""disabledWhen"":null,""enclosingConditions"":[],""scope"":""Current UI component; controller-specific runtime checks remain in the action/store.""}","src/ui/laser/device-setup/DeviceSetupWizard.test.tsx: DeviceSetupWizard queues only confirmed common GRBL writes for final Save and keeps travel review-only [Mocked write action verifies exact final write; no actual firmware settings modified.]","Mocked write action verifies exact final write; no actual firmware settings modified."
"src/ui/laser/device-setup/DeviceSetupFirmwareStep.tsx:243:9","laser","src/ui/laser/device-setup/DeviceSetupFirmwareStep.tsx:243","`Confirm write ${diff.code}`","verified-boundary","Require backup and per-setting confirmation, then queue common GRBL changes for final Save.","{""disabledWhen"":null,""enclosingConditions"":[],""scope"":""Current UI component; controller-specific runtime checks remain in the action/store.""}","src/ui/laser/device-setup/DeviceSetupWizard.test.tsx: DeviceSetupWizard queues only confirmed common GRBL writes for final Save and keeps travel review-only [Mocked write action verifies exact final write; no actual firmware settings modified.]","Mocked write action verifies exact final write; no actual firmware settings modified."
"src/ui/laser/device-setup/DeviceSetupFirmwareStep.tsx:252:7","laser","src/ui/laser/device-setup/DeviceSetupFirmwareStep.tsx:252","{props.queued ? `Remove queued ${diff.code}` : `Queue ${diff.code} for Save`}","verified-boundary","Require backup and per-setting confirmation, then queue common GRBL changes for final Save.","{""disabledWhen"":""!props.queued && !canQueue"",""enclosingConditions"":[],""scope"":""Current UI component; controller-specific runtime checks remain in the action/store.""}","src/ui/laser/device-setup/DeviceSetupWizard.test.tsx: DeviceSetupWizard queues only confirmed common GRBL writes for final Save and keeps travel review-only [Mocked write action verifies exact final write; no actual firmware settings modified.]","Mocked write action verifies exact final write; no actual firmware settings modified."
"src/ui/laser/device-setup/DeviceSetupIdentifyStep.tsx:175:7","laser","src/ui/laser/device-setup/DeviceSetupIdentifyStep.tsx:175","Advanced connection and streaming","verified-behaviour","Expand and collapse this named section; preserve the surrounding project and setup state.","{""disabledWhen"":null,""enclosingConditions"":[],""scope"":""Current UI component; controller-specific runtime checks remain in the action/store.""}","src/ui/laser/device-setup/DeviceSetupControls.audit.test.tsx: Setup control audit Identify disclosures toggle and worker streaming records a draft-only preference [Rendered interaction asserts the real component UI state. The case does not establish any downstream machine or external service effect.]","Rendered interaction asserts the real component UI state. The case does not establish any downstream machine or external service effect."
"src/ui/laser/device-setup/DeviceSetupIdentifyStep.tsx:240:7","laser","src/ui/laser/device-setup/DeviceSetupIdentifyStep.tsx:240","Read the serial port and refill the job stream in a worker","verified-boundary","Toggle advanced/import disclosures and record worker streaming only in setup draft.","{""disabledWhen"":null,""enclosingConditions"":[],""scope"":""Current UI component; controller-specific runtime checks remain in the action/store.""}","src/ui/laser/device-setup/DeviceSetupControls.audit.test.tsx: Setup control audit Identify disclosures toggle and worker streaming records a draft-only preference [Rendered control and callback arguments verified at the named component boundary; downstream effects are not established by this case. No physical controller or material run.]","Rendered control and callback arguments verified at the named component boundary; downstream effects are not established by this case. No physical controller or material run."
"src/ui/laser/device-setup/DeviceSetupIdentifyStep.tsx:255:7","laser","src/ui/laser/device-setup/DeviceSetupIdentifyStep.tsx:255","Import or export a machine profile","verified-behaviour","Expand and collapse this named section; preserve the surrounding project and setup state.","{""disabledWhen"":null,""enclosingConditions"":[],""scope"":""Current UI component; controller-specific runtime checks remain in the action/store.""}","src/ui/laser/device-setup/DeviceSetupControls.audit.test.tsx: Setup control audit Identify disclosures toggle and worker streaming records a draft-only preference [Rendered interaction asserts the real component UI state. The case does not establish any downstream machine or external service effect.]","Rendered interaction asserts the real component UI state. The case does not establish any downstream machine or external service effect."
"src/ui/laser/device-setup/DeviceSetupMachineCapability.tsx:66:7","laser","src/ui/laser/device-setup/DeviceSetupMachineCapability.tsx:66","`Configure Machine Setup for ${props.label}.`","verified-behaviour","Choose laser/CNC/hybrid capability and commit explicit active output contract.","{""disabledWhen"":null,""enclosingConditions"":[],""scope"":""Current UI component; controller-specific runtime checks remain in the action/store.""}","src/ui/laser/device-setup/DeviceSetupWizard.test.tsx: DeviceSetupWizard saves a hybrid machine with both output contracts and one explicit active mode [Rendered clicks assert real local project/UI-store mutations or saved local data. No controller, hardware, or material qualification.]","Rendered clicks assert real local project/UI-store mutations or saved local data. No controller, hardware, or material qualification."
"src/ui/laser/device-setup/DeviceSetupOptionsStep.tsx:157:7","laser","src/ui/laser/device-setup/DeviceSetupOptionsStep.tsx:157","{props.title} {props.status}","verified-behaviour","Expand and collapse this named section; preserve the surrounding project and setup state.","{""disabledWhen"":null,""enclosingConditions"":[],""scope"":""Current UI component; controller-specific runtime checks remain in the action/store.""}","src/ui/laser/device-setup/DeviceSetupControls.audit.test.tsx: Setup control audit each Options disclosure opens and closes without editing the draft [Rendered interaction asserts the real component UI state. The case does not establish any downstream machine or external service effect.]","Rendered interaction asserts the real component UI state. The case does not establish any downstream machine or external service effect."
"src/ui/laser/device-setup/DeviceSetupOptionsStep.tsx:162:9","laser","src/ui/laser/device-setup/DeviceSetupOptionsStep.tsx:162","TutorialButton","verified-boundary","Open the exact tutorial configured for each optional setup section.","{""disabledWhen"":null,""enclosingConditions"":[],""scope"":""Current UI component; controller-specific runtime checks remain in the action/store.""}","src/ui/tutorials/TutorialControls.audit.test.tsx: individual tutorial control outcomes 'machine-setup' card and contextual button open the named lesson without editing the project [All six concrete lesson bindings source-traced; shared TutorialButton and TutorialHost executed for each lesson.]
src/ui/tutorials/TutorialControls.audit.test.tsx: individual tutorial control outcomes 'cnc-probe' card and contextual button open the named lesson without editing the project [All six concrete lesson bindings source-traced; shared TutorialButton and TutorialHost executed for each lesson.]
src/ui/tutorials/TutorialControls.audit.test.tsx: individual tutorial control outcomes 'optimization' card and contextual button open the named lesson without editing the project [All six concrete lesson bindings source-traced; shared TutorialButton and TutorialHost executed for each lesson.]
src/ui/tutorials/TutorialControls.audit.test.tsx: individual tutorial control outcomes 'scan-offset' card and contextual button open the named lesson without editing the project [All six concrete lesson bindings source-traced; shared TutorialButton and TutorialHost executed for each lesson.]
src/ui/tutorials/TutorialControls.audit.test.tsx: individual tutorial control outcomes 'rotary' card and contextual button open the named lesson without editing the project [All six concrete lesson bindings source-traced; shared TutorialButton and TutorialHost executed for each lesson.]
src/ui/tutorials/TutorialControls.audit.test.tsx: individual tutorial control outcomes 'camera' card and contextual button open the named lesson without editing the project [All six concrete lesson bindings source-traced; shared TutorialButton and TutorialHost executed for each lesson.]","All six concrete lesson bindings source-traced; shared TutorialButton and TutorialHost executed for each lesson."
"src/ui/laser/device-setup/DeviceSetupProfilePicker.tsx:122:7","laser","src/ui/laser/device-setup/DeviceSetupProfilePicker.tsx:122","{props.isActive ? 'Selected' : `Use ${profile.name}`}","verified-behaviour","Use the exact chosen catalog profile in draft without detected-value overlay.","{""disabledWhen"":""props.isActive"",""enclosingConditions"":[],""scope"":""Current UI component; controller-specific runtime checks remain in the action/store.""}","src/ui/laser/device-setup/DeviceSetupWizard.catalog.test.tsx: DeviceSetupWizard catalog keeps a selected catalog profile exact instead of overlaying controller observations [Rendered clicks assert real local project/UI-store mutations or saved local data. No controller, hardware, or material qualification.]","Rendered clicks assert real local project/UI-store mutations or saved local data. No controller, hardware, or material qualification."
"src/ui/laser/device-setup/DeviceSetupRasterDiagnostics.tsx:23:7","laser","src/ui/laser/device-setup/DeviceSetupRasterDiagnostics.tsx:23","Raster Diagnostics and assisted conversion","verified-behaviour","Expand and collapse this named section; preserve the surrounding project and setup state.","{""disabledWhen"":null,""enclosingConditions"":[],""scope"":""Current UI component; controller-specific runtime checks remain in the action/store.""}","src/ui/laser/device-setup/MachineSetupRasterCalibration.test.tsx: Machine Setup raster calibration production entrypoint retains unapplied measurements and convention when diagnostics is collapsed and reopened [Rendered interaction asserts the real component UI state. The case does not establish any downstream machine or external service effect.]","Rendered interaction asserts the real component UI state. The case does not establish any downstream machine or external service effect."
"src/ui/laser/device-setup/DeviceSetupRegistrationFields.tsx:43:9","laser","src/ui/laser/device-setup/DeviceSetupRegistrationFields.tsx:43","Configure registration","verified-behaviour","Create a registration plan from current CNC draft and retain distinct authoring values.","{""disabledWhen"":null,""enclosingConditions"":[],""scope"":""Current UI component; controller-specific runtime checks remain in the action/store.""}","src/ui/laser/device-setup/DeviceSetupRegistrationFields.test.tsx: registration authoring and persistence (O5) configures independent values, edits bore size/tool/depth, and preserves the plan while disabled [Rendered clicks assert real local project/UI-store mutations or saved local data. No controller, hardware, or material qualification.]","Rendered clicks assert real local project/UI-store mutations or saved local data. No controller, hardware, or material qualification."
"src/ui/laser/device-setup/DeviceSetupReviewStep.tsx:275:9","laser","src/ui/laser/device-setup/DeviceSetupReviewStep.tsx:275","Edit","verified-boundary","Navigate each review Edit action to its exact owning setup step.","{""disabledWhen"":null,""enclosingConditions"":[],""scope"":""Current UI component; controller-specific runtime checks remain in the action/store.""}","src/ui/laser/device-setup/DeviceSetupControls.audit.test.tsx: Setup control audit review Edit buttons navigate to their exact setup owner without committing [Rendered control and callback arguments verified at the named component boundary; downstream effects are not established by this case. No physical controller or material run.]","Rendered control and callback arguments verified at the named component boundary; downstream effects are not established by this case. No physical controller or material run."
"src/ui/laser/device-setup/DeviceSetupRotaryFields.tsx:20:11","laser","src/ui/laser/device-setup/DeviceSetupRotaryFields.tsx:20","Enable rotary attachment","verified-boundary","Return distinct enablement and reverse-direction rotary draft edits.","{""disabledWhen"":null,""enclosingConditions"":[],""scope"":""Current UI component; controller-specific runtime checks remain in the action/store.""}","src/ui/laser/device-setup/DeviceSetupControls.audit.test.tsx: Setup control audit rotary attachment and reverse toggles return independent draft patches [Rendered control and callback arguments verified at the named component boundary; downstream effects are not established by this case. No physical controller or material run.]","Rendered control and callback arguments verified at the named component boundary; downstream effects are not established by this case. No physical controller or material run."
"src/ui/laser/device-setup/DeviceSetupRotaryFields.tsx:53:11","laser","src/ui/laser/device-setup/DeviceSetupRotaryFields.tsx:53","Reverse rotary direction","verified-boundary","Return distinct enablement and reverse-direction rotary draft edits.","{""disabledWhen"":null,""enclosingConditions"":[],""scope"":""Current UI component; controller-specific runtime checks remain in the action/store.""}","src/ui/laser/device-setup/DeviceSetupControls.audit.test.tsx: Setup control audit rotary attachment and reverse toggles return independent draft patches [Rendered control and callback arguments verified at the named component boundary; downstream effects are not established by this case. No physical controller or material run.]","Rendered control and callback arguments verified at the named component boundary; downstream effects are not established by this case. No physical controller or material run."
"src/ui/laser/device-setup/DeviceSetupWizard.tsx:180:9","laser","src/ui/laser/device-setup/DeviceSetupWizard.tsx:180","`Go to step ${index + 1}: ${STEP_TITLES[step]}`","verified-behaviour","Navigate directly to any setup step without losing unsaved draft values.","{""disabledWhen"":null,""enclosingConditions"":[],""scope"":""Current UI component; controller-specific runtime checks remain in the action/store.""}","src/ui/laser/device-setup/DeviceSetupWizard.navigation.test.tsx: DeviceSetupWizard step navigation opens any setup section directly and preserves unsaved draft edits [Rendered clicks assert real local project/UI-store mutations or saved local data. No controller, hardware, or material qualification.]","Rendered clicks assert real local project/UI-store mutations or saved local data. No controller, hardware, or material qualification."
"src/ui/laser/device-setup/DeviceSetupWizard.tsx:209:7","laser","src/ui/laser/device-setup/DeviceSetupWizard.tsx:209","Cancel without saving","verified-boundary","Cancel setup and discard all draft changes.","{""disabledWhen"":""props.saving"",""enclosingConditions"":[],""scope"":""Current UI component; controller-specific runtime checks remain in the action/store.""}","src/ui/laser/device-setup/DeviceSetupWizard.test.tsx: DeviceSetupWizard keeps all edits in a draft and discards them on cancel [Rendered control and callback arguments verified at the named component boundary; downstream effects are not established by this case. No physical controller or material run.]","Rendered control and callback arguments verified at the named component boundary; downstream effects are not established by this case. No physical controller or material run."
"src/ui/laser/device-setup/DeviceSetupWizard.tsx:216:7","laser","src/ui/laser/device-setup/DeviceSetupWizard.tsx:216","Back","verified-behaviour","Return to previous setup step while preserving the adopted draft controller.","{""disabledWhen"":""props.saving || isFirstDeviceSetupStep(props.state.step, props.state.machineKind)"",""enclosingConditions"":[],""scope"":""Current UI component; controller-specific runtime checks remain in the action/store.""}","src/ui/laser/device-setup/DeviceSetupWizard.test.tsx: DeviceSetupWizard keeps detected identity observational until the operator explicitly adopts it [Rendered clicks assert real local project/UI-store mutations or saved local data. No controller, hardware, or material qualification.]","Rendered clicks assert real local project/UI-store mutations or saved local data. No controller, hardware, or material qualification."
"src/ui/laser/device-setup/DeviceSetupWizard.tsx:224:9","laser","src/ui/laser/device-setup/DeviceSetupWizard.tsx:224","{saveButtonLabel(props.saving, props.firmwareWriteCount, props.state.machineKind)}","verified-behaviour","Advance through setup and atomically save reviewed profile/workspace with one undo entry.","{""disabledWhen"":""!ready || props.saving"",""enclosingConditions"":[""finalStep""],""scope"":""Current UI component; controller-specific runtime checks remain in the action/store.""}","src/ui/laser/device-setup/DeviceSetupWizard.test.tsx: DeviceSetupWizard atomically saves a laser profile and workspace at the end [Rendered clicks assert real local project/UI-store mutations or saved local data. No controller, hardware, or material qualification.]","Rendered clicks assert real local project/UI-store mutations or saved local data. No controller, hardware, or material qualification."
"src/ui/laser/device-setup/DeviceSetupWizard.tsx:236:9","laser","src/ui/laser/device-setup/DeviceSetupWizard.tsx:236","Next","verified-behaviour","Advance through setup and atomically save reviewed profile/workspace with one undo entry.","{""disabledWhen"":""!canAdvanceDeviceSetup(props.state)"",""enclosingConditions"":[""not finalStep""],""scope"":""Current UI component; controller-specific runtime checks remain in the action/store.""}","src/ui/laser/device-setup/DeviceSetupWizard.test.tsx: DeviceSetupWizard atomically saves a laser profile and workspace at the end [Rendered clicks assert real local project/UI-store mutations or saved local data. No controller, hardware, or material qualification.]","Rendered clicks assert real local project/UI-store mutations or saved local data. No controller, hardware, or material qualification."
"src/ui/laser/job-review/JobReviewCncOwnerActions.tsx:23:7","laser","src/ui/laser/job-review/JobReviewCncOwnerActions.tsx:23","Edit Artwork settings","verified-behaviour","Leave CNC review and open the Artwork settings owner.","{""disabledWhen"":null,""enclosingConditions"":[],""scope"":""Current UI component; controller-specific runtime checks remain in the action/store.""}","src/ui/laser/job-review/JobReviewDialog.test.tsx: JobReviewDialog leaves CNC review for the editable Artwork settings owner [Rendered clicks assert real local project/UI-store mutations or saved local data. No controller, hardware, or material qualification.]","Rendered clicks assert real local project/UI-store mutations or saved local data. No controller, hardware, or material qualification."
"src/ui/laser/job-review/JobReviewCncOwnerActions.tsx:24:7","laser","src/ui/laser/job-review/JobReviewCncOwnerActions.tsx:24","Edit Startup Setup","verified-behaviour","Leave CNC review and open Startup Setup owner.","{""disabledWhen"":null,""enclosingConditions"":[],""scope"":""Current UI component; controller-specific runtime checks remain in the action/store.""}","src/ui/laser/job-review/JobReviewDialog.test.tsx: JobReviewDialog leaves CNC review for the Startup Setup owner [Rendered clicks assert real local project/UI-store mutations or saved local data. No controller, hardware, or material qualification.]","Rendered clicks assert real local project/UI-store mutations or saved local data. No controller, hardware, or material qualification."
"src/ui/laser/job-review/JobReviewControllerSection.tsx:30:7","laser","src/ui/laser/job-review/JobReviewControllerSection.tsx:30","Controller — {controllerReviewSummary(args)} {facts.length === 0 ? null : ( <span style={detailsSummaryCountStyle}> · {facts.length} fact{facts.length === 1 ? '' : 's'} </span> )}","verified-behaviour","Expand and collapse this named section; preserve the surrounding project and setup state.","{""disabledWhen"":null,""enclosingConditions"":[],""scope"":""Current UI component; controller-specific runtime checks remain in the action/store.""}","src/ui/laser/job-review/JobReviewDialog.test.tsx: JobReviewDialog audit Controller Machine and Warnings disclosures toggle without resolving review [Rendered interaction asserts the real component UI state. The case does not establish any downstream machine or external service effect.]","Rendered interaction asserts the real component UI state. The case does not establish any downstream machine or external service effect."
"src/ui/laser/job-review/JobReviewDialog.tsx:90:9","laser","src/ui/laser/job-review/JobReviewDialog.tsx:90","Cancel","verified-behaviour","Resolve review Cancel or Confirm through the real review store signals.","{""disabledWhen"":null,""enclosingConditions"":[],""scope"":""Current UI component; controller-specific runtime checks remain in the action/store.""}","src/ui/laser/job-review/JobReviewDialog.test.tsx: JobReviewDialog routes Cancel, Start, and Escape to the review store signals [Rendered clicks assert real local project/UI-store mutations or saved local data. No controller, hardware, or material qualification.]","Rendered clicks assert real local project/UI-store mutations or saved local data. No controller, hardware, or material qualification."
"src/ui/laser/job-review/JobReviewDialog.tsx:93:9","laser","src/ui/laser/job-review/JobReviewDialog.tsx:93","{copy.confirmLabel}","verified-behaviour","Resolve review Cancel or Confirm through the real review store signals.","{""disabledWhen"":""startDisabledReason !== null"",""enclosingConditions"":[],""scope"":""Current UI component; controller-specific runtime checks remain in the action/store.""}","src/ui/laser/job-review/JobReviewDialog.test.tsx: JobReviewDialog routes Cancel, Start, and Escape to the review store signals [Rendered clicks assert real local project/UI-store mutations or saved local data. No controller, hardware, or material qualification.]","Rendered clicks assert real local project/UI-store mutations or saved local data. No controller, hardware, or material qualification."
"src/ui/laser/job-review/JobReviewDialog.tsx:146:7","laser","src/ui/laser/job-review/JobReviewDialog.tsx:146","Retry preparation","verified-behaviour","Explicitly retry preparation without confirming or automatically replaying work.","{""disabledWhen"":null,""enclosingConditions"":[],""scope"":""Current UI component; controller-specific runtime checks remain in the action/store.""}","src/ui/laser/job-review/JobReviewDialog.test.tsx: JobReviewDialog offers an explicit busy-preparation retry without confirming or automatically replaying work [Rendered clicks assert real local project/UI-store mutations or saved local data. No controller, hardware, or material qualification.]","Rendered clicks assert real local project/UI-store mutations or saved local data. No controller, hardware, or material qualification."
"src/ui/laser/job-review/JobReviewLayerCells.tsx:112:11","laser","src/ui/laser/job-review/JobReviewLayerCells.tsx:112","`Air assist for ${props.ariaContext}`","verified-behaviour","Toggle the relevant operation air flag through shared project settings.","{""disabledWhen"":null,""enclosingConditions"":[],""scope"":""Current UI component; controller-specific runtime checks remain in the action/store.""}","src/ui/laser/job-review/JobReviewLayersTable.test.tsx: JobReviewLayersTable edits laser power/speed/passes through the store with clamping, and toggles air [Rendered clicks assert real local project/UI-store mutations or saved local data. No controller, hardware, or material qualification.]","Rendered clicks assert real local project/UI-store mutations or saved local data. No controller, hardware, or material qualification."
"src/ui/laser/job-review/JobReviewMachineSection.tsx:33:7","laser","src/ui/laser/job-review/JobReviewMachineSection.tsx:33","Machine — {project.device.name} · {facts.length} fact {facts.length === 1 ? '' : 's'}","verified-behaviour","Expand and collapse this named section; preserve the surrounding project and setup state.","{""disabledWhen"":null,""enclosingConditions"":[],""scope"":""Current UI component; controller-specific runtime checks remain in the action/store.""}","src/ui/laser/job-review/JobReviewDialog.test.tsx: JobReviewDialog audit Controller Machine and Warnings disclosures toggle without resolving review [Rendered interaction asserts the real component UI state. The case does not establish any downstream machine or external service effect.]","Rendered interaction asserts the real component UI state. The case does not establish any downstream machine or external service effect."
"src/ui/laser/job-review/JobReviewSettingsApproval.tsx:30:7","laser","src/ui/laser/job-review/JobReviewSettingsApproval.tsx:30","Approve settings","verified-boundary","Approve the currently live-synced settings and re-arm after another edit.","{""disabledWhen"":null,""enclosingConditions"":[],""scope"":""Current UI component; controller-specific runtime checks remain in the action/store.""}","src/ui/laser/job-review/JobReviewSettingsApproval.test.tsx: JobReviewSettingsApproval approves live-synced main settings and re-arms after another edit [Rendered control and callback arguments verified at the named component boundary; downstream effects are not established by this case. No physical controller or material run.]","Rendered control and callback arguments verified at the named component boundary; downstream effects are not established by this case. No physical controller or material run."
"src/ui/laser/job-review/JobReviewWarnings.tsx:21:7","laser","src/ui/laser/job-review/JobReviewWarnings.tsx:21","Warnings ( {props.warnings.length} ) {' '} — open to review; none block the start","verified-behaviour","Expand and collapse this named section; preserve the surrounding project and setup state.","{""disabledWhen"":null,""enclosingConditions"":[],""scope"":""Current UI component; controller-specific runtime checks remain in the action/store.""}","src/ui/laser/job-review/JobReviewDialog.test.tsx: JobReviewDialog opens the warning panel for mismatch identity evidence without disabling Start [Rendered interaction asserts the real component UI state. The case does not establish any downstream machine or external service effect.]
src/ui/laser/job-review/JobReviewDialog.test.tsx: JobReviewDialog opens the warning panel for unconfirmed identity evidence without disabling Start [Rendered interaction asserts the real component UI state. The case does not establish any downstream machine or external service effect.]
src/ui/laser/job-review/JobReviewDialog.test.tsx: JobReviewDialog audit Controller Machine and Warnings disclosures toggle without resolving review [Rendered interaction asserts the real component UI state. The case does not establish any downstream machine or external service effect.]","Rendered interaction asserts the real component UI state. The case does not establish any downstream machine or external service effect."
"src/ui/laser/super-console/SuperConsoleDiagnostics.tsx:74:7","laser","src/ui/laser/super-console/SuperConsoleDiagnostics.tsx:74","{SECTION_LABELS[props.section]}","verified-behaviour","Expand and collapse this named section; preserve the surrounding project and setup state.","{""disabledWhen"":null,""enclosingConditions"":[],""scope"":""Current UI component; controller-specific runtime checks remain in the action/store.""}","src/ui/laser/MachineBoundaryControls.audit.test.tsx: Machine boundary control audit diagnostic category disclosures open and close without mutating controller readback [Rendered interaction asserts the real component UI state. The case does not establish any downstream machine or external service effect.]","Rendered interaction asserts the real component UI state. The case does not establish any downstream machine or external service effect."
"src/ui/laser/super-console/SuperConsoleDialog.tsx:110:11","laser","src/ui/laser/super-console/SuperConsoleDialog.tsx:110","group.hint","verified-behaviour","Toggle transcript group filter and remove matching rows from view.","{""disabledWhen"":null,""enclosingConditions"":[],""scope"":""Current UI component; controller-specific runtime checks remain in the action/store.""}","src/ui/laser/super-console/SuperConsoleDialog.test.tsx: SuperConsoleLauncher / SuperConsoleDialog hides a group when its filter chip is unchecked [Rendered clicks assert real local project/UI-store mutations or saved local data. No controller, hardware, or material qualification.]","Rendered clicks assert real local project/UI-store mutations or saved local data. No controller, hardware, or material qualification."
"src/ui/laser/super-console/SuperConsoleDialog.tsx:131:9","laser","src/ui/laser/super-console/SuperConsoleDialog.tsx:131","Keep the transcript scrolled to the newest visible line.","verified-boundary","Toggle Follow latest preference without hiding or deleting transcript records.","{""disabledWhen"":null,""enclosingConditions"":[],""scope"":""Current UI component; controller-specific runtime checks remain in the action/store.""}","src/ui/laser/super-console/SuperConsoleDialog.test.tsx: SuperConsoleLauncher / SuperConsoleDialog audit Follow latest toggles its preference without hiding or deleting transcript lines [Checkbox state binding and record preservation verified; actual scroll behavior in a layout engine is not exercised by jsdom.]","Checkbox state binding and record preservation verified; actual scroll behavior in a layout engine is not exercised by jsdom."
"src/ui/laser/super-console/SuperConsoleDialog.tsx:171:7","laser","src/ui/laser/super-console/SuperConsoleDialog.tsx:171","{props.copyState === 'copied' ? 'Copied' : 'Copy visible'}","verified-boundary","Copy timestamped visible TSV with manual fallback for unavailable clipboard.","{""disabledWhen"":""props.visibleCount === 0"",""enclosingConditions"":[],""scope"":""Current UI component; controller-specific runtime checks remain in the action/store.""}","src/ui/laser/super-console/SuperConsoleDialog.test.tsx: SuperConsoleLauncher / SuperConsoleDialog offers timestamped TSV for manual copy when clipboard access is unavailable [Rendered control and callback arguments verified at the named component boundary; downstream effects are not established by this case. No physical controller or material run.]","Rendered control and callback arguments verified at the named component boundary; downstream effects are not established by this case. No physical controller or material run."
"src/ui/laser/super-console/SuperConsoleDialog.tsx:179:7","laser","src/ui/laser/super-console/SuperConsoleDialog.tsx:179","Close","verified-behaviour","Close Super Console through its Close button.","{""disabledWhen"":null,""enclosingConditions"":[],""scope"":""Current UI component; controller-specific runtime checks remain in the action/store.""}","src/ui/laser/super-console/SuperConsoleDialog.test.tsx: SuperConsoleLauncher / SuperConsoleDialog closes via the Close button [Rendered clicks assert real local project/UI-store mutations or saved local data. No controller, hardware, or material qualification.]","Rendered clicks assert real local project/UI-store mutations or saved local data. No controller, hardware, or material qualification."
"src/ui/laser/super-console/SuperConsoleLauncher.tsx:11:7","laser","src/ui/laser/super-console/SuperConsoleLauncher.tsx:11","Super console","verified-behaviour","Open full Super Console from its launcher.","{""disabledWhen"":null,""enclosingConditions"":[],""scope"":""Current UI component; controller-specific runtime checks remain in the action/store.""}","src/ui/laser/super-console/SuperConsoleDialog.test.tsx: SuperConsoleLauncher / SuperConsoleDialog opens the dialog and shows the full transcript, beyond the docked 150-entry cap [Rendered clicks assert real local project/UI-store mutations or saved local data. No controller, hardware, or material qualification.]","Rendered clicks assert real local project/UI-store mutations or saved local data. No controller, hardware, or material qualification."
"src/ui/laser/super-console/SuperConsoleSnapshotCompare.tsx:46:7","laser","src/ui/laser/super-console/SuperConsoleSnapshotCompare.tsx:46","Compare two controller snapshots","verified-behaviour","Expand and collapse this named section; preserve the surrounding project and setup state.","{""disabledWhen"":null,""enclosingConditions"":[],""scope"":""Current UI component; controller-specific runtime checks remain in the action/store.""}","src/ui/laser/super-console/SuperConsoleSnapshotCompare.test.tsx: SuperConsoleSnapshotCompare audit comparison disclosure equivalent filter and each Clear affect only their selected snapshot [Rendered interaction asserts the real component UI state. The case does not establish any downstream machine or external service effect.]","Rendered interaction asserts the real component UI state. The case does not establish any downstream machine or external service effect."
"src/ui/laser/super-console/SuperConsoleSnapshotCompare.tsx:139:7","laser","src/ui/laser/super-console/SuperConsoleSnapshotCompare.tsx:139","Export current snapshot","verified-boundary","Export current controller readback with operator-supplied machine label.","{""disabledWhen"":""props.model.rowsCount === 0"",""enclosingConditions"":[],""scope"":""Current UI component; controller-specific runtime checks remain in the action/store.""}","src/ui/laser/super-console/SuperConsoleSnapshotCompare.test.tsx: SuperConsoleSnapshotCompare exports the current readback with an operator machine label [Rendered control and callback arguments verified at the named component boundary; downstream effects are not established by this case. No physical controller or material run.]","Rendered control and callback arguments verified at the named component boundary; downstream effects are not established by this case. No physical controller or material run."
"src/ui/laser/super-console/SuperConsoleSnapshotCompare.tsx:195:9","laser","src/ui/laser/super-console/SuperConsoleSnapshotCompare.tsx:195","Load {props.label}","verified-behaviour","Load A and B snapshots and show exact differences without claiming one is better.","{""disabledWhen"":null,""enclosingConditions"":[],""scope"":""Current UI component; controller-specific runtime checks remain in the action/store.""}","src/ui/laser/super-console/SuperConsoleSnapshotCompare.test.tsx: SuperConsoleSnapshotCompare loads two files and compares axis values without a quality verdict [Mocked file picker supplies fixture snapshots; real parsing, displayed comparison, filter and selected snapshot clearing are asserted. OS file selection is not exercised.]","Mocked file picker supplies fixture snapshots; real parsing, displayed comparison, filter and selected snapshot clearing are asserted. OS file selection is not exercised."
"src/ui/laser/super-console/SuperConsoleSnapshotCompare.tsx:202:9","laser","src/ui/laser/super-console/SuperConsoleSnapshotCompare.tsx:202","Clear","verified-behaviour","Toggle comparison details/equivalent rows, or clear only the chosen loaded snapshot.","{""disabledWhen"":""props.snapshot === null"",""enclosingConditions"":[],""scope"":""Current UI component; controller-specific runtime checks remain in the action/store.""}","src/ui/laser/super-console/SuperConsoleSnapshotCompare.test.tsx: SuperConsoleSnapshotCompare audit comparison disclosure equivalent filter and each Clear affect only their selected snapshot [Mocked file picker supplies fixture snapshots; real parsing, displayed comparison, filter and selected snapshot clearing are asserted. OS file selection is not exercised.]","Mocked file picker supplies fixture snapshots; real parsing, displayed comparison, filter and selected snapshot clearing are asserted. OS file selection is not exercised."
"src/ui/laser/super-console/SuperConsoleSnapshotCompare.tsx:233:11","laser","src/ui/laser/super-console/SuperConsoleSnapshotCompare.tsx:233","Include settings whose values are equivalent in both snapshots.","verified-behaviour","Toggle comparison details/equivalent rows, or clear only the chosen loaded snapshot.","{""disabledWhen"":null,""enclosingConditions"":[],""scope"":""Current UI component; controller-specific runtime checks remain in the action/store.""}","src/ui/laser/super-console/SuperConsoleSnapshotCompare.test.tsx: SuperConsoleSnapshotCompare audit comparison disclosure equivalent filter and each Clear affect only their selected snapshot [Mocked file picker supplies fixture snapshots; real parsing, displayed comparison, filter and selected snapshot clearing are asserted. OS file selection is not exercised.]","Mocked file picker supplies fixture snapshots; real parsing, displayed comparison, filter and selected snapshot clearing are asserted. OS file selection is not exercised."
"src/ui/machine/AddCncBitForm.tsx:96:7","machine","src/ui/machine/AddCncBitForm.tsx:96","Add bit","verified-behaviour","Validate and persist entered custom cutter geometry and flute count.","{""disabledWhen"":null,""enclosingConditions"":[],""scope"":""Current UI component; controller-specific runtime checks remain in the action/store.""}","src/ui/machine/AddCncBitForm.test.tsx: AddCncBitForm stores geometry and flute count in the Startup-owned bit definition [Rendered clicks assert real local project/UI-store mutations or saved local data. No controller, hardware, or material qualification.]","Rendered clicks assert real local project/UI-store mutations or saved local data. No controller, hardware, or material qualification."
"src/ui/machine/CncBitCatalogPanel.tsx:166:9","machine","src/ui/machine/CncBitCatalogPanel.tsx:166","`Add ${entry.tool.name} from catalog`","verified-behaviour","Add a supported modeled catalog bit exactly once with family/flute metadata.","{""disabledWhen"":null,""enclosingConditions"":[""not props.availability === 'saved'"",""not props.availability === 'built-in'""],""scope"":""Current UI component; controller-specific runtime checks remain in the action/store.""}","src/ui/machine/CncBitCatalogPanel.test.tsx: CncBitCatalogPanel adds a modeled bit once with its family and flute metadata [Rendered clicks assert real local project/UI-store mutations or saved local data. No controller, hardware, or material qualification.]","Rendered clicks assert real local project/UI-store mutations or saved local data. No controller, hardware, or material qualification."
"src/ui/machine/CncBitCatalogPanel.tsx:203:7","machine","src/ui/machine/CncBitCatalogPanel.tsx:203","{label}","verified-behaviour","Expand and collapse this named section; preserve the surrounding project and setup state.","{""disabledWhen"":null,""enclosingConditions"":[],""scope"":""Current UI component; controller-specific runtime checks remain in the action/store.""}","src/ui/machine/CncToolPicture.test.tsx: CncToolPicture audit catalog manufacturer source disclosures open and close without changing tools [Rendered interaction asserts the real component UI state. The case does not establish any downstream machine or external service effect.]","Rendered interaction asserts the real component UI state. The case does not establish any downstream machine or external service effect."
"src/ui/machine/CncDetectedSettingsRow.tsx:44:7","machine","src/ui/machine/CncDetectedSettingsRow.tsx:44","Apply","verified-behaviour","Apply selected CNC controller scale/travel to the correct profile fields without rewriting stock.","{""disabledWhen"":""apply === null"",""enclosingConditions"":[],""scope"":""Current UI component; controller-specific runtime checks remain in the action/store.""}","src/ui/machine/CncDetectedSettingsRow.test.tsx: CncDetectedSettingsRow (ADR-111) applies detected spindle max to params and bed to the device, not the stock [Rendered clicks assert real local project/UI-store mutations or saved local data. No controller, hardware, or material qualification.]","Rendered clicks assert real local project/UI-store mutations or saved local data. No controller, hardware, or material qualification."
"src/ui/machine/CncLibraryPanels.tsx:119:9","machine","src/ui/machine/CncLibraryPanels.tsx:119","`Delete bit ${props.tool.name}`","verified-behaviour","Delete the custom bit and clear only its operation assignments.","{""disabledWhen"":null,""enclosingConditions"":[""props.custom""],""scope"":""Current UI component; controller-specific runtime checks remain in the action/store.""}","src/ui/machine/CncLibraryPanels.test.tsx: CncToolManager deletes the custom bit and clears active 'V-carve clearing' assignments [Rendered clicks assert real local project/UI-store mutations or saved local data. No controller, hardware, or material qualification.]
src/ui/machine/CncLibraryPanels.test.tsx: CncToolManager deletes the custom bit and clears active 'relief finishing' assignments [Rendered clicks assert real local project/UI-store mutations or saved local data. No controller, hardware, or material qualification.]
src/ui/machine/CncLibraryPanels.test.tsx: CncToolManager deletes the custom bit and clears active 'pocket roughing' assignments [Rendered clicks assert real local project/UI-store mutations or saved local data. No controller, hardware, or material qualification.]","Rendered clicks assert real local project/UI-store mutations or saved local data. No controller, hardware, or material qualification."
"src/ui/machine/CncToolPicture.tsx:19:7","machine","src/ui/machine/CncToolPicture.tsx:19","{open ? 'Hide picture' : 'Show picture'} : {props.label ?? picture.label}","verified-behaviour","Expand and collapse this named section; preserve the surrounding project and setup state.","{""disabledWhen"":null,""enclosingConditions"":[],""scope"":""Current UI component; controller-specific runtime checks remain in the action/store.""}","src/ui/machine/CncToolPicture.test.tsx: CncToolPicture audit picture summary clicks mount and hide the selected photo without changing the project [Rendered interaction asserts the real component UI state. The case does not establish any downstream machine or external service effect.]","Rendered interaction asserts the real component UI state. The case does not establish any downstream machine or external service effect."
"src/ui/machine/MachineModeToggle.tsx:24:7","machine","src/ui/machine/MachineModeToggle.tsx:24","Laser","verified-behaviour","Switch the local project to Laser mode while retaining a capability warning for a CNC-only-labelled profile.","{""disabledWhen"":null,""enclosingConditions"":[],""scope"":""Current UI component; controller-specific runtime checks remain in the action/store.""}","src/ui/machine/MachineModeToggle.hybrid.test.tsx: MachineModeToggle machine capability keeps Laser available and warns for a CNC-only-labelled profile [Rendered clicks assert real local project/UI-store mutations or saved local data. No controller, hardware, or material qualification.]","Rendered clicks assert real local project/UI-store mutations or saved local data. No controller, hardware, or material qualification."
"src/ui/machine/MachineModeToggle.tsx:32:7","machine","src/ui/machine/MachineModeToggle.tsx:32","CNC","verified-behaviour","Switch the local project to CNC mode and restore its stored CNC contract on a hybrid profile.","{""disabledWhen"":null,""enclosingConditions"":[],""scope"":""Current UI component; controller-specific runtime checks remain in the action/store.""}","src/ui/machine/MachineModeToggle.hybrid.test.tsx: MachineModeToggle machine capability enables both modes on a hybrid profile and restores its CNC contract [Rendered clicks assert real local project/UI-store mutations or saved local data. No controller, hardware, or material qualification.]","Rendered clicks assert real local project/UI-store mutations or saved local data. No controller, hardware, or material qualification."
"src/ui/machine/MachineModeToggle.tsx:56:5","machine","src/ui/machine/MachineModeToggle.tsx:56","{props.label}","verified-behaviour","Switch the requested Laser/CNC local project mode, preserving the applicable stored output contract and capability warning.","{""disabledWhen"":null,""enclosingConditions"":[],""scope"":""Current UI component; controller-specific runtime checks remain in the action/store.""}","src/ui/machine/MachineModeToggle.hybrid.test.tsx: MachineModeToggle machine capability enables both modes on a hybrid profile and restores its CNC contract [Rendered clicks assert real local project/UI-store mutations or saved local data. No controller, hardware, or material qualification.]
src/ui/machine/MachineModeToggle.hybrid.test.tsx: MachineModeToggle machine capability keeps Laser available and warns for a CNC-only-labelled profile [Rendered clicks assert real local project/UI-store mutations or saved local data. No controller, hardware, or material qualification.]","Rendered clicks assert real local project/UI-store mutations or saved local data. No controller, hardware, or material qualification."
"src/ui/machine/SpindleScaleChoice.tsx:9:7","machine","src/ui/machine/SpindleScaleChoice.tsx:9","Use S maximum as spindle RPM","verified-behaviour","Explicitly choose whether detected S maximum is interpreted as spindle RPM.","{""disabledWhen"":null,""enclosingConditions"":[],""scope"":""Current UI component; controller-specific runtime checks remain in the action/store.""}","src/ui/machine/CncDetectedSettingsRow.test.tsx: CncDetectedSettingsRow (ADR-111) applies detected spindle max to params and bed to the device, not the stock [Rendered clicks assert real local project/UI-store mutations or saved local data. No controller, hardware, or material qualification.]","Rendered clicks assert real local project/UI-store mutations or saved local data. No controller, hardware, or material qualification."
"src/ui/machine/SurfacingPanel.tsx:77:7","machine","src/ui/machine/SurfacingPanel.tsx:77","Save surfacing G-code…","verified-boundary","Generate and save preflighted surfacing output with provenance, safe-Z and capped feed.","{""disabledWhen"":null,""enclosingConditions"":[],""scope"":""Current UI component; controller-specific runtime checks remain in the action/store.""}","src/ui/machine/SurfacingPanel.test.tsx: SurfacingPanel save path writes a preflighted provenance file with safe-Z before M3 and capped feeds [Real generated output bytes are checked through a mocked save adapter; OS file persistence, controller acceptance and material output are not exercised.]","Real generated output bytes are checked through a mocked save adapter; OS file persistence, controller acceptance and material output are not exercised."
"src/ui/machine/SurfacingPanel.tsx:92:13","machine","src/ui/machine/SurfacingPanel.tsx:92","Cancel surfacing save","verified-boundary","Abort the active uncommitted preparation and retire progress without committing a file.","{""disabledWhen"":null,""enclosingConditions"":[""phase !== 'finalizing'"",""phase !== null""],""scope"":""Current UI component; controller-specific runtime checks remain in the action/store.""}","src/ui/machine/SurfacingCancel.audit.test.tsx: audit Cancel surfacing save aborts the active preparation and retires progress without committing a file [Real cancellation hook and AbortSignal, mocked save orchestration; OS file writer separately covered by existing save suites.]","Real cancellation hook and AbortSignal, mocked save orchestration; OS file writer separately covered by existing save suites."
"src/ui/box/BoxFitTestDialog.tsx:115:9","box","src/ui/box/BoxFitTestDialog.tsx:115","Cancel","verified-boundary","Cancel the fit-coupon dialog without generating parts.","Open fit-test dialog.","src/ui/box/BoxControls.audit.test.tsx: artwork control audit: box secondary controls cancels the fit-test dialog without generating a coupon [Actual DOM activation and production handler; callback arguments asserted using a test spy. Parent project insertion/native execution is outside this case.]",""
"src/ui/box/BoxFitTestDialog.tsx:116:9","box","src/ui/box/BoxFitTestDialog.tsx:116","Generate","verified-boundary","Generate validated fit-coupon parts and persist the draft.","Disabled until core validation returns generated geometry; invalid native/direct submit produces no callback.","src/ui/box/BoxFitTestDialog.test.tsx: fit coupon relief validation preserves blank CNC text and prevents native or direct submission until diameter is valid [Actual DOM activation and production handler; callback arguments asserted using a test spy. Parent project insertion/native execution is outside this case. Native submit validity, saved draft boundary, and generated geometry are asserted; no cut or assembly test.]",""
"src/ui/box/BoxGenerationStatus.tsx:21:7","box","src/ui/box/BoxGenerationStatus.tsx:21","Cancel preview generation","verified-boundary","Cancel the active preview request and leave Generate disabled.","Cancel during pending; Retry only after cancelled or failed.","src/ui/box/BoxGeneratorDialog.worker.test.tsx: BoxGeneratorDialog background generation cancels active preview work and retries immediately on the warm worker [Manual worker fixture receives production requests; actual client/hook cancellation and retry state are asserted. No native Worker scheduling is claimed.]",""
"src/ui/box/BoxGenerationStatus.tsx:23:7","box","src/ui/box/BoxGenerationStatus.tsx:23","Retry preview generation","verified-boundary","Retry a cancelled/failed preview with a new request ID.","Cancel during pending; Retry only after cancelled or failed.","src/ui/box/BoxGeneratorDialog.worker.test.tsx: BoxGeneratorDialog background generation cancels active preview work and retries immediately on the warm worker [Manual worker fixture receives production requests; actual client/hook cancellation and retry state are asserted. No native Worker scheduling is claimed.]",""
"src/ui/box/BoxGeneratorDialog.tsx:87:9","box","src/ui/box/BoxGeneratorDialog.tsx:87","Cancel","verified-boundary","Retire pending preview work and close without inserting.","Open box dialog.","src/ui/box/BoxGeneratorDialog.worker.test.tsx: BoxGeneratorDialog background generation drops pending work before dialog Cancel closes without insertion [Actual DOM activation and production handler; callback arguments asserted using a test spy. Parent project insertion/native execution is outside this case.]",""
"src/ui/box/BoxGeneratorDialog.tsx:88:9","box","src/ui/box/BoxGeneratorDialog.tsx:88","Generate","verified-boundary","Deliver the current validated six-panel geometry to insertion callback.","Disabled until the current draft has matching generated geometry.","src/ui/box/BoxGeneratorDialog.worker.test.tsx: BoxGeneratorDialog background generation enables Generate only after matching worker geometry is ready [Manual worker fixture executes production box geometry; generated callback matches direct geometry. Workspace insertion/material fit is not claimed.]",""
"src/ui/box/BoxGeneratorPreview.tsx:18:9","box","src/ui/box/BoxGeneratorPreview.tsx:18","Flat","verified-behaviour","Select the Flat preview and clear Assembled pressed state.","Both views available in the open box dialog, including pending/no snapshot.","src/ui/box/BoxControls.audit.test.tsx: artwork control audit: box secondary controls changes from Flat to Assembled and back with truthful pressed states [DOM click through real React handlers and actual in-memory project/UI state; no controller or physical output.]","Additional existing worker case verifies an assembled canvas for generated geometry; no visual or physical fit claim."
"src/ui/box/BoxGeneratorPreview.tsx:21:9","box","src/ui/box/BoxGeneratorPreview.tsx:21","Assembled","verified-behaviour","Select the Assembled preview and clear Flat pressed state.","Both views available in the open box dialog, including pending/no snapshot.","src/ui/box/BoxControls.audit.test.tsx: artwork control audit: box secondary controls changes from Flat to Assembled and back with truthful pressed states [DOM click through real React handlers and actual in-memory project/UI state; no controller or physical output.]","Additional existing worker case verifies an assembled canvas for generated geometry; no visual or physical fit claim."
"src/ui/kit/Button.tsx:35:5","kit","src/ui/kit/Button.tsx:35","{children}","verified-boundary","Dispatch enabled action; suppress disabled action; default to non-submit.","Reusable native button, availability controlled by caller.","src/ui/kit/KitControls.audit.test.tsx: artwork control audit: shared kit controls dispatches enabled buttons once suppresses disabled ones and does not submit by default [Actual DOM activation and production handler; callback arguments asserted using a test spy. Parent project insertion/native execution is outside this case.]",""
"src/ui/kit/Dialog.tsx:52:9","kit","src/ui/kit/Dialog.tsx:52","TutorialButton","verified-behaviour","Open contextual tutorial without closing, submitting, or resetting the draft.","Dialog supplies tutorialId.","src/ui/kit/Dialog.test.tsx: kit Dialog opens the contextual lesson without submitting or resetting the open form [Actual tutorial store target and retained form draft asserted; submit/close spies remain untouched. Project/history invariance is not asserted in this case.]",""
"src/ui/kit/IconButton.tsx:32:5","kit","src/ui/kit/IconButton.tsx:32","props.label","verified-boundary","Dispatch labelled icon action; suppress it when disabled; never implicitly submit.","Reusable native icon button, availability controlled by caller.","src/ui/kit/KitControls.audit.test.tsx: artwork control audit: shared kit controls dispatches enabled buttons once suppresses disabled ones and does not submit by default [Actual DOM activation and production handler; callback arguments asserted using a test spy. Parent project insertion/native execution is outside this case.]",""
"src/ui/kit/RailSection.tsx:22:7","kit","src/ui/kit/RailSection.tsx:22","{props.label} {props.badge === undefined ? null : <span className=""lf-section-badge"">{props.badge}</span>}","verified-behaviour","Toggle the section disclosure open and closed.","Section mounted; native details/summary.","src/ui/kit/KitControls.audit.test.tsx: artwork control audit: shared kit controls opens and closes a disclosure and opens its actual contextual lesson [DOM click through real React handlers and actual in-memory project/UI state; no controller or physical output.]",""
"src/ui/kit/RailSection.tsx:29:13","kit","src/ui/kit/RailSection.tsx:29","TutorialButton","verified-behaviour","Open the lesson supplied by the section.","tutorialId supplied; route inside disclosed section.","src/ui/kit/KitControls.audit.test.tsx: artwork control audit: shared kit controls opens and closes a disclosure and opens its actual contextual lesson [Actual details disclosure and named tutorial store target asserted. Reader content is tested by the shared tutorial audit.]",""
"src/ui/layers/AddLayerControls.tsx:33:7","layers","src/ui/layers/AddLayerControls.tsx:33","Add layer","intentionally-unavailable","Create a manual layer with chosen colour and make it active.","No current production mount; standalone legacy form.","src/ui/layers/OperationControls.audit.test.tsx: artwork control audit: operations creates and assigns through the legacy standalone controls with no-selection guard [DOM click through real React handlers and actual in-memory project/UI state; no controller or physical output.]","Legacy standalone component has no production mount in current source. Its action is tested in isolation; current UI uses first-class artwork operations."
"src/ui/layers/ArtworkRunOrderRow.tsx:48:5","layers","src/ui/layers/ArtworkRunOrderRow.tsx:48","`Run ${props.row.position}: ${props.row.name}`","verified-behaviour","Focus and select the clicked run unit.","Visible run row.","src/ui/layers/ArtworkRunOrderPanel.test.tsx: ArtworkRunOrderPanel focuses a run unit and moves it by exact number [DOM click through real React handlers and actual in-memory project/UI state; no controller or physical output.]",""
"src/ui/layers/ArtworkRunOrderRow.tsx:59:9","layers","src/ui/layers/ArtworkRunOrderRow.tsx:59","Run","not-action-control","Label the numeric run input and stop row-selection propagation.","Run row label; not a separate action button.","src/ui/layers/ArtworkRunOrderRow.tsx: Source inspection: label around RunPositionInput only calls stopPropagation [Inventory false positive; numeric-input editing is outside the baseline button record.]",""
"src/ui/layers/ArtworkRunOrderRow.tsx:69:11","layers","src/ui/layers/ArtworkRunOrderRow.tsx:69","RunSelectionButton","verified-behaviour","Select the run artwork through the focusable native button.","Visible run row; selected state reflected with aria-pressed.","src/ui/layers/ArtworkUtilities.audit.test.tsx: artwork control audit: utilities jumps to a numbered run selects through its native button and opens its settings [DOM click through real React handlers and actual in-memory project/UI state; no controller or physical output.]",""
"src/ui/layers/ArtworkRunOrderRow.tsx:97:9","layers","src/ui/layers/ArtworkRunOrderRow.tsx:97","Edit settings","verified-behaviour","Select the row artwork and switch to its Settings panel.","Visible run row.","src/ui/layers/ArtworkUtilities.audit.test.tsx: artwork control audit: utilities jumps to a numbered run selects through its native button and opens its settings [DOM click through real React handlers and actual in-memory project/UI state; no controller or physical output.]",""
"src/ui/layers/ArtworkRunOrderRow.tsx:119:5","layers","src/ui/layers/ArtworkRunOrderRow.tsx:119","`Select ${props.name}`","verified-behaviour","Select the run artwork through the focusable native button.","Visible run row; selected state reflected with aria-pressed.","src/ui/layers/ArtworkUtilities.audit.test.tsx: artwork control audit: utilities jumps to a numbered run selects through its native button and opens its settings [DOM click through real React handlers and actual in-memory project/UI state; no controller or physical output.]",""
"src/ui/layers/ArtworkRunOrderToolbar.tsx:41:9","layers","src/ui/layers/ArtworkRunOrderToolbar.tsx:41","Undo last","verified-behaviour","Undo the latest canvas number assignment within the active interaction.","Canvas numbering active; Undo disabled until an assignment exists.","src/ui/layers/ArtworkRunOrderPanel.test.tsx: ArtworkRunOrderPanel undoes within numbering, commits Done once, and restores Cancel [DOM click through real React handlers and actual in-memory project/UI state; no controller or physical output.]",""
"src/ui/layers/ArtworkRunOrderToolbar.tsx:49:9","layers","src/ui/layers/ArtworkRunOrderToolbar.tsx:49","Done","verified-behaviour","Finish numbering and commit its order changes as one undoable step.","Canvas numbering active; Undo disabled until an assignment exists.","src/ui/layers/ArtworkRunOrderPanel.test.tsx: ArtworkRunOrderPanel undoes within numbering, commits Done once, and restores Cancel [DOM click through real React handlers and actual in-memory project/UI state; no controller or physical output.]",""
"src/ui/layers/ArtworkRunOrderToolbar.tsx:57:9","layers","src/ui/layers/ArtworkRunOrderToolbar.tsx:57","Cancel","verified-behaviour","Cancel numbering and restore its original artwork order.","Canvas numbering active; Undo disabled until an assignment exists.","src/ui/layers/ArtworkRunOrderPanel.test.tsx: ArtworkRunOrderPanel undoes within numbering, commits Done once, and restores Cancel [DOM click through real React handlers and actual in-memory project/UI state; no controller or physical output.]",""
"src/ui/layers/ArtworkRunOrderToolbar.tsx:84:7","layers","src/ui/layers/ArtworkRunOrderToolbar.tsx:84","Run order tutorial","verified-behaviour","Open the operations/run-order lesson.","At least one run unit and numbering idle.","src/ui/layers/ContextualLessons.audit.test.tsx: artwork control audit: contextual lesson bindings opens the run order lesson from its toolbar [Actual enclosing component trigger opens the named tutorial store entry and preserves project/history. Reader delivery is separately tested by the shared tutorial audit.]",""
"src/ui/layers/ArtworkRunOrderToolbar.tsx:95:9","layers","src/ui/layers/ArtworkRunOrderToolbar.tsx:95","Number on canvas","verified-behaviour","Start one undoable canvas numbering interaction at position one.","Run-order panel with run units, numbering idle.","src/ui/layers/ArtworkRunOrderPanel.test.tsx: ArtworkRunOrderPanel virtualizes a 50-job list and starts one canvas-numbering interaction [DOM click through real React handlers and actual in-memory project/UI state; no controller or physical output.]",""
"src/ui/layers/ArtworkRunOrderToolbar.tsx:119:9","layers","src/ui/layers/ArtworkRunOrderToolbar.tsx:119","Go","verified-behaviour","Reveal and select the requested run number, clearing search.","Numbering idle; a valid existing run is required to act.","src/ui/layers/ArtworkUtilities.audit.test.tsx: artwork control audit: utilities jumps to a numbered run selects through its native button and opens its settings [DOM click through real React handlers and actual in-memory project/UI state; no controller or physical output.]",""
"src/ui/layers/AssignSelectionButton.tsx:10:5","layers","src/ui/layers/AssignSelectionButton.tsx:10","`Assign selection to ${layer.color}`","intentionally-unavailable","Assign selected artwork to the target operation.","No current production mount; disabled with no selection.","src/ui/layers/OperationControls.audit.test.tsx: artwork control audit: operations creates and assigns through the legacy standalone controls with no-selection guard [DOM click through real React handlers and actual in-memory project/UI state; no controller or physical output.]","Legacy standalone component has no production mount in current source. Its action is tested in isolation; current UI uses first-class artwork operations."
"src/ui/layers/CncFeedPresetRows.tsx:52:9","layers","src/ui/layers/CncFeedPresetRows.tsx:52","`Save feeds preset for ${props.layer.color}`","verified-behaviour","Create a saved CNC feeds preset with the entered name.","CNC feed helpers; disabled for blank/whitespace name.","src/ui/layers/CncFeedPresetRows.test.tsx: CncFeedPresetRows shows an honest empty state and disables saving until a name exists [DOM click through real React handlers and actual in-memory project/UI state; no controller or physical output.]",""
"src/ui/layers/CncLayerFields.tsx:59:7","layers","src/ui/layers/CncLayerFields.tsx:59","Cut type tutorial","verified-behaviour","Open the lesson corresponding to the current CNC cut type.","CNC operation inspector.","src/ui/layers/ContextualLessons.audit.test.tsx: artwork control audit: contextual lesson bindings opens the CNC profile-outside cut type lesson [Actual enclosing component trigger opens the named tutorial store entry and preserves project/history. Reader delivery is separately tested by the shared tutorial audit.]
src/ui/layers/ContextualLessons.audit.test.tsx: artwork control audit: contextual lesson bindings opens the CNC pocket cut type lesson [Actual enclosing component trigger opens the named tutorial store entry and preserves project/history. Reader delivery is separately tested by the shared tutorial audit.]
src/ui/layers/ContextualLessons.audit.test.tsx: artwork control audit: contextual lesson bindings opens the CNC v-carve cut type lesson [Actual enclosing component trigger opens the named tutorial store entry and preserves project/history. Reader delivery is separately tested by the shared tutorial audit.]",""
"src/ui/layers/CncLayerFields.tsx:141:11","layers","src/ui/layers/CncLayerFields.tsx:141","`Flat depth for ${props.layer.color}`","verified-behaviour","Switch V-carve from flowing depth to an explicit flat floor.","V-carve operation only.","src/ui/layers/CncLayerFields.clarity.test.tsx: CNC layer clarity defaults new V-carves to flowing depth and makes a flat floor explicit [DOM click through real React handlers and actual in-memory project/UI state; no controller or physical output.]",""
"src/ui/layers/CncLayerFields.tsx:189:11","layers","src/ui/layers/CncLayerFields.tsx:189","Set to stock thickness ( {props.stockThicknessMm} mm)","verified-behaviour","Set exact cut depth to measured Startup stock thickness.","Profile/inlay depth field; explicit operator action.","src/ui/layers/CncLayerFields.test.tsx: CncLayerFields always-visible Advanced section the stock-thickness button sets exact measured stock depth without hidden overcut [DOM click through real React handlers and actual in-memory project/UI state; no controller or physical output.]",""
"src/ui/layers/CncLayerToolFields.tsx:146:9","layers","src/ui/layers/CncLayerToolFields.tsx:146","`Helical entry for ${props.layer.color}`","verified-behaviour","Enable helix entry, clearing ramp entry while preserving the Startup roughing tool.","Pocket operation.","src/ui/layers/CncLayerFields.test.tsx: CncLayerFields always-visible Advanced section enables pocket helical entry without replacing the Startup roughing bit [DOM click through real React handlers and actual in-memory project/UI state; no controller or physical output.]",""
"src/ui/layers/CncProfileLeadFields.tsx:69:11","layers","src/ui/layers/CncProfileLeadFields.tsx:69","Use cutter radius ( {props.toolRadius} mm)","verified-behaviour","Remove custom lead radius/length so the resolved cutter radius applies.","Inside/outside profile with leads enabled and explicit radius present.","src/ui/layers/CutFlags.audit.test.tsx: artwork control audit: cut settings removes custom profile lead radius and switches retract off in actual operation state [DOM click through real React handlers and actual in-memory project/UI state; no controller or physical output.]",""
"src/ui/layers/CncRetractPassesField.tsx:24:7","layers","src/ui/layers/CncRetractPassesField.tsx:24","`Retract between passes for ${props.layer.color}`","verified-behaviour","Store retract-between-passes off/on for applicable cuts.","Cuts whose pass motion uses this setting; hidden for pocket.","src/ui/layers/CutFlags.audit.test.tsx: artwork control audit: cut settings removes custom profile lead radius and switches retract off in actual operation state [DOM click through real React handlers and actual in-memory project/UI state; no controller or physical output.]",""
"src/ui/layers/CncTabFields.tsx:20:9","layers","src/ui/layers/CncTabFields.tsx:20","`Holding tabs for ${layer.color}`","verified-behaviour","Toggle holding tabs and disarm only the matching editor when disabled.","Profile/inlay tab settings.","src/ui/layers/CncLayerFields.tabs.test.tsx: CNC tab settings and canvas editor disables the matching editor while preserving dragged positions across re-enable [DOM click through real React handlers and actual in-memory project/UI state; no controller or physical output.]",""
"src/ui/layers/CncTabFields.tsx:30:9","layers","src/ui/layers/CncTabFields.tsx:30","Holding tabs","verified-behaviour","Open the CNC holding-tabs lesson.","Tab fields visible.","src/ui/layers/ContextualLessons.audit.test.tsx: artwork control audit: contextual lesson bindings opens the holding tabs lesson from the profile fields [Actual enclosing component trigger opens the named tutorial store entry and preserves project/history. Reader delivery is separately tested by the shared tutorial audit.]",""
"src/ui/layers/CncTabPositionControls.tsx:44:7","layers","src/ui/layers/CncTabPositionControls.tsx:44","Edit positions","verified-behaviour","Seed saved tab anchors and enter canvas tab-position editing for the target operation.","Tabs enabled; Edit requires one editable matching profile object; reset route when manual positions exist.","src/ui/layers/CncLayerFields.test.tsx: CncLayerFields always-visible Advanced section seeds editable tab handles for one selected profile object and can reset them [DOM click through real React handlers and actual in-memory project/UI state; no controller or physical output.]",""
"src/ui/layers/CncTabPositionControls.tsx:62:9","layers","src/ui/layers/CncTabPositionControls.tsx:62","Reset automatic","verified-behaviour","Remove saved manual tab anchors and return to automatic placement and Select mode.","Tabs enabled; Edit requires one editable matching profile object; reset route when manual positions exist.","src/ui/layers/CncLayerFields.test.tsx: CncLayerFields always-visible Advanced section seeds editable tab handles for one selected profile object and can reset them [DOM click through real React handlers and actual in-memory project/UI state; no controller or physical output.]",""
"src/ui/layers/CutSettingsCommonFields.tsx:60:9","layers","src/ui/layers/CutSettingsCommonFields.tsx:60","Show or hide this layer on the workspace without changing output.","verified-behaviour","Stage workspace visibility and commit it only on OK.","Advanced dialog; membership only when editable, bridge fields only Line.","src/ui/layers/CutFlags.audit.test.tsx: artwork control audit: cut settings commits every line advanced checkbox only on OK [DOM click through real React handlers and actual in-memory project/UI state; no controller or physical output.]",""
"src/ui/layers/CutSettingsCommonFields.tsx:69:9","layers","src/ui/layers/CutSettingsCommonFields.tsx:69","Include or exclude this layer when previewing, framing, exporting, or starting jobs.","verified-behaviour","Stage output inclusion and commit it only on OK.","Advanced dialog; membership only when editable, bridge fields only Line.","src/ui/layers/CutFlags.audit.test.tsx: artwork control audit: cut settings commits every line advanced checkbox only on OK [DOM click through real React handlers and actual in-memory project/UI state; no controller or physical output.]",""
"src/ui/layers/CutSettingsCommonFields.tsx:133:11","layers","src/ui/layers/CutSettingsCommonFields.tsx:133","Cut settings enable tabs","verified-behaviour","Stage enabled line-cut bridges and commit only on OK.","Advanced dialog; membership only when editable, bridge fields only Line.","src/ui/layers/CutFlags.audit.test.tsx: artwork control audit: cut settings commits every line advanced checkbox only on OK [DOM click through real React handlers and actual in-memory project/UI state; no controller or physical output.]",""
"src/ui/layers/CutSettingsCommonFields.tsx:166:11","layers","src/ui/layers/CutSettingsCommonFields.tsx:166","Cut settings skip inner tabs","verified-behaviour","Stage skipping bridges on inner contours and commit only on OK.","Advanced dialog; membership only when editable, bridge fields only Line.","src/ui/layers/CutFlags.audit.test.tsx: artwork control audit: cut settings commits every line advanced checkbox only on OK [DOM click through real React handlers and actual in-memory project/UI state; no controller or physical output.]",""
"src/ui/layers/CutSettingsDefaultActions.tsx:12:7","layers","src/ui/layers/CutSettingsDefaultActions.tsx:12","Make Default","verified-behaviour","Save current stored operation settings as this colour default without applying staged edits.","Advanced settings with all three default handlers; absent for selected-object override editing.","src/ui/layers/CutFlags.audit.test.tsx: artwork control audit: cut settings makes color and global defaults and resets the live dialog from the saved color default [DOM click through real React handlers and actual in-memory project/UI state; no controller or physical output.]",""
"src/ui/layers/CutSettingsDefaultActions.tsx:19:7","layers","src/ui/layers/CutSettingsDefaultActions.tsx:19","Reset to Default","verified-behaviour","Reset the stored operation and open form to its saved colour default.","Advanced settings with all three default handlers; absent for selected-object override editing.","src/ui/layers/CutFlags.audit.test.tsx: artwork control audit: cut settings makes color and global defaults and resets the live dialog from the saved color default [DOM click through real React handlers and actual in-memory project/UI state; no controller or physical output.]",""
"src/ui/layers/CutSettingsDefaultActions.tsx:26:7","layers","src/ui/layers/CutSettingsDefaultActions.tsx:26","Make Default for All","verified-behaviour","Save current stored operation settings as the default for all colours.","Advanced settings with all three default handlers; absent for selected-object override editing.","src/ui/layers/CutFlags.audit.test.tsx: artwork control audit: cut settings makes color and global defaults and resets the live dialog from the saved color default [DOM click through real React handlers and actual in-memory project/UI state; no controller or physical output.]",""
"src/ui/layers/CutSettingsDialog.tsx:77:9","layers","src/ui/layers/CutSettingsDialog.tsx:77","Cancel","verified-behaviour","Cancel the dialog without committing staged edits.","Open advanced cut settings.","src/ui/layers/CutsLayersPanel.cut-settings.test.tsx: selected artwork cut settings cancels staged settings without changing the operation [DOM click through real React handlers and actual in-memory project/UI state; no controller or physical output.]",""
"src/ui/layers/CutSettingsDialog.tsx:78:9","layers","src/ui/layers/CutSettingsDialog.tsx:78","OK","verified-behaviour","Commit staged settings to the owning operation and close.","Valid advanced cut-settings form.","src/ui/layers/CutsLayersPanel.cut-settings.test.tsx: selected artwork cut settings stages advanced settings and applies them only after OK [DOM click through real React handlers and actual in-memory project/UI state; no controller or physical output.]",""
"src/ui/layers/CutSettingsDialog.tsx:173:11","layers","src/ui/layers/CutSettingsDialog.tsx:173","TutorialButton","verified-behaviour","Open the lesson for the draft operation mode while preserving unsaved fields.","Open advanced dialog.","src/ui/layers/CutSettingsDialog.tutorial.test.tsx: opens help for the draft cut mode without submitting or losing edits, and follows a store reset [Actual lesson target, retained draft mode/power and Escape focus return asserted. Apply/Cancel are callback spies verified untouched; project/history invariance is not asserted in this case.]",""
"src/ui/layers/CutSettingsFillFields.tsx:60:9","layers","src/ui/layers/CutSettingsFillFields.tsx:60","Scan fill lines in both directions to reduce travel time.","verified-behaviour","Stage alternating bidirectional fill scanning and commit on OK.","Fill details only.","src/ui/layers/CutFlags.audit.test.tsx: artwork control audit: cut settings commits every fill advanced checkbox only on OK [DOM click through real React handlers and actual in-memory project/UI state; no controller or physical output.]",""
"src/ui/layers/CutSettingsFillFields.tsx:70:9","layers","src/ui/layers/CutSettingsFillFields.tsx:70","Cut settings cross-hatch","verified-behaviour","Stage a perpendicular cross-hatch fill pass and commit on OK.","Fill details only.","src/ui/layers/CutFlags.audit.test.tsx: artwork control audit: cut settings commits every fill advanced checkbox only on OK [DOM click through real React handlers and actual in-memory project/UI state; no controller or physical output.]",""
"src/ui/layers/CutSettingsFillFields.tsx:110:7","layers","src/ui/layers/CutSettingsFillFields.tsx:110","Allow uncalibrated bidirectional scanning, which can double or blur edges. Profiles requiring verified offsets still use one-way scanning while a saved table is marked pending.","verified-behaviour","Stage the explicit uncalibrated bidirectional override and commit on OK.","Fill details only.","src/ui/layers/CutFlags.audit.test.tsx: artwork control audit: cut settings commits every fill advanced checkbox only on OK [DOM click through real React handlers and actual in-memory project/UI state; no controller or physical output.]",""
"src/ui/layers/CutSettingsImageFields.tsx:205:7","layers","src/ui/layers/CutSettingsImageFields.tsx:205","props.title","verified-behaviour","Stage each generated image checkbox: negative, bidirectional, expert override and pass-through; commit on OK.","Image details only; generic renderer instantiated for each named flag.","src/ui/layers/CutFlags.audit.test.tsx: artwork control audit: cut settings commits every image advanced checkbox only on OK [DOM click through real React handlers and actual in-memory project/UI state; no controller or physical output.]",""
"src/ui/layers/CutsLayersPanel.tsx:61:7","layers","src/ui/layers/CutsLayersPanel.tsx:61","{activeView === 'materials' ? ( <MaterialLibraryPanel /> ) : activeView === 'run-order' ? ( <ArtworkRunOrderPanel /> ) : ( <LayersView layers={layers} /> )}","not-action-control","Group and label the current panel content or tab list.","Layout/accessibility container; not independently activated.","src/ui/layers/CutsLayersPanel.tsx: Source inspection: role=tabpanel or role=tablist div has no action handler [Source-inventory false positive.]",""
"src/ui/layers/CutsLayersPanel.tsx:85:5","layers","src/ui/layers/CutsLayersPanel.tsx:85","Artwork panel view","not-action-control","Group and label the current panel content or tab list.","Layout/accessibility container; not independently activated.","src/ui/layers/CutsLayersPanel.tsx: Source inspection: role=tabpanel or role=tablist div has no action handler [Source-inventory false positive.]",""
"src/ui/layers/CutsLayersPanel.tsx:124:5","layers","src/ui/layers/CutsLayersPanel.tsx:124","{props.label}","verified-behaviour","Select Run order or Materials and expose the corresponding panel.","Materials only Laser; Settings and Run order in both modes.","src/ui/layers/CutsLayersPanel.tabs.test.tsx: CutsLayersPanel tabs keeps material management out of the default layer workflow [DOM click through real React handlers and actual in-memory project/UI state; no controller or physical output.]
src/ui/layers/CutsLayersPanel.tabs.test.tsx: CutsLayersPanel tabs opens the numeric run-order manager for laser and CNC projects [DOM click through real React handlers and actual in-memory project/UI state; no controller or physical output.]
src/ui/layers/ArtworkUtilities.audit.test.tsx: artwork control audit: utilities jumps to a numbered run selects through its native button and opens its settings [DOM click through real React handlers and actual in-memory project/UI state; no controller or physical output.]","The shared tab definition is exercised through Materials and Run order. Return to Settings is asserted through Edit settings; the Settings-tab dynamic instance is source-inspected, not separately clicked in these cases."
"src/ui/layers/DeleteLayerButton.tsx:7:5","layers","src/ui/layers/DeleteLayerButton.tsx:7","`Delete operation ${layer.name}`","verified-behaviour","Delete the operation and only artwork orphaned by that removal; support Undo.","Operation management disclosure.","src/ui/layers/OperationControls.audit.test.tsx: artwork control audit: operations deletes only the chosen operation and its orphan artwork [DOM click through real React handlers and actual in-memory project/UI state; no controller or physical output.]",""
"src/ui/layers/DogboneRow.tsx:41:9","layers","src/ui/layers/DogboneRow.tsx:41","Dogbone corners","verified-behaviour","Open the dogbone lesson.","CNC and eligible closed unlocked vector selection.","src/ui/layers/ContextualLessons.audit.test.tsx: artwork control audit: contextual lesson bindings opens the offset and dogbone lessons beside eligible geometry tools [Actual enclosing component trigger opens the named tutorial store entry and preserves project/history. Reader delivery is separately tested by the shared tutorial audit.]",""
"src/ui/layers/DogboneRow.tsx:53:9","layers","src/ui/layers/DogboneRow.tsx:53","Relieve corners","verified-behaviour","Relieve eligible selected corners in place with the chosen cutter diameter and preserve Undo.","CNC and eligible closed unlocked vector selection.","src/ui/layers/ArtworkUtilities.audit.test.tsx: artwork control audit: utilities relieves CNC square corners in place and restores the original with Undo [DOM click through real React handlers and actual in-memory project/UI state; no controller or physical output.]",""
"src/ui/layers/FeedsCalculatorRow.tsx:73:7","layers","src/ui/layers/FeedsCalculatorRow.tsx:73","Apply to layer","verified-boundary","Apply the calculated machine-aware feed/plunge/depth recipe with provenance.","CNC feed calculator with a valid applicable recipe; disabled when not applicable.","src/ui/layers/FeedsCalculatorRow.test.tsx: FeedsCalculatorRow applies the central 4040-aware material recipe with provenance [Actual DOM activation and production handler; callback arguments asserted using a test spy. Parent project insertion/native execution is outside this case.]","Recipe callback fields are asserted; emitted CNC toolpaths and physical chip load are outside this case."
"src/ui/layers/LayerImageFields.tsx:300:5","layers","src/ui/layers/LayerImageFields.tsx:300","`Negative image for ${labelContext}`","verified-behaviour","Toggle negative engraving on the selected operation.","Image process in the selection inspector.","src/ui/layers/CutFlags.audit.test.tsx: artwork control audit: cut settings commits the image Negative image inline toggle to the selected operation [DOM click through real React handlers and actual in-memory project/UI state; no controller or physical output.]",""
"src/ui/layers/LayerImageFields.tsx:319:5","layers","src/ui/layers/LayerImageFields.tsx:319","`Bidirectional image scan for ${labelContext}`","verified-behaviour","Toggle bidirectional raster scanning on the selected operation.","Image process in the selection inspector.","src/ui/layers/CutFlags.audit.test.tsx: artwork control audit: cut settings commits the image Bidirectional image scan inline toggle to the selected operation [DOM click through real React handlers and actual in-memory project/UI state; no controller or physical output.]",""
"src/ui/layers/LayerImageFields.tsx:338:5","layers","src/ui/layers/LayerImageFields.tsx:338","`Pass-through image for ${labelContext}`","verified-behaviour","Toggle pass-through raster processing on the selected operation.","Image process in the selection inspector.","src/ui/layers/CutFlags.audit.test.tsx: artwork control audit: cut settings commits the image Pass-through image inline toggle to the selected operation [DOM click through real React handlers and actual in-memory project/UI state; no controller or physical output.]",""
"src/ui/layers/LayerOrderControls.tsx:26:7","layers","src/ui/layers/LayerOrderControls.tsx:26","`Move ${props.layer.name} up`","verified-behaviour","Move the targeted operation one place up; disable at the first position.","Operation management disclosure; disabled at the corresponding end.","src/ui/layers/OperationControls.audit.test.tsx: artwork control audit: operations moves both directions with truthful end guards and pastes copied settings [DOM click through real React handlers and actual in-memory project/UI state; no controller or physical output.]",""
"src/ui/layers/LayerOrderControls.tsx:36:7","layers","src/ui/layers/LayerOrderControls.tsx:36","`Move ${props.layer.name} down`","verified-behaviour","Move the targeted operation one place down; disable at the final position.","Operation management disclosure; disabled at the corresponding end.","src/ui/layers/OperationControls.audit.test.tsx: artwork control audit: operations moves both directions with truthful end guards and pastes copied settings [DOM click through real React handlers and actual in-memory project/UI state; no controller or physical output.]",""
"src/ui/layers/LayerRow.tsx:43:7","layers","src/ui/layers/LayerRow.tsx:43","`${props.layer.visible ? 'Hide' : 'Show'} operation ${props.layer.name}`","verified-behaviour","Toggle this operation workspace visibility from the card eye button.","Operation card; management contains the secondary checkbox controls.","src/ui/layers/OperationControls.audit.test.tsx: artwork control audit: operations changes card visibility and output independently and opens More disclosure [DOM click through real React handlers and actual in-memory project/UI state; no controller or physical output.]",""
"src/ui/layers/LayerRow.tsx:66:7","layers","src/ui/layers/LayerRow.tsx:66","`More controls for ${props.layer.name}`","verified-behaviour","Expand/collapse the operation management disclosure.","Operation card; management contains the secondary checkbox controls.","src/ui/layers/OperationControls.audit.test.tsx: artwork control audit: operations changes card visibility and output independently and opens More disclosure [DOM click through real React handlers and actual in-memory project/UI state; no controller or physical output.]",""
"src/ui/layers/LayerRow.tsx:79:13","layers","src/ui/layers/LayerRow.tsx:79","`Show ${props.layer.name}`","verified-behaviour","Set this operation workspace visibility from the Show checkbox.","Operation card; management contains the secondary checkbox controls.","src/ui/layers/OperationControls.audit.test.tsx: artwork control audit: operations changes card visibility and output independently and opens More disclosure [DOM click through real React handlers and actual in-memory project/UI state; no controller or physical output.]",""
"src/ui/layers/LayerRow.tsx:89:13","layers","src/ui/layers/LayerRow.tsx:89","`Output ${props.layer.name}`","verified-behaviour","Set this operation output inclusion independently from visibility.","Operation card; management contains the secondary checkbox controls.","src/ui/layers/OperationControls.audit.test.tsx: artwork control audit: operations changes card visibility and output independently and opens More disclosure [DOM click through real React handlers and actual in-memory project/UI state; no controller or physical output.]",""
"src/ui/layers/LayerRow.tsx:100:11","layers","src/ui/layers/LayerRow.tsx:100","SelectLayerObjectsButton","verified-behaviour","Select all artwork intentionally sharing the operation.","Operation management disclosure.","src/ui/layers/CutsLayersPanel.test.tsx: Artwork Operations panel selects all artwork intentionally sharing an operation [DOM click through real React handlers and actual in-memory project/UI state; no controller or physical output.]",""
"src/ui/layers/LayerRow.tsx:102:11","layers","src/ui/layers/LayerRow.tsx:102","DeleteLayerButton","verified-behaviour","Delete this operation and artwork with no other operation.","Operation management disclosure.","src/ui/layers/OperationControls.audit.test.tsx: artwork control audit: operations deletes only the chosen operation and its orphan artwork [DOM click through real React handlers and actual in-memory project/UI state; no controller or physical output.]",""
"src/ui/layers/LayerRow.tsx:117:5","layers","src/ui/layers/LayerRow.tsx:117","`Activate operation ${props.layer.name}`","verified-behaviour","Make the operation the active drawing operation and expose the active cue.","Visible operation card.","src/ui/layers/LayerRow.accessibility.test.tsx: LayerRow activation accessibility uses a native keyboard-operable button and exposes a visible active cue [DOM click through real React handlers and actual in-memory project/UI state; no controller or physical output.]",""
"src/ui/layers/LayerRowFields.tsx:145:5","layers","src/ui/layers/LayerRowFields.tsx:145","`Bidirectional fill for ${targetAriaContext(layer, operationTarget)}`","verified-behaviour","Toggle selected operation bidirectional fill.","Fill process in selected operation fields or reused operation settings.","src/ui/layers/CutFlags.audit.test.tsx: artwork control audit: cut settings commits the fill Bidirectional fill inline toggle to the selected operation [DOM click through real React handlers and actual in-memory project/UI state; no controller or physical output.]",""
"src/ui/layers/LayerSettingsClipboardButtons.tsx:10:7","layers","src/ui/layers/LayerSettingsClipboardButtons.tsx:10","`Copy settings from ${layer.color}`","verified-behaviour","Copy this operation settings into the internal settings clipboard.","Management disclosure; Paste disabled until the settings clipboard exists.","src/ui/layers/OperationControls.audit.test.tsx: artwork control audit: operations moves both directions with truthful end guards and pastes copied settings [DOM click through real React handlers and actual in-memory project/UI state; no controller or physical output.]",""
"src/ui/layers/LayerSettingsClipboardButtons.tsx:18:7","layers","src/ui/layers/LayerSettingsClipboardButtons.tsx:18","`Paste settings to ${layer.color}`","verified-behaviour","Paste settings onto this operation while retaining its identity; disable without a clipboard.","Management disclosure; Paste disabled until the settings clipboard exists.","src/ui/layers/OperationControls.audit.test.tsx: artwork control audit: operations moves both directions with truthful end guards and pastes copied settings [DOM click through real React handlers and actual in-memory project/UI state; no controller or physical output.]",""
"src/ui/layers/LayerSubLayers.tsx:60:9","layers","src/ui/layers/LayerSubLayers.tsx:60","`Add sub-layer for ${layer.color}`","intentionally-unavailable","Add an enabled sub-layer to the target operation.","No current production mount; legacy sub-layer list.","src/ui/layers/OperationControls.audit.test.tsx: artwork control audit: operations adds disables edits and deletes a legacy sub-layer without changing primary settings [DOM click through real React handlers and actual in-memory project/UI state; no controller or physical output.]","Legacy standalone component has no production mount in current source. Its action is tested in isolation; current UI uses first-class artwork operations."
"src/ui/layers/LayerSubLayers.tsx:88:7","layers","src/ui/layers/LayerSubLayers.tsx:88","`Enable ${subLayer.label} for ${layer.color}`","intentionally-unavailable","Toggle the sub-layer output-enabled flag.","No current production mount; legacy sub-layer list.","src/ui/layers/OperationControls.audit.test.tsx: artwork control audit: operations adds disables edits and deletes a legacy sub-layer without changing primary settings [DOM click through real React handlers and actual in-memory project/UI state; no controller or physical output.]","Legacy standalone component has no production mount in current source. Its action is tested in isolation; current UI uses first-class artwork operations."
"src/ui/layers/LayerSubLayers.tsx:102:7","layers","src/ui/layers/LayerSubLayers.tsx:102","`Edit ${subLayer.label} for ${layer.color}`","intentionally-unavailable","Open the targeted sub-layer settings; OK updates only its settings.","No current production mount; legacy sub-layer list.","src/ui/layers/OperationControls.audit.test.tsx: artwork control audit: operations adds disables edits and deletes a legacy sub-layer without changing primary settings [DOM click through real React handlers and actual in-memory project/UI state; no controller or physical output.]","Legacy standalone component has no production mount in current source. Its action is tested in isolation; current UI uses first-class artwork operations."
"src/ui/layers/LayerSubLayers.tsx:110:7","layers","src/ui/layers/LayerSubLayers.tsx:110","`Delete ${subLayer.label} for ${layer.color}`","intentionally-unavailable","Delete only the targeted sub-layer.","No current production mount; legacy sub-layer list.","src/ui/layers/OperationControls.audit.test.tsx: artwork control audit: operations adds disables edits and deletes a legacy sub-layer without changing primary settings [DOM click through real React handlers and actual in-memory project/UI state; no controller or physical output.]","Legacy standalone component has no production mount in current source. Its action is tested in isolation; current UI uses first-class artwork operations."
"src/ui/layers/MaterialLibraryPanel.tsx:53:9","layers","src/ui/layers/MaterialLibraryPanel.tsx:53","Create new material library","verified-behaviour","Create a blank library named for the active device.","No active library.","src/ui/layers/MaterialLibraryPanel.test.tsx: MaterialLibraryPanel creates a blank device-scoped material library from the panel [DOM click through real React handlers and actual in-memory project/UI state; no controller or physical output.]",""
"src/ui/layers/MaterialLibraryPanel.tsx:61:11","layers","src/ui/layers/MaterialLibraryPanel.tsx:61","Create starter material library for the selected device","verified-behaviour","Create the active machine catalogue starter library.","No active library and a starter catalogue exists for the profile.","src/ui/layers/MaterialLibraryPanel.test.tsx: MaterialLibraryPanel creates a starter material library from the selected machine profile catalog [DOM click through real React handlers and actual in-memory project/UI state; no controller or physical output.]",""
"src/ui/layers/MaterialLibraryPanel.tsx:157:7","layers","src/ui/layers/MaterialLibraryPanel.tsx:157","Refresh linked material preset","verified-behaviour","Copy the current linked preset revision onto its operation and update revision truth.","Linked binding exists; disabled when its source preset/library is missing.","src/ui/layers/MaterialLibraryPanel.management.test.tsx: MaterialLibraryPanel preset management surfaces stale linked revision truth and refreshes it explicitly [DOM click through real React handlers and actual in-memory project/UI state; no controller or physical output.]",""
"src/ui/layers/MaterialLibraryPanel.tsx:235:9","layers","src/ui/layers/MaterialLibraryPanel.tsx:235","Material library","verified-behaviour","Open the materials lesson.","Material Library panel in Laser mode.","src/ui/layers/ContextualLessons.audit.test.tsx: artwork control audit: contextual lesson bindings opens the material library lesson from the panel and the preset wizard [Actual enclosing component trigger opens the named tutorial store entry and preserves project/history. Reader delivery is separately tested by the shared tutorial audit.]",""
"src/ui/layers/MaterialLibraryPanel.tsx:237:7","layers","src/ui/layers/MaterialLibraryPanel.tsx:237","SavedLibrariesButton","verified-behaviour","Open Saved Libraries from the material panel header.","Material Library panel in Laser mode.","src/ui/material-library/MaterialControls.audit.test.tsx: artwork control audit: material management opens saved libraries creates a blank library cancels rename and closes the dialog [DOM click through real React handlers and actual in-memory project/UI state; no controller or physical output.]","Shared SavedLibrariesButton is mounted directly in the case; this exact parent call site is source-inspected. The real dialog/state path is exercised."
"src/ui/layers/MaterialLibraryRecipeControls.tsx:25:9","layers","src/ui/layers/MaterialLibraryRecipeControls.tsx:25","Apply selected material preset to layer","verified-behaviour","Apply the selected preset snapshot to the target layer without creating a live link.","A target layer and preset exist; unsupported recipe remains available with warning.","src/ui/layers/MaterialLibraryPanel.test.tsx: MaterialLibraryPanel assigns a selected preset to the selected target layer [DOM click through real React handlers and actual in-memory project/UI state; no controller or physical output.]",""
"src/ui/layers/MaterialLibraryRecipeControls.tsx:35:9","layers","src/ui/layers/MaterialLibraryRecipeControls.tsx:35","Link selected material preset to layer","verified-behaviour","Apply and link the selected preset with library/preset/revision identity.","A target layer and preset exist.","src/ui/material-library/MaterialControls.audit.test.tsx: artwork control audit: material management links the selected preset with its source revision to the target operation [DOM click through real React handlers and actual in-memory project/UI state; no controller or physical output.]",""
"src/ui/layers/MaterialLibraryRecipeControls.tsx:45:9","layers","src/ui/layers/MaterialLibraryRecipeControls.tsx:45","Delete selected material preset","verified-behaviour","Delete only the selected preset after confirmation; cancellation retains it.","Preset exists; no layer needed.","src/ui/layers/MaterialLibraryPanel.management.test.tsx: MaterialLibraryPanel preset management deletes a selected material preset after confirmation [DOM click through real React handlers and actual in-memory project/UI state; no controller or physical output.]
src/ui/layers/MaterialLibraryPanel.management.test.tsx: MaterialLibraryPanel preset management keeps a selected material preset when delete confirmation is cancelled [DOM click through real React handlers and actual in-memory project/UI state; no controller or physical output.]","window.confirm is stubbed for both outcomes; actual library mutation is asserted."
"src/ui/layers/OffsetPathsRow.tsx:33:9","layers","src/ui/layers/OffsetPathsRow.tsx:33","Offset paths","verified-behaviour","Open the offset-path lesson.","Eligible closed unlocked vector selection.","src/ui/layers/ContextualLessons.audit.test.tsx: artwork control audit: contextual lesson bindings opens the offset and dogbone lessons beside eligible geometry tools [Actual enclosing component trigger opens the named tutorial store entry and preserves project/history. Reader delivery is separately tested by the shared tutorial audit.]",""
"src/ui/layers/OffsetPathsRow.tsx:45:9","layers","src/ui/layers/OffsetPathsRow.tsx:45","Outward","verified-behaviour","Create an outward offset copy while preserving its source.","Eligible closed unlocked vector selection; positive distance.","src/ui/layers/ArtworkUtilities.audit.test.tsx: artwork control audit: utilities creates the Outward one-millimeter offset while retaining its source [DOM click through real React handlers and actual in-memory project/UI state; no controller or physical output.]",""
"src/ui/layers/OffsetPathsRow.tsx:52:9","layers","src/ui/layers/OffsetPathsRow.tsx:52","Inward","verified-behaviour","Create an inward offset copy while preserving its source.","Eligible closed unlocked vector selection; positive distance.","src/ui/layers/ArtworkUtilities.audit.test.tsx: artwork control audit: utilities creates the Inward one-millimeter offset while retaining its source [DOM click through real React handlers and actual in-memory project/UI state; no controller or physical output.]",""
"src/ui/layers/SelectLayerObjectsButton.tsx:7:5","layers","src/ui/layers/SelectLayerObjectsButton.tsx:7","`Select all artwork using ${layer.name}`","verified-behaviour","Select every artwork sharing the operation.","Operation management disclosure.","src/ui/layers/CutsLayersPanel.test.tsx: Artwork Operations panel selects all artwork intentionally sharing an operation [DOM click through real React handlers and actual in-memory project/UI state; no controller or physical output.]",""
"src/ui/layers/SelectedImageAdjustments.tsx:15:7","layers","src/ui/layers/SelectedImageAdjustments.tsx:15","EditImageButton","verified-boundary","Open Image Studio with the selected raster as the session owner.","A single selected raster.","src/ui/layers/ArtworkUtilities.audit.test.tsx: artwork control audit: utilities opens Image Studio on the selected image using a stub pixel decoder [Actual button, editor lifecycle and owned session; raster pixel decoder stub supplies a small buffer. Browser image decoding and editor rendering are separately tested.]",""
"src/ui/layers/SelectedImageAdjustments.tsx:52:5","layers","src/ui/layers/SelectedImageAdjustments.tsx:52","Edit Image…","verified-boundary","Open Image Studio with the selected raster as the session owner.","A single selected raster.","src/ui/layers/ArtworkUtilities.audit.test.tsx: artwork control audit: utilities opens Image Studio on the selected image using a stub pixel decoder [Actual button, editor lifecycle and owned session; raster pixel decoder stub supplies a small buffer. Browser image decoding and editor rendering are separately tested.]",""
"src/ui/layers/SelectedLaserOperationFields.tsx:16:5","layers","src/ui/layers/SelectedLaserOperationFields.tsx:16","Process tutorial","verified-behaviour","Open the lesson for the selected laser process.","Laser operation inspector; mixed mode routes to operations.","src/ui/layers/ContextualLessons.audit.test.tsx: artwork control audit: contextual lesson bindings opens the selected line process lesson [Actual enclosing component trigger opens the named tutorial store entry and preserves project/history. Reader delivery is separately tested by the shared tutorial audit.]
src/ui/layers/ContextualLessons.audit.test.tsx: artwork control audit: contextual lesson bindings opens the selected fill process lesson [Actual enclosing component trigger opens the named tutorial store entry and preserves project/history. Reader delivery is separately tested by the shared tutorial audit.]
src/ui/layers/ContextualLessons.audit.test.tsx: artwork control audit: contextual lesson bindings opens the selected image process lesson [Actual enclosing component trigger opens the named tutorial store entry and preserves project/history. Reader delivery is separately tested by the shared tutorial audit.]",""
"src/ui/layers/SelectedLaserOperationFields.tsx:67:9","layers","src/ui/layers/SelectedLaserOperationFields.tsx:67","Air assist for selected operation","verified-behaviour","Toggle stored job air intent for this operation.","Laser operation inspector.","src/ui/layers/CutsLayersPanel.cut-settings.test.tsx: selected artwork cut settings updates job air assist on the selected artwork operation [DOM click through real React handlers and actual in-memory project/UI state; no controller or physical output.]","Only operation state; no live air output or controller command is claimed."
"src/ui/layers/SelectedLaserOperationFields.tsx:76:7","layers","src/ui/layers/SelectedLaserOperationFields.tsx:76","Advanced cut settings","verified-behaviour","Open the staged advanced cut-settings dialog.","Laser operation inspector; disabled while settings launcher is blocked by an interaction.","src/ui/layers/CutsLayersPanel.cut-settings.test.tsx: selected artwork cut settings stages advanced settings and applies them only after OK [DOM click through real React handlers and actual in-memory project/UI state; no controller or physical output.]",""
"src/ui/layers/SelectedOperationInspector.tsx:51:9","layers","src/ui/layers/SelectedOperationInspector.tsx:51","Use one operation for selection","verified-behaviour","Assign the chosen common operation to every selected artwork.","Multi-selection has no common operation.","src/ui/layers/CutsLayersPanel.test.tsx: Artwork Operations panel offers and applies one unified operation for a multi-selection [DOM click through real React handlers and actual in-memory project/UI state; no controller or physical output.]",""
"src/ui/layers/SelectedOperationInspector.tsx:180:9","layers","src/ui/layers/SelectedOperationInspector.tsx:180","Make unique","verified-behaviour","Give selected members a unique operation while preserving unselected members.","Operation also affects unselected artwork.","src/ui/layers/CutsLayersPanel.test.tsx: Artwork Operations panel makes one member of a shared operation unique [DOM click through real React handlers and actual in-memory project/UI state; no controller or physical output.]",""
"src/ui/layers/SelectedOperationInspector.tsx:188:7","layers","src/ui/layers/SelectedOperationInspector.tsx:188","Add operation","verified-behaviour","Add a first-class extra operation to selected artwork.","Selected artwork with an operation.","src/ui/layers/CutsLayersPanel.test.tsx: Artwork Operations panel adds a second first-class operation without a Sub-layers box [DOM click through real React handlers and actual in-memory project/UI state; no controller or physical output.]",""
"src/ui/layers/SelectedOperationInspector.tsx:207:9","layers","src/ui/layers/SelectedOperationInspector.tsx:207","`Show ${props.operation.name}`","verified-behaviour","Set the inspected operation workspace visibility independently from other operations.","Operation inspector.","src/ui/layers/OperationControls.audit.test.tsx: artwork control audit: operations changes selected inspector Show and Output on the owning operation [DOM click through real React handlers and actual in-memory project/UI state; no controller or physical output.]",""
"src/ui/layers/SelectedOperationInspector.tsx:217:9","layers","src/ui/layers/SelectedOperationInspector.tsx:217","`Output ${props.operation.name}`","verified-behaviour","Set the inspected operation output inclusion independently from other operations.","Operation inspector.","src/ui/layers/OperationControls.audit.test.tsx: artwork control audit: operations changes selected inspector Show and Output on the owning operation [DOM click through real React handlers and actual in-memory project/UI state; no controller or physical output.]",""
"src/ui/layers/SelectedReliefProperties.tsx:38:7","layers","src/ui/layers/SelectedReliefProperties.tsx:38","Relief","verified-behaviour","Open the relief lesson.","CNC and exactly one relief selected.","src/ui/layers/ContextualLessons.audit.test.tsx: artwork control audit: contextual lesson bindings opens the selected relief lesson [Actual enclosing component trigger opens the named tutorial store entry and preserves project/history. Reader delivery is separately tested by the shared tutorial audit.]",""
"src/ui/layers/SelectedReliefProperties.tsx:67:7","layers","src/ui/layers/SelectedReliefProperties.tsx:67","View 3D…","verified-boundary","Open the actual 3D relief viewer; report worker/rendering unavailability clearly.","CNC and exactly one relief selected.","src/ui/layers/ArtworkUtilities.audit.test.tsx: artwork control audit: utilities opens the actual relief viewer and reports its unavailable worker boundary [Actual viewer dialog and unavailable-worker fallback in jsdom; 3D rendering needs browser Worker/WebGL and is not qualified by this case.]",""
"src/ui/layers/SelectedSourceReimportControl.tsx:20:7","layers","src/ui/layers/SelectedSourceReimportControl.tsx:20","Re-import selected source…","verified-boundary","Replace only the selected source-aware SVG/DXF object, retaining identity.","Platform exists and one imported SVG/DXF without library provenance is supplied.","src/ui/layers/ArtworkUtilities.audit.test.tsx: artwork control audit: utilities reimports selected SVG into its existing identity through a stub file picker [Native file picker is a stub supplying fixture content; actual parser and store mutation are exercised. No operating-system picker or disk read is claimed.]","SVG successful button path exercised. DXF path and asynchronous ownership races require the separate app import suite; this row does not claim every format was clicked."
"src/ui/layers/SetupOwnedValueRow.tsx:19:7","layers","src/ui/layers/SetupOwnedValueRow.tsx:19","`${props.label}: ${props.value}. Managed in Startup Setup.`","verified-behaviour","Disclose who owns a read-only Startup value.","Setup reference row.","src/ui/layers/SetupOwnedValueRow.test.tsx: SetupOwnedValueRow explains a read-only value and requests its exact Startup Setup field [DOM click through real React handlers and actual in-memory project/UI state; no controller or physical output.]",""
"src/ui/layers/SetupOwnedValueRow.tsx:38:13","layers","src/ui/layers/SetupOwnedValueRow.tsx:38","Close","verified-behaviour","Close the explanation without editing setup/project state.","Explanation open.","src/ui/layers/OperationControls.audit.test.tsx: artwork control audit: operations closes the setup explanation without opening a setup editor or mutating the project [DOM click through real React handlers and actual in-memory project/UI state; no controller or physical output.]",""
"src/ui/layers/SetupOwnedValueRow.tsx:45:13","layers","src/ui/layers/SetupOwnedValueRow.tsx:45","Edit in Startup Setup","verified-behaviour","Close explanation and request the exact Startup Setup field.","Explanation open.","src/ui/layers/SetupOwnedValueRow.test.tsx: SetupOwnedValueRow explains a read-only value and requests its exact Startup Setup field [DOM click through real React handlers and actual in-memory project/UI state; no controller or physical output.]","Setup dialog store request asserted. Native hardware settings are not written."
"src/ui/library/DesignLibraryControls.tsx:50:9","library","src/ui/library/DesignLibraryControls.tsx:50","All designs","verified-behaviour","Select All designs and remove the category restriction.","Open Design Library; collection with entries.","src/ui/library/DesignLibraryControls.audit.test.tsx: artwork control audit: design library navigation filters a collection returns to All designs and clears search and all facets [DOM click through real React handlers and actual in-memory project/UI state; no controller or physical output.]",""
"src/ui/library/DesignLibraryControls.tsx:57:11","library","src/ui/library/DesignLibraryControls.tsx:57","category","verified-behaviour","Select this populated collection and display its matching designs.","Open Design Library; collection with entries.","src/ui/library/DesignLibraryControls.audit.test.tsx: artwork control audit: design library navigation filters a collection returns to All designs and clears search and all facets [DOM click through real React handlers and actual in-memory project/UI state; no controller or physical output.]",""
"src/ui/library/DesignLibraryControls.tsx:77:5","library","src/ui/library/DesignLibraryControls.tsx:77","{props.label} {props.count}","verified-behaviour","Activate the named collection filter through the shared native collection button.","Open Design Library; collection with entries.","src/ui/library/DesignLibraryControls.audit.test.tsx: artwork control audit: design library navigation filters a collection returns to All designs and clears search and all facets [DOM click through real React handlers and actual in-memory project/UI state; no controller or physical output.]",""
"src/ui/library/DesignLibraryControls.tsx:115:11","library","src/ui/library/DesignLibraryControls.tsx:115","Clear search","verified-behaviour","Clear the search query and restore matching results.","Search query nonempty.","src/ui/library/DesignLibraryControls.audit.test.tsx: artwork control audit: design library navigation filters a collection returns to All designs and clears search and all facets [DOM click through real React handlers and actual in-memory project/UI state; no controller or physical output.]",""
"src/ui/library/DesignLibraryControls.tsx:124:9","library","src/ui/library/DesignLibraryControls.tsx:124","activeCount === 0 ? 'Filters' : `Filters, ${activeCount} active`","verified-behaviour","Expand/collapse the filter controls.","Open Design Library.","src/ui/library/DesignLibraryControls.audit.test.tsx: artwork control audit: design library navigation filters a collection returns to All designs and clears search and all facets [DOM click through real React handlers and actual in-memory project/UI state; no controller or physical output.]",""
"src/ui/library/DesignLibraryControls.tsx:198:7","library","src/ui/library/DesignLibraryControls.tsx:198","Clear all filters","verified-behaviour","Reset all collection/query/facet filters.","Filter panel expanded.","src/ui/library/DesignLibraryControls.audit.test.tsx: artwork control audit: design library navigation filters a collection returns to All designs and clears search and all facets [DOM click through real React handlers and actual in-memory project/UI state; no controller or physical output.]",""
"src/ui/library/DesignLibraryDetails.tsx:43:7","library","src/ui/library/DesignLibraryDetails.tsx:43","ReturnToResultsButton","verified-behaviour","Return focus to the selected design card without inserting artwork.","A detail entry is selected; back route visible in narrow layout.","src/ui/library/DesignLibraryControls.audit.test.tsx: artwork control audit: design library navigation returns focus from details to the selected card without inserting artwork [Actual DOM focus/navigation handler; jsdom scrollIntoView stub records request, so real scrolling/layout is not claimed.]",""
"src/ui/library/DesignLibraryDetails.tsx:79:9","library","src/ui/library/DesignLibraryDetails.tsx:79","{props.addingId === entry.id ? 'Adding to canvas...' : 'Add to canvas'}","verified-behaviour","Insert the exact selected design with provenance and close on success.","Detail selected; disabled while any add is in flight.","src/ui/library/DesignLibraryDialog.test.tsx: DesignLibraryDialog selects a card without inserting, then adds from exact provenance details [DOM click through real React handlers and actual in-memory project/UI state; no controller or physical output.]",""
"src/ui/library/DesignLibraryDetails.tsx:122:5","library","src/ui/library/DesignLibraryDetails.tsx:122","← Back to designs","verified-behaviour","Return focus to the selected design card without inserting artwork.","A detail entry is selected; back route visible in narrow layout.","src/ui/library/DesignLibraryControls.audit.test.tsx: artwork control audit: design library navigation returns focus from details to the selected card without inserting artwork [Actual DOM focus/navigation handler; jsdom scrollIntoView stub records request, so real scrolling/layout is not claimed.]",""
"src/ui/library/DesignLibraryDetails.tsx:158:9","library","src/ui/library/DesignLibraryDetails.tsx:158","View source","verified-boundary","Expose the selected asset source URL as a native new-tab link.","Web platform and URL present; links intentionally omitted on Electron.","src/ui/library/DesignLibraryControls.audit.test.tsx: artwork control audit: design library navigation exposes exact source and license destinations as native new-tab links [Actual native anchor href/target/rel verified; external site navigation is intentionally not performed.]
src/ui/library/DesignLibraryDialog.test.tsx: DesignLibraryDialog keeps exact provenance URLs readable when desktop security blocks external windows [Electron platform flag fixture verifies text remains and links are absent.]",""
"src/ui/library/DesignLibraryDetails.tsx:163:9","library","src/ui/library/DesignLibraryDetails.tsx:163","License terms","verified-boundary","Expose the selected asset license URL as a native new-tab link.","Web platform and URL present; links intentionally omitted on Electron.","src/ui/library/DesignLibraryControls.audit.test.tsx: artwork control audit: design library navigation exposes exact source and license destinations as native new-tab links [Actual native anchor href/target/rel verified; external site navigation is intentionally not performed.]
src/ui/library/DesignLibraryDialog.test.tsx: DesignLibraryDialog keeps exact provenance URLs readable when desktop security blocks external windows [Electron platform flag fixture verifies text remains and links are absent.]",""
"src/ui/library/DesignLibraryDialog.tsx:62:9","library","src/ui/library/DesignLibraryDialog.tsx:62","Close Design Library","verified-behaviour","Close the Library and retire pending insertion ownership.","Open Design Library.","src/ui/library/DesignLibraryDialog.test.tsx: DesignLibraryDialog silently abandons a deferred insertion after Close button closes the dialog [DOM click through real React handlers and actual in-memory project/UI state; no controller or physical output.]",""
"src/ui/library/DesignLibraryGrid.tsx:51:7","library","src/ui/library/DesignLibraryGrid.tsx:51","`View details for ${entry.title}${sourceSuffix}`","verified-behaviour","Show exact design details without inserting.","Visible design card.","src/ui/library/DesignLibraryDialog.test.tsx: DesignLibraryDialog selects a card without inserting, then adds from exact provenance details [DOM click through real React handlers and actual in-memory project/UI state; no controller or physical output.]",""
"src/ui/library/DesignLibraryGrid.tsx:74:7","library","src/ui/library/DesignLibraryGrid.tsx:74","props.adding ? `Adding ${entry.title}${sourceSuffix} to canvas` : `Add ${entry.title}${sourceSuffix} to canvas`","verified-behaviour","Insert the exact visible card design via its separate quick action.","Visible design card; disabled during insertion.","src/ui/library/DesignLibraryDialog.test.tsx: DesignLibraryDialog adds the exact visible design from the separate quick action [DOM click through real React handlers and actual in-memory project/UI state; no controller or physical output.]",""
"src/ui/library/DesignLibraryGrid.tsx:101:7","library","src/ui/library/DesignLibraryGrid.tsx:101","Clear filters","verified-behaviour","Clear an empty-result query/filter and restore results.","No matching designs.","src/ui/library/DesignLibraryDialog.test.tsx: DesignLibraryDialog keeps a zero-result query visible and recovers through Clear filters [DOM click through real React handlers and actual in-memory project/UI state; no controller or physical output.]",""
"src/ui/material-library/SavedLibrariesButton.tsx:12:7","material-library","src/ui/material-library/SavedLibrariesButton.tsx:12","Open saved libraries","verified-behaviour","Open the actual Saved Libraries modal.","Reusable materials header entry point.","src/ui/material-library/MaterialControls.audit.test.tsx: artwork control audit: material management opens saved libraries creates a blank library cancels rename and closes the dialog [DOM click through real React handlers and actual in-memory project/UI state; no controller or physical output.]",""
"src/ui/material-library/SavedLibrariesDialog.tsx:56:9","material-library","src/ui/material-library/SavedLibrariesDialog.tsx:56","New library","verified-behaviour","Create and activate a new blank device-named library.","Open Saved Libraries modal.","src/ui/material-library/MaterialControls.audit.test.tsx: artwork control audit: material management opens saved libraries creates a blank library cancels rename and closes the dialog [DOM click through real React handlers and actual in-memory project/UI state; no controller or physical output.]",""
"src/ui/material-library/SavedLibrariesDialog.tsx:64:9","material-library","src/ui/material-library/SavedLibrariesDialog.tsx:64","Import library","verified-boundary","Import selected native library content into the saved collection.","Open Saved Libraries modal; picker cancellation leaves state intact.","src/ui/material-library/SavedLibrariesDialog.test.tsx: SavedLibrariesDialog imports a library from a file [Native file picker is a stub supplying fixture content; actual parser and store mutation are exercised. No operating-system picker or disk read is claimed.]",""
"src/ui/material-library/SavedLibrariesDialog.tsx:73:9","material-library","src/ui/material-library/SavedLibrariesDialog.tsx:73","ClbImportButton","verified-boundary","Import CLB content and convert its units into a stored preset library.","Open Saved Libraries modal.","src/ui/material-library/MaterialControls.audit.test.tsx: artwork control audit: material management imports CLB through the button and stores parsed units using a stub file picker [Native file picker is a stub supplying fixture content; actual parser and store mutation are exercised. No operating-system picker or disk read is claimed.]",""
"src/ui/material-library/SavedLibrariesDialog.tsx:101:9","material-library","src/ui/material-library/SavedLibrariesDialog.tsx:101","Close","verified-behaviour","Close Saved Libraries modal.","Open Saved Libraries modal.","src/ui/material-library/MaterialControls.audit.test.tsx: artwork control audit: material management opens saved libraries creates a blank library cancels rename and closes the dialog [DOM click through real React handlers and actual in-memory project/UI state; no controller or physical output.]",""
"src/ui/material-library/SavedLibrariesDialog.tsx:113:5","material-library","src/ui/material-library/SavedLibrariesDialog.tsx:113","Import LightBurn CLB","verified-boundary","Import CLB content and convert its units into a stored preset library.","Open Saved Libraries modal.","src/ui/material-library/MaterialControls.audit.test.tsx: artwork control audit: material management imports CLB through the button and stores parsed units using a stub file picker [Native file picker is a stub supplying fixture content; actual parser and store mutation are exercised. No operating-system picker or disk read is claimed.]",""
"src/ui/material-library/SavedLibraryRow.tsx:71:9","material-library","src/ui/material-library/SavedLibraryRow.tsx:71","`Save name for ${props.summary.name}`","verified-behaviour","Save the typed nonempty library name and leave rename mode.","Saved library row; Save appears only while renaming.","src/ui/material-library/SavedLibrariesDialog.test.tsx: SavedLibrariesDialog renames a library inline [DOM click through real React handlers and actual in-memory project/UI state; no controller or physical output.]",""
"src/ui/material-library/SavedLibraryRow.tsx:79:9","material-library","src/ui/material-library/SavedLibraryRow.tsx:79","`Cancel renaming ${props.summary.name}`","verified-behaviour","Cancel rename and retain the original library name.","Rename row open.","src/ui/material-library/MaterialControls.audit.test.tsx: artwork control audit: material management opens saved libraries creates a blank library cancels rename and closes the dialog [DOM click through real React handlers and actual in-memory project/UI state; no controller or physical output.]",""
"src/ui/material-library/SavedLibraryRow.tsx:110:9","material-library","src/ui/material-library/SavedLibraryRow.tsx:110","`Open ${summary.name}`","verified-behaviour","Activate the selected saved library and close management.","Inactive saved library; active library Open disabled.","src/ui/material-library/SavedLibrariesDialog.test.tsx: SavedLibrariesDialog opens an inactive library and closes the page [DOM click through real React handlers and actual in-memory project/UI state; no controller or physical output.]
src/ui/material-library/MaterialControls.audit.test.tsx: artwork control audit: material management opens saved libraries creates a blank library cancels rename and closes the dialog [DOM click through real React handlers and actual in-memory project/UI state; no controller or physical output.]",""
"src/ui/material-library/SavedLibraryRow.tsx:119:9","material-library","src/ui/material-library/SavedLibraryRow.tsx:119","`Rename ${summary.name}`","verified-behaviour","Enter inline rename mode seeded with the current library name.","Saved library row; Save appears only while renaming.","src/ui/material-library/SavedLibrariesDialog.test.tsx: SavedLibrariesDialog renames a library inline [DOM click through real React handlers and actual in-memory project/UI state; no controller or physical output.]",""
"src/ui/material-library/SavedLibraryRow.tsx:126:9","material-library","src/ui/material-library/SavedLibraryRow.tsx:126","`Duplicate ${summary.name}`","verified-behaviour","Duplicate the selected library under a new identity without changing the active library.","Saved library row.","src/ui/material-library/SavedLibrariesDialog.test.tsx: SavedLibrariesDialog duplicates a library into the list [DOM click through real React handlers and actual in-memory project/UI state; no controller or physical output.]",""
"src/ui/material-library/SavedLibraryRow.tsx:133:9","material-library","src/ui/material-library/SavedLibraryRow.tsx:133","`Export ${summary.name}`","verified-boundary","Serialize the chosen library to the selected save target.","Saved library row.","src/ui/material-library/SavedLibrariesDialog.test.tsx: SavedLibrariesDialog exports the active library to a file [Actual serializer and write payload are asserted through a stub SaveTarget. OS save dialog, filesystem durability, and inactive-library export are outside this case.]",""
"src/ui/material-library/SavedLibraryRow.tsx:140:9","material-library","src/ui/material-library/SavedLibraryRow.tsx:140","`Delete ${summary.name}`","verified-behaviour","Delete the chosen library only after confirmation.","Saved library row.","src/ui/material-library/SavedLibrariesDialog.test.tsx: SavedLibrariesDialog deletes a library after confirmation [DOM click through real React handlers and actual in-memory project/UI state; no controller or physical output.]
src/ui/material-library/SavedLibrariesDialog.test.tsx: SavedLibrariesDialog keeps a library when delete is cancelled [DOM click through real React handlers and actual in-memory project/UI state; no controller or physical output.]","Confirmation is stubbed for both outcomes; collection mutation is real."
"src/ui/material-library/wizard/MaterialPresetWizard.tsx:84:11","material-library","src/ui/material-library/wizard/MaterialPresetWizard.tsx:91","TutorialButton","verified-behaviour","Open the materials lesson without committing the wizard.","Open create/edit wizard.","src/ui/layers/ContextualLessons.audit.test.tsx: artwork control audit: contextual lesson bindings opens the material library lesson from the panel and the preset wizard [Actual enclosing component trigger opens the named tutorial store entry and preserves project/history. Reader delivery is separately tested by the shared tutorial audit.]",""
"src/ui/material-library/wizard/MaterialPresetWizard.tsx:98:11","material-library","src/ui/material-library/wizard/MaterialPresetWizard.tsx:104","Back","defect-fixed","Return to the previous step while retaining parsed settings/details; leave the saved library untouched.","Step two through four.","src/ui/material-library/MaterialControls.audit.test.tsx: artwork control audit: material management preserves settings and detail edits when Back is followed by Next [DOM click through real React handlers and actual in-memory project/UI state; no controller or physical output.]
src/ui/material-library/wizard/MaterialPresetWizard.back-boundary.test.tsx: material preset Back data boundary normalizes invalid numeric drafts locally and Cancel retains the exact saved preset [DOM click through real React handlers and actual in-memory project/UI state; no controller or physical output.]","Initial case failed (Power67 returned as30). Back now captures current settings/details before changing steps; regression retains valid power, air, tabs and final saved recipe. Invalid numeric text uses the existing Next normalization: out-of-range power clamps, blank speed restores its prior value; Cancel preserves the exact saved preset. Initial failure recorded in artwork-new-controls-initial.json."
"src/ui/material-library/wizard/MaterialPresetWizard.tsx:100:9","material-library","src/ui/material-library/wizard/MaterialPresetWizard.tsx:105","Cancel","verified-behaviour","Cancel editing and keep the original saved recipe unchanged.","Open wizard.","src/ui/material-library/MaterialControls.audit.test.tsx: artwork control audit: material management launches New and Edit saves surface identity air and tab flags and cancels an edit [DOM click through real React handlers and actual in-memory project/UI state; no controller or physical output.]",""
"src/ui/material-library/wizard/MaterialPresetWizard.tsx:101:9","material-library","src/ui/material-library/wizard/MaterialPresetWizard.tsx:106","{state.step === 'review' ? 'Save' : 'Next'}","verified-behaviour","Advance valid steps and save one recipe only on final Save.","Next disabled until identity valid; native form validity applies.","src/ui/material-library/MaterialControls.audit.test.tsx: artwork control audit: material management launches New and Edit saves surface identity air and tab flags and cancels an edit [DOM click through real React handlers and actual in-memory project/UI state; no controller or physical output.]
src/ui/material-library/wizard/MaterialPresetWizard.test.tsx: MaterialPresetWizard keeps the Next button disabled until the identity step is valid [DOM click through real React handlers and actual in-memory project/UI state; no controller or physical output.]",""
"src/ui/material-library/wizard/MaterialPresetWizardLauncher.tsx:19:9","material-library","src/ui/material-library/wizard/MaterialPresetWizardLauncher.tsx:19","New material preset","verified-behaviour","Open a new empty preset draft.","New with active library; Edit disabled without selected preset.","src/ui/material-library/MaterialControls.audit.test.tsx: artwork control audit: material management launches New and Edit saves surface identity air and tab flags and cancels an edit [DOM click through real React handlers and actual in-memory project/UI state; no controller or physical output.]",""
"src/ui/material-library/wizard/MaterialPresetWizardLauncher.tsx:29:9","material-library","src/ui/material-library/wizard/MaterialPresetWizardLauncher.tsx:29","Edit selected material preset","verified-behaviour","Open the selected preset identity and recipe for editing; disable with no selection.","New with active library; Edit disabled without selected preset.","src/ui/material-library/MaterialControls.audit.test.tsx: artwork control audit: material management launches New and Edit saves surface identity air and tab flags and cancels an edit [DOM click through real React handlers and actual in-memory project/UI state; no controller or physical output.]",""
"src/ui/material-library/wizard/WizardCutSettingsStep.tsx:48:9","material-library","src/ui/material-library/wizard/WizardCutSettingsStep.tsx:48","Recipe uses air assist","verified-behaviour","Stage recipe air intent and retain it in the saved preset.","Wizard settings step.","src/ui/material-library/MaterialControls.audit.test.tsx: artwork control audit: material management launches New and Edit saves surface identity air and tab flags and cancels an edit [DOM click through real React handlers and actual in-memory project/UI state; no controller or physical output.]",""
"src/ui/material-library/wizard/WizardDetailsStep.tsx:61:9","material-library","src/ui/material-library/wizard/WizardDetailsStep.tsx:61","Enable tabs","verified-behaviour","Stage line bridges enabled and persist that intent on final Save.","Wizard details for Line mode.","src/ui/material-library/MaterialControls.audit.test.tsx: artwork control audit: material management launches New and Edit saves surface identity air and tab flags and cancels an edit [DOM click through real React handlers and actual in-memory project/UI state; no controller or physical output.]",""
"src/ui/material-library/wizard/WizardDetailsStep.tsx:91:9","material-library","src/ui/material-library/wizard/WizardDetailsStep.tsx:91","Skip inner shapes","verified-behaviour","Stage skipping bridge gaps on inner shapes and persist it on final Save.","Wizard details for Line mode.","src/ui/material-library/MaterialControls.audit.test.tsx: artwork control audit: material management launches New and Edit saves surface identity air and tab flags and cancels an edit [DOM click through real React handlers and actual in-memory project/UI state; no controller or physical output.]",""
"src/ui/material-library/wizard/WizardIdentityStep.tsx:53:9","material-library","src/ui/material-library/wizard/WizardIdentityStep.tsx:53","Has thickness","verified-behaviour","Select thickness grouping and reveal the retained thickness input.","Wizard identity step.","src/ui/material-library/MaterialControls.audit.test.tsx: artwork control audit: material management launches New and Edit saves surface identity air and tab flags and cancels an edit [DOM click through real React handlers and actual in-memory project/UI state; no controller or physical output.]",""
"src/ui/material-library/wizard/WizardIdentityStep.tsx:64:9","material-library","src/ui/material-library/wizard/WizardIdentityStep.tsx:64","Surface, no thickness","verified-behaviour","Select surface grouping, reveal retained title, and save title without thickness.","Wizard identity step.","src/ui/material-library/MaterialControls.audit.test.tsx: artwork control audit: material management launches New and Edit saves surface identity air and tab flags and cancels an edit [DOM click through real React handlers and actual in-memory project/UI state; no controller or physical output.]",""
"src/ui/camera/AutoAlignControls.tsx:24:7","camera","src/ui/camera/AutoAlignControls.tsx:24","Align to bed…","verified-behaviour","Require Labs opt-in, then open the marker alignment wizard.","Hidden without camera-alignment Labs opt-in; unavailable prerequisites disable it.","src/ui/camera/AutoAlignControls.test.tsx: AutoAlignControls requires the Labs opt-in and then exposes the marker alignment flow [Actual rendered React control, native click/change/pointer event and real local store or draft; jsdom canvas drawing is stubbed. No hardware.]",""
"src/ui/camera/NetworkCameraView.tsx:104:11","camera","src/ui/camera/NetworkCameraView.tsx:104","SaveAlignmentButton","defect-fixed","Offer Save alignment for the solved homography.","Save disabled when this exact alignment is already persisted.","src/ui/camera/NetworkCameraView.audit.test.tsx: cancels corner collection, retries failed alignment and saves a four-click homography to the device [Rendered camera image receives synthetic load dimensions and four corner clicks. Real homography solver and device alignment persistence run; no camera or actual overlay rendering.]","Previous Save & show on canvas label falsely promised overlay activation. Raw reproduction retained in studios-network-reproduction-tests.json; label and instruction fixed. Saving alone intentionally does not capture or show a frame."
"src/ui/camera/NetworkCameraView.tsx:110:11","camera","src/ui/camera/NetworkCameraView.tsx:110","Re-align","verified-boundary","Clear the prior alignment and return to corner collection.","Image must be loaded with natural dimensions; Align/Cancel/Retry reflect the current collection state.","src/ui/camera/NetworkCameraView.audit.test.tsx: cancels corner collection, retries failed alignment and saves a four-click homography to the device [Rendered camera image receives synthetic load dimensions and four corner clicks. Real homography solver and device alignment persistence run; no camera or actual overlay rendering.]",""
"src/ui/camera/NetworkCameraView.tsx:125:7","camera","src/ui/camera/NetworkCameraView.tsx:128","img","verified-boundary","Collect four ordered image corners and solve a bed homography.","Image must be loaded with natural dimensions; Align/Cancel/Retry reflect the current collection state.","src/ui/camera/NetworkCameraView.audit.test.tsx: cancels corner collection, retries failed alignment and saves a four-click homography to the device [Rendered camera image receives synthetic load dimensions and four corner clicks. Real homography solver and device alignment persistence run; no camera or actual overlay rendering.]",""
"src/ui/camera/NetworkCameraView.tsx:166:5","camera","src/ui/camera/NetworkCameraView.tsx:169","{isCurrent ? 'Alignment saved' : 'Save alignment'}","defect-fixed","Persist the homography; label Alignment saved when already current, and instruct Use this camera then Update still and Overlay on if hidden to display it.","Save disabled when this exact alignment is already persisted.","src/ui/camera/NetworkCameraView.audit.test.tsx: cancels corner collection, retries failed alignment and saves a four-click homography to the device [Rendered camera image receives synthetic load dimensions and four corner clicks. Real homography solver and device alignment persistence run; no camera or actual overlay rendering.]","Previous Save & show on canvas label falsely promised overlay activation. Raw reproduction retained in studios-network-reproduction-tests.json; label and instruction fixed. Saving alone intentionally does not capture or show a frame."
"src/ui/camera/NetworkCameraView.tsx:230:9","camera","src/ui/camera/NetworkCameraView.tsx:233","Cancel","verified-boundary","Cancel collection and return to idle.","Image must be loaded with natural dimensions; Align/Cancel/Retry reflect the current collection state.","src/ui/camera/NetworkCameraView.audit.test.tsx: cancels corner collection, retries failed alignment and saves a four-click homography to the device [Rendered camera image receives synthetic load dimensions and four corner clicks. Real homography solver and device alignment persistence run; no camera or actual overlay rendering.]",""
"src/ui/camera/NetworkCameraView.tsx:245:9","camera","src/ui/camera/NetworkCameraView.tsx:248","Align to bed","verified-boundary","Retry failed corner alignment.","Image must be loaded with natural dimensions; Align/Cancel/Retry reflect the current collection state.","src/ui/camera/NetworkCameraView.audit.test.tsx: cancels corner collection, retries failed alignment and saves a four-click homography to the device [Rendered camera image receives synthetic load dimensions and four corner clicks. Real homography solver and device alignment persistence run; no camera or actual overlay rendering.]",""
"src/ui/camera/NetworkCameraView.tsx:257:5","camera","src/ui/camera/NetworkCameraView.tsx:260","Align to bed","verified-boundary","Begin a new four-corner alignment.","Image must be loaded with natural dimensions; Align/Cancel/Retry reflect the current collection state.","src/ui/camera/NetworkCameraView.audit.test.tsx: cancels corner collection, retries failed alignment and saves a four-click homography to the device [Rendered camera image receives synthetic load dimensions and four corner clicks. Real homography solver and device alignment persistence run; no camera or actual overlay rendering.]",""
"src/ui/camera/OverlayControls.tsx:65:7","camera","src/ui/camera/OverlayControls.tsx:65","{props.visible ? 'Overlay on' : 'Overlay off'}","verified-boundary","Toggle overlay visibility and activate camera placement.","Update still requires live source; Live requires a still and a live-overlay-compatible source; coordinate confirmation shown when required.","src/ui/camera/OverlayControls.audit.test.tsx: toggles the actual overlay, freezes a frame, returns to Live and exits placement without changing origin [Production overlay controls and real camera/placement store; frame capture input is fixed RGBA pixels, and source is a fake USB stream. No physical origin or camera action.]",""
"src/ui/camera/OverlayControls.tsx:74:7","camera","src/ui/camera/OverlayControls.tsx:74","Update still","verified-boundary","Capture a new still from the selected live source.","Update still requires live source; Live requires a still and a live-overlay-compatible source; coordinate confirmation shown when required.","src/ui/camera/OverlayControls.audit.test.tsx: toggles the actual overlay, freezes a frame, returns to Live and exits placement without changing origin [Production overlay controls and real camera/placement store; frame capture input is fixed RGBA pixels, and source is a fake USB stream. No physical origin or camera action.]",""
"src/ui/camera/OverlayControls.tsx:83:7","camera","src/ui/camera/OverlayControls.tsx:83","Live","verified-boundary","Discard the still and return to live overlay.","Update still requires live source; Live requires a still and a live-overlay-compatible source; coordinate confirmation shown when required.","src/ui/camera/OverlayControls.audit.test.tsx: toggles the actual overlay, freezes a frame, returns to Live and exits placement without changing origin [Production overlay controls and real camera/placement store; frame capture input is fixed RGBA pixels, and source is a fake USB stream. No physical origin or camera action.]",""
"src/ui/camera/OverlayControls.tsx:92:7","camera","src/ui/camera/OverlayControls.tsx:92","TraceFromCameraButton","verified-boundary","Render the Trace from camera action and its source availability.","Available while its containing view is open.","src/ui/camera/OverlayControls.audit.test.tsx: camera Trace captures at the input boundary and opens a bed-sized source in the normal trace dialog [Production Trace button, real homography warp and trace-dialog store; frame acquisition and PNG encoding are deterministic test boundaries. No camera or native file action.]",""
"src/ui/camera/OverlayControls.tsx:93:33","camera","src/ui/camera/OverlayControls.tsx:93","ExitPlacementButton","verified-boundary","Render Exit for the current camera placement.","Update still requires live source; Live requires a still and a live-overlay-compatible source; coordinate confirmation shown when required.","src/ui/camera/OverlayControls.audit.test.tsx: toggles the actual overlay, freezes a frame, returns to Live and exits placement without changing origin [Production overlay controls and real camera/placement store; frame capture input is fixed RGBA pixels, and source is a fake USB stream. No physical origin or camera action.]",""
"src/ui/camera/OverlayControls.tsx:160:5","camera","src/ui/camera/OverlayControls.tsx:160","Exit camera placement","verified-boundary","Exit placement, hide overlay and clear coordinate confirmation without changing job origin.","Update still requires live source; Live requires a still and a live-overlay-compatible source; coordinate confirmation shown when required.","src/ui/camera/OverlayControls.audit.test.tsx: toggles the actual overlay, freezes a frame, returns to Live and exits placement without changing origin [Production overlay controls and real camera/placement store; frame capture input is fixed RGBA pixels, and source is a fake USB stream. No physical origin or camera action.]",""
"src/ui/camera/OverlayControls.tsx:179:9","camera","src/ui/camera/OverlayControls.tsx:179","Confirm bed coordinates","verified-boundary","Record confirmation for the current trusted-position epoch.","Update still requires live source; Live requires a still and a live-overlay-compatible source; coordinate confirmation shown when required.","src/ui/camera/OverlayControls.audit.test.tsx: toggles the actual overlay, freezes a frame, returns to Live and exits placement without changing origin [Production overlay controls and real camera/placement store; frame capture input is fixed RGBA pixels, and source is a fake USB stream. No physical origin or camera action.]",""
"src/ui/camera/TraceFromCameraButton.tsx:74:5","camera","src/ui/camera/TraceFromCameraButton.tsx:74","Trace from camera","verified-boundary","Capture/warp the camera frame into a bed-sized trace source and open normal Trace Image.","Disabled without live source; overlay row requires an alignment.","src/ui/camera/OverlayControls.audit.test.tsx: camera Trace captures at the input boundary and opens a bed-sized source in the normal trace dialog [Production Trace button, real homography warp and trace-dialog store; frame acquisition and PNG encoding are deterministic test boundaries. No camera or native file action.]",""
"src/ui/camera/align-wizard/AlignWizardDetectStep.tsx:25:9","camera","src/ui/camera/align-wizard/AlignWizardDetectStep.tsx:25","{props.status.kind === 'running' ? 'Detecting…' : 'Detect markers'}","verified-boundary","Request marker detection once when source is live.","Disabled without live source or while detecting.","src/ui/camera/align-wizard/AlignControls.audit.test.tsx: detect action requires a live source, dispatches once and is disabled while running [Rendered Detect control; alignment pipeline is a spy. Confirms live-source guard and in-flight disabling only; no camera-marker capture performed.]",""
"src/ui/camera/align-wizard/AlignWizardDetectStep.tsx:63:9","camera","src/ui/camera/align-wizard/AlignWizardDetectStep.tsx:63","Done","verified-behaviour","Close the alignment wizard after success.","Available while its containing view is open.","src/ui/camera/align-wizard/AlignControls.audit.test.tsx: skip and clear-bed actions advance to detection and Done closes the wizard [Actual rendered React control, native click/change/pointer event and real local store or draft; jsdom canvas drawing is stubbed. No hardware.]",""
"src/ui/camera/align-wizard/AlignWizardSteps.tsx:41:9","camera","src/ui/camera/align-wizard/AlignWizardSteps.tsx:41","Burn markers","verified-boundary","Hand selected marker power/speed to the transient burn workflow.","Disabled when disconnected; test never invokes the machine boundary.","src/ui/camera/align-wizard/AlignControls.audit.test.tsx: gates disconnected marker burn and passes selected power and speed to the transient-job boundary [Actual wizard input controls; burnAlignMarkers is a callback spy receiving selected power/speed. No machine commands, motion or laser output.]",""
"src/ui/camera/align-wizard/AlignWizardSteps.tsx:50:9","camera","src/ui/camera/align-wizard/AlignWizardSteps.tsx:50","Markers already burned","verified-behaviour","Skip burning and proceed to marker detection.","Available while its containing view is open.","src/ui/camera/align-wizard/AlignControls.audit.test.tsx: skip and clear-bed actions advance to detection and Done closes the wizard [Actual rendered React control, native click/change/pointer event and real local store or draft; jsdom canvas drawing is stubbed. No hardware.]",""
"src/ui/camera/align-wizard/AlignWizardSteps.tsx:174:9","camera","src/ui/camera/align-wizard/AlignWizardSteps.tsx:174","Bed is clear — detect","verified-behaviour","Confirm bed clear and proceed to marker detection.","Available while its containing view is open.","src/ui/camera/align-wizard/AlignControls.audit.test.tsx: skip and clear-bed actions advance to detection and Done closes the wizard [Actual rendered React control, native click/change/pointer event and real local store or draft; jsdom canvas drawing is stubbed. No hardware.]",""
"src/ui/camera/panel/CameraDiagnostics.tsx:50:7","camera","src/ui/camera/panel/CameraDiagnostics.tsx:50","Diagnostics","verified-boundary","Expand diagnostics.","Capture disabled while source is idle.","src/ui/camera/panel/CameraPanel.audit.test.tsx: opens Diagnostics, gates idle capture and reports both readable pixels and capture failure [Rendered diagnostics and real feedback state; capture input is deterministic readable pixels or failure. No camera acquired.]",""
"src/ui/camera/panel/CameraDiagnostics.tsx:67:11","camera","src/ui/camera/panel/CameraDiagnostics.tsx:67","Test capture","verified-boundary","Test capture and report readable dimensions or failure.","Capture disabled while source is idle.","src/ui/camera/panel/CameraPanel.audit.test.tsx: opens Diagnostics, gates idle capture and reports both readable pixels and capture failure [Rendered diagnostics and real feedback state; capture input is deterministic readable pixels or failure. No camera acquired.]",""
"src/ui/camera/panel/CameraPanel.tsx:56:9","camera","src/ui/camera/panel/CameraPanel.tsx:56","Camera","verified-boundary","Open the camera lesson without editing the project.","Available when its containing view is visible.","src/ui/tutorials/TutorialControls.audit.test.tsx: individual tutorial control outcomes 'camera' card and contextual button open the named lesson without editing the project [Executed shared TutorialButton with this exact lesson ID: lesson title/step, close, project/undo/dirty immutability asserted. The enclosing call-site ID was inspected in production source; not every enclosing view mounted in this case.]","Shared contextual-control contract plus inspected site binding; enclosing-site layout/visibility is a separate boundary."
"src/ui/camera/panel/CameraPanel.tsx:57:9","camera","src/ui/camera/panel/CameraPanel.tsx:57","Close camera panel","verified-behaviour","Close the camera panel and remove its dialog.","Available while its containing view is open.","src/ui/camera/panel/CameraPanel.audit.test.tsx: opens the camera lesson, persists the larger panel preference and closes the panel [Actual rendered React control, native click/change/pointer event and real local store or draft; jsdom canvas drawing is stubbed. No hardware.]",""
"src/ui/camera/panel/MachineCameraSection.tsx:22:9","camera","src/ui/camera/panel/MachineCameraSection.tsx:22","{state.kind === 'detecting' ? 'Detecting…' : 'Detect machine camera'}","verified-boundary","Request discovery and prevent a duplicate request while detecting.","Available while its containing view is open.","src/ui/camera/panel/CameraPanel.audit.test.tsx: dispatches machine discovery, activates the found camera and disables an already active source [Discovery callback spy and found-source fixture; actual activation state and already-active disabled state checked. Discovery transport not performed.]",""
"src/ui/camera/panel/MachineCameraSection.tsx:32:11","camera","src/ui/camera/panel/MachineCameraSection.tsx:32","{machineActive ? 'In use' : 'Use this camera'}","verified-boundary","Activate the discovered source and disable In use once selected.","Available while its containing view is open.","src/ui/camera/panel/CameraPanel.audit.test.tsx: dispatches machine discovery, activates the found camera and disables an already active source [Discovery callback spy and found-source fixture; actual activation state and already-active disabled state checked. Discovery transport not performed.]",""
"src/ui/camera/panel/RtspSourceControls.tsx:45:7","camera","src/ui/camera/panel/RtspSourceControls.tsx:45","RTSP camera…","verified-boundary","Expand RTSP source details.","Connect disabled for blank URL or during startup.","src/ui/camera/panel/CameraPanel.audit.test.tsx: opens RTSP details and connects the entered URL through a fake bridge before stopping [Rendered control and actual source lifecycle using a fake bridge reply. URL handoff and Stop state checked; no network camera or FFmpeg process used.]",""
"src/ui/camera/panel/RtspSourceControls.tsx:65:9","camera","src/ui/camera/panel/RtspSourceControls.tsx:65","{rtspButtonLabel(control)}","verified-boundary","Connect the entered URL and stop the active RTSP source.","Connect disabled for blank URL or during startup.","src/ui/camera/panel/CameraPanel.audit.test.tsx: opens RTSP details and connects the entered URL through a fake bridge before stopping [Rendered control and actual source lifecycle using a fake bridge reply. URL handoff and Stop state checked; no network camera or FFmpeg process used.]",""
"src/ui/camera/panel/SnapshotControls.tsx:29:7","camera","src/ui/camera/panel/SnapshotControls.tsx:29","Save snapshot…","verified-boundary","Hand the live source and platform to snapshot saving.","Disabled without live source.","src/ui/camera/panel/CameraPanel.audit.test.tsx: gates idle snapshot, passes the live source and platform to save, and dispatches size changes [Rendered Snapshot controls; saveCameraSnapshot callback spy receives the live source and fake platform. No image file written.]",""
"src/ui/camera/panel/SnapshotControls.tsx:38:7","camera","src/ui/camera/panel/SnapshotControls.tsx:38","{props.wide ? 'Compact view' : 'Larger view'}","verified-behaviour","Switch camera panel between compact 320px and larger 560px widths.","Available while its containing view is open.","src/ui/camera/panel/CameraPanel.audit.test.tsx: opens the camera lesson, persists the larger panel preference and closes the panel [Actual rendered React control, native click/change/pointer event and real local store or draft; jsdom canvas drawing is stubbed. No hardware.]",""
"src/ui/camera/panel/UsbCameraSection.tsx:62:11","camera","src/ui/camera/panel/UsbCameraSection.tsx:62","Stop camera","verified-boundary","Stop the current stream and return to idle.","Start disabled while starting; Calibrate disabled without live source.","src/ui/camera/panel/CameraPanel.audit.test.tsx: starts USB through the adapter, reports denial, starts a fake stream, opens calibration and stops it [Rendered source controls and actual camera/wizard stores; CameraAdapter returns denial then a fake MediaStream. Start/Stop/Calibrate routing checked; no USB device or permission prompt opened.]",""
"src/ui/camera/panel/UsbCameraSection.tsx:71:11","camera","src/ui/camera/panel/UsbCameraSection.tsx:71","{usbStarting ? 'Starting…' : 'Start USB camera'}","verified-boundary","Request USB camera access, display denial or retain the acquired stream.","Start disabled while starting; Calibrate disabled without live source.","src/ui/camera/panel/CameraPanel.audit.test.tsx: starts USB through the adapter, reports denial, starts a fake stream, opens calibration and stops it [Rendered source controls and actual camera/wizard stores; CameraAdapter returns denial then a fake MediaStream. Start/Stop/Calibrate routing checked; no USB device or permission prompt opened.]",""
"src/ui/camera/panel/UsbCameraSection.tsx:81:9","camera","src/ui/camera/panel/UsbCameraSection.tsx:81","Calibrate lens…","verified-boundary","Open lens calibration from a live source.","Start disabled while starting; Calibrate disabled without live source.","src/ui/camera/panel/CameraPanel.audit.test.tsx: starts USB through the adapter, reports denial, starts a fake stream, opens calibration and stops it [Rendered source controls and actual camera/wizard stores; CameraAdapter returns denial then a fake MediaStream. Start/Stop/Calibrate routing checked; no USB device or permission prompt opened.]",""
"src/ui/camera/wizard/BoardActions.tsx:44:7","camera","src/ui/camera/wizard/BoardActions.tsx:44","Print checkerboard…","verified-boundary","Generate a scale-labelled checkerboard and request print.","Available while its containing view is open.","src/ui/camera/wizard/WizardControls.audit.test.tsx: prints and saves the configured scale board through mocked platform boundaries and starts capture [Rendered board actions generate real scale-labelled SVG, hand it to fake print and SaveTarget.write boundaries, and advance wizard state. No printer, filesystem destination or external write.]",""
"src/ui/camera/wizard/BoardActions.tsx:51:7","camera","src/ui/camera/wizard/BoardActions.tsx:51","Save…","verified-boundary","Request a save destination and write the generated checkerboard SVG to that boundary.","Available while its containing view is open.","src/ui/camera/wizard/WizardControls.audit.test.tsx: prints and saves the configured scale board through mocked platform boundaries and starts capture [Rendered board actions generate real scale-labelled SVG, hand it to fake print and SaveTarget.write boundaries, and advance wizard state. No printer, filesystem destination or external write.]",""
"src/ui/camera/wizard/CameraWizardFrame.tsx:24:9","camera","src/ui/camera/wizard/CameraWizardFrame.tsx:24","Camera calibration","verified-boundary","Open the camera lesson without editing the project.","Available when its containing view is visible.","src/ui/tutorials/TutorialControls.audit.test.tsx: individual tutorial control outcomes 'camera' card and contextual button open the named lesson without editing the project [Executed shared TutorialButton with this exact lesson ID: lesson title/step, close, project/undo/dirty immutability asserted. The enclosing call-site ID was inspected in production source; not every enclosing view mounted in this case.]","Shared contextual-control contract plus inspected site binding; enclosing-site layout/visibility is a separate boundary."
"src/ui/camera/wizard/CameraWizardFrame.tsx:25:9","camera","src/ui/camera/wizard/CameraWizardFrame.tsx:25","{props.minimized ? 'Expand' : 'Minimize'}","verified-behaviour","Minimize and expand the same calibration session.","Available while its containing view is open.","src/ui/camera/wizard/WizardControls.audit.test.tsx: minimizes and expands the same calibration session, opens its lesson and exits [Actual rendered React control, native click/change/pointer event and real local store or draft; jsdom canvas drawing is stubbed. No hardware.]",""
"src/ui/camera/wizard/CameraWizardFrame.tsx:37:9","camera","src/ui/camera/wizard/CameraWizardFrame.tsx:37","`Close ${props.title}`","verified-behaviour","Close the current camera wizard.","Available while its containing view is open.","src/ui/camera/wizard/WizardControls.audit.test.tsx: minimizes and expands the same calibration session, opens its lesson and exits [Actual rendered React control, native click/change/pointer event and real local store or draft; jsdom canvas drawing is stubbed. No hardware.]",""
"src/ui/camera/wizard/CaptureStep.tsx:125:7","camera","src/ui/camera/wizard/CaptureStep.tsx:125","Auto-capture","verified-boundary","Toggle automatic capture.","Capture requires a locked board and source element; Reset requires captures; Solve requires the minimum accepted set.","src/ui/camera/wizard/CaptureControls.audit.test.tsx: gates missing board capture and empty reset/solve, and toggles auto-capture [Actual rendered React control, native click/change/pointer event and real local store or draft; jsdom canvas drawing is stubbed. No hardware.]
src/ui/camera/wizard/CaptureControls.audit.test.tsx: manual capture ingests actual checkerboard pixels, Reset discards them and five captures enable Solve [Rendered Capture/Reset/Solve controls; synthetic checkerboard pixels run through the real corner detector and capture store. Source capture/live feedback are mocked. Solve handoff is checked; no optical calibration or real camera qualified.]",""
"src/ui/camera/wizard/CaptureStep.tsx:132:7","camera","src/ui/camera/wizard/CaptureStep.tsx:132","Capture now","verified-boundary","Read a detected checkerboard frame and append its accepted corners.","Capture requires a locked board and source element; Reset requires captures; Solve requires the minimum accepted set.","src/ui/camera/wizard/CaptureControls.audit.test.tsx: gates missing board capture and empty reset/solve, and toggles auto-capture [Actual rendered React control, native click/change/pointer event and real local store or draft; jsdom canvas drawing is stubbed. No hardware.]
src/ui/camera/wizard/CaptureControls.audit.test.tsx: manual capture ingests actual checkerboard pixels, Reset discards them and five captures enable Solve [Rendered Capture/Reset/Solve controls; synthetic checkerboard pixels run through the real corner detector and capture store. Source capture/live feedback are mocked. Solve handoff is checked; no optical calibration or real camera qualified.]",""
"src/ui/camera/wizard/CaptureStep.tsx:147:7","camera","src/ui/camera/wizard/CaptureStep.tsx:147","Reset","verified-boundary","Discard all captures and reset the session.","Capture requires a locked board and source element; Reset requires captures; Solve requires the minimum accepted set.","src/ui/camera/wizard/CaptureControls.audit.test.tsx: gates missing board capture and empty reset/solve, and toggles auto-capture [Actual rendered React control, native click/change/pointer event and real local store or draft; jsdom canvas drawing is stubbed. No hardware.]
src/ui/camera/wizard/CaptureControls.audit.test.tsx: manual capture ingests actual checkerboard pixels, Reset discards them and five captures enable Solve [Rendered Capture/Reset/Solve controls; synthetic checkerboard pixels run through the real corner detector and capture store. Source capture/live feedback are mocked. Solve handoff is checked; no optical calibration or real camera qualified.]",""
"src/ui/camera/wizard/CaptureStep.tsx:155:7","camera","src/ui/camera/wizard/CaptureStep.tsx:155","Solve calibration","verified-boundary","Begin solving only after enough accepted captures.","Capture requires a locked board and source element; Reset requires captures; Solve requires the minimum accepted set.","src/ui/camera/wizard/CaptureControls.audit.test.tsx: gates missing board capture and empty reset/solve, and toggles auto-capture [Actual rendered React control, native click/change/pointer event and real local store or draft; jsdom canvas drawing is stubbed. No hardware.]
src/ui/camera/wizard/CaptureControls.audit.test.tsx: manual capture ingests actual checkerboard pixels, Reset discards them and five captures enable Solve [Rendered Capture/Reset/Solve controls; synthetic checkerboard pixels run through the real corner detector and capture store. Source capture/live feedback are mocked. Solve handoff is checked; no optical calibration or real camera qualified.]",""
"src/ui/camera/wizard/ReviewStep.tsx:47:9","camera","src/ui/camera/wizard/ReviewStep.tsx:47","Back to capture","verified-boundary","Reset failed solve and return to capture.","Available while its containing view is open.","src/ui/camera/wizard/WizardControls.audit.test.tsx: failed review resets capture; successful review switches both images, returns to capture and applies recorded calibration [Actual Review controls with recorded successful/failed calibration fixtures; preview choice, reset/capture navigation and device calibration persistence checked. Optical accuracy of the fixture is not established.]",""
"src/ui/camera/wizard/ReviewStep.tsx:101:9","camera","src/ui/camera/wizard/ReviewStep.tsx:101","Original","verified-boundary","Show original review image.","Available while its containing view is open.","src/ui/camera/wizard/WizardControls.audit.test.tsx: failed review resets capture; successful review switches both images, returns to capture and applies recorded calibration [Actual Review controls with recorded successful/failed calibration fixtures; preview choice, reset/capture navigation and device calibration persistence checked. Optical accuracy of the fixture is not established.]",""
"src/ui/camera/wizard/ReviewStep.tsx:104:9","camera","src/ui/camera/wizard/ReviewStep.tsx:104","Corrected","verified-boundary","Show corrected review image.","Available while its containing view is open.","src/ui/camera/wizard/WizardControls.audit.test.tsx: failed review resets capture; successful review switches both images, returns to capture and applies recorded calibration [Actual Review controls with recorded successful/failed calibration fixtures; preview choice, reset/capture navigation and device calibration persistence checked. Optical accuracy of the fixture is not established.]",""
"src/ui/camera/wizard/ReviewStep.tsx:125:9","camera","src/ui/camera/wizard/ReviewStep.tsx:125","Capture more poses","verified-boundary","Return to capture for additional poses.","Available while its containing view is open.","src/ui/camera/wizard/WizardControls.audit.test.tsx: failed review resets capture; successful review switches both images, returns to capture and applies recorded calibration [Actual Review controls with recorded successful/failed calibration fixtures; preview choice, reset/capture navigation and device calibration persistence checked. Optical accuracy of the fixture is not established.]",""
"src/ui/camera/wizard/ReviewStep.tsx:128:9","camera","src/ui/camera/wizard/ReviewStep.tsx:128","Apply calibration","verified-boundary","Persist the calibration and recorded source binding, then close the wizard.","Available while its containing view is open.","src/ui/camera/wizard/WizardControls.audit.test.tsx: failed review resets capture; successful review switches both images, returns to capture and applies recorded calibration [Actual Review controls with recorded successful/failed calibration fixtures; preview choice, reset/capture navigation and device calibration persistence checked. Optical accuracy of the fixture is not established.]",""
"src/ui/camera/wizard/SetupStep.tsx:67:9","camera","src/ui/camera/wizard/SetupStep.tsx:67","Start capturing","verified-boundary","Advance from board setup to capture.","Wizard setup step; printable board generation and state transition exercised.","src/ui/camera/wizard/WizardControls.audit.test.tsx: prints and saves the configured scale board through mocked platform boundaries and starts capture [Rendered board actions generate real scale-labelled SVG, hand it to fake print and SaveTarget.write boundaries, and advance wizard state. No printer, filesystem destination or external write.]",""
"src/ui/cnc-viewer3d/CncBitPreviewToast.tsx:102:7","cnc-viewer3d","src/ui/cnc-viewer3d/CncBitPreviewToast.tsx:102","`Dismiss preview for ${tool.name}`","verified-boundary","Dismiss the bit preview immediately.","Available while its containing view is open.","src/ui/cnc-viewer3d/CncBitPreviewToast.test.tsx: CncBitPreviewToast auto-dismisses briefly and also provides an explicit close control [Rendered preview toast dismisses via real button and timer; lazy scene is a fixture.]",""
"src/ui/cnc-viewer3d/Viewer3DToolbar.tsx:23:11","cnc-viewer3d","src/ui/cnc-viewer3d/Viewer3DToolbar.tsx:23","{choice.label}","verified-boundary","Dispatch Result, Result + path, Path or X-ray display mode.","Available while its containing view is open.","src/ui/raster/ViewerAndConversionControls.audit.test.tsx: every CNC display mode selects its semantic mode and PNG requests export [Actual viewer toolbar dispatches each semantic mode and PNG save callback. Real WebGL and resulting file not exercised.]",""
"src/ui/cnc-viewer3d/Viewer3DToolbar.tsx:49:7","cnc-viewer3d","src/ui/cnc-viewer3d/Viewer3DToolbar.tsx:49","Save PNG","verified-boundary","Request a PNG save from the viewer owner.","Available while its containing view is open.","src/ui/raster/ViewerAndConversionControls.audit.test.tsx: every CNC display mode selects its semantic mode and PNG requests export [Actual viewer toolbar dispatches each semantic mode and PNG save callback. Real WebGL and resulting file not exercised.]",""
"src/ui/design-studio/DesignCanvas.tsx:62:7","design-studio","src/ui/design-studio/DesignCanvas.tsx:62","`Design canvas, ${entityCount} entities`","verified-behaviour","Map a rectangle drag through the 2D production canvas into one real sketch/history step.","Open design session with a measured view.","src/ui/design-studio/DesignGestures.audit.test.tsx: 2D production canvas commits a rectangle through its pointer mapping and shared gesture machine [Actual rendered React control, native click/change/pointer event and real local store or draft; jsdom canvas drawing is stubbed. No hardware.]","Representative rectangle gesture; additional tools have separate shared gesture tests, not an exhaustive pointer-device qualification."
"src/ui/design-studio/DesignOptionsBar.tsx:35:7","design-studio","src/ui/design-studio/DesignOptionsBar.tsx:35","`${tool.label} tutorial`","verified-behaviour","Open the specific lesson for all eight selected design tools.","Available while its containing view is open.","src/ui/design-studio/DesignControls.audit.test.tsx: arms all eight shipped tools and opens the lesson specific to each tool [Actual rendered React control, native click/change/pointer event and real local store or draft; jsdom canvas drawing is stubbed. No hardware.]",""
"src/ui/design-studio/DesignToolRails.tsx:40:11","design-studio","src/ui/design-studio/DesignToolRails.tsx:40","ToolButton","verified-behaviour","Render and select each of eight tool choices.","Available while its containing view is open.","src/ui/design-studio/DesignControls.audit.test.tsx: arms all eight shipped tools and opens the lesson specific to each tool [Actual rendered React control, native click/change/pointer event and real local store or draft; jsdom canvas drawing is stubbed. No hardware.]",""
"src/ui/design-studio/DesignToolRails.tsx:52:5","design-studio","src/ui/design-studio/DesignToolRails.tsx:52","props.tool.label","verified-behaviour","Arm the selected design tool and update its pressed state.","Available while its containing view is open.","src/ui/design-studio/DesignControls.audit.test.tsx: arms all eight shipped tools and opens the lesson specific to each tool [Actual rendered React control, native click/change/pointer event and real local store or draft; jsdom canvas drawing is stubbed. No hardware.]",""
"src/ui/design-studio/DesignTopBar.tsx:32:7","design-studio","src/ui/design-studio/DesignTopBar.tsx:32","TutorialButton","verified-boundary","Open the design-studio lesson without editing the project.","Available when its containing view is visible.","src/ui/tutorials/TutorialControls.audit.test.tsx: individual tutorial control outcomes 'design-studio' card and contextual button open the named lesson without editing the project [Executed shared TutorialButton with this exact lesson ID: lesson title/step, close, project/undo/dirty immutability asserted. The enclosing call-site ID was inspected in production source; not every enclosing view mounted in this case.]","Shared contextual-control contract plus inspected site binding; enclosing-site layout/visibility is a separate boundary."
"src/ui/design-studio/DesignTopBar.tsx:34:7","design-studio","src/ui/design-studio/DesignTopBar.tsx:34","Undo","verified-behaviour","Undo the actual geometry creation.","Available while its containing view is open.","src/ui/design-studio/DesignControls.audit.test.tsx: top bar restores geometry with Undo and Redo, changes each view toggle, and requests Fit [Actual rendered React control, native click/change/pointer event and real local store or draft; jsdom canvas drawing is stubbed. No hardware.]",""
"src/ui/design-studio/DesignTopBar.tsx:40:7","design-studio","src/ui/design-studio/DesignTopBar.tsx:40","Redo","verified-behaviour","Redo and restore that geometry.","Available while its containing view is open.","src/ui/design-studio/DesignControls.audit.test.tsx: top bar restores geometry with Undo and Redo, changes each view toggle, and requests Fit [Actual rendered React control, native click/change/pointer event and real local store or draft; jsdom canvas drawing is stubbed. No hardware.]",""
"src/ui/design-studio/DesignTopBar.tsx:49:7","design-studio","src/ui/design-studio/DesignTopBar.tsx:49","Fit","verified-boundary","Dispatch a request to fit the design view.","Undo/Redo and Apply availability derived from actual history/dirty state.","src/ui/design-studio/DesignControls.audit.test.tsx: top bar restores geometry with Undo and Redo, changes each view toggle, and requests Fit [Actual rendered React control, native click/change/pointer event and real local store or draft; jsdom canvas drawing is stubbed. No hardware.]
src/ui/design-studio/DesignControls.audit.test.tsx: top bar Apply writes project artwork once, Apply and Close updates it, and Close only stashes [Actual rendered React control, native click/change/pointer event and real local store or draft; jsdom canvas drawing is stubbed. No hardware.]","Fit is checked at its callback boundary. Undo/Redo and Apply are checked against real geometry/project state."
"src/ui/design-studio/DesignTopBar.tsx:50:7","design-studio","src/ui/design-studio/DesignTopBar.tsx:50","Snap","verified-behaviour","Toggle snapping.","Available while its containing view is open.","src/ui/design-studio/DesignControls.audit.test.tsx: top bar restores geometry with Undo and Redo, changes each view toggle, and requests Fit [Actual rendered React control, native click/change/pointer event and real local store or draft; jsdom canvas drawing is stubbed. No hardware.]",""
"src/ui/design-studio/DesignTopBar.tsx:56:7","design-studio","src/ui/design-studio/DesignTopBar.tsx:56","Ortho","verified-behaviour","Toggle orthogonal drawing constraints.","Available while its containing view is open.","src/ui/design-studio/DesignControls.audit.test.tsx: top bar restores geometry with Undo and Redo, changes each view toggle, and requests Fit [Actual rendered React control, native click/change/pointer event and real local store or draft; jsdom canvas drawing is stubbed. No hardware.]",""
"src/ui/design-studio/DesignTopBar.tsx:62:7","design-studio","src/ui/design-studio/DesignTopBar.tsx:62","Grid","verified-behaviour","Toggle the grid.","Available while its containing view is open.","src/ui/design-studio/DesignControls.audit.test.tsx: top bar restores geometry with Undo and Redo, changes each view toggle, and requests Fit [Actual rendered React control, native click/change/pointer event and real local store or draft; jsdom canvas drawing is stubbed. No hardware.]",""
"src/ui/design-studio/DesignTopBar.tsx:68:7","design-studio","src/ui/design-studio/DesignTopBar.tsx:68","3D","verified-behaviour","Toggle 2D/3D drawing surface.","Available while its containing view is open.","src/ui/design-studio/DesignControls.audit.test.tsx: top bar restores geometry with Undo and Redo, changes each view toggle, and requests Fit [Actual rendered React control, native click/change/pointer event and real local store or draft; jsdom canvas drawing is stubbed. No hardware.]",""
"src/ui/design-studio/DesignTopBar.tsx:77:7","design-studio","src/ui/design-studio/DesignTopBar.tsx:77","Apply","verified-behaviour","Write design artwork to the project once and leave the Studio open.","Available while its containing view is open.","src/ui/design-studio/DesignControls.audit.test.tsx: top bar Apply writes project artwork once, Apply and Close updates it, and Close only stashes [Actual rendered React control, native click/change/pointer event and real local store or draft; jsdom canvas drawing is stubbed. No hardware.]",""
"src/ui/design-studio/DesignTopBar.tsx:83:7","design-studio","src/ui/design-studio/DesignTopBar.tsx:83","Apply & Close","verified-behaviour","Apply the updated geometry and close the Studio.","Available while its containing view is open.","src/ui/design-studio/DesignControls.audit.test.tsx: top bar Apply writes project artwork once, Apply and Close updates it, and Close only stashes [Actual rendered React control, native click/change/pointer event and real local store or draft; jsdom canvas drawing is stubbed. No hardware.]",""
"src/ui/design-studio/DesignTopBar.tsx:89:7","design-studio","src/ui/design-studio/DesignTopBar.tsx:89","Close","verified-behaviour","Close/stash an unapplied session without writing artwork.","Available while its containing view is open.","src/ui/design-studio/DesignControls.audit.test.tsx: top bar Apply writes project artwork once, Apply and Close updates it, and Close only stashes [Actual rendered React control, native click/change/pointer event and real local store or draft; jsdom canvas drawing is stubbed. No hardware.]",""
"src/ui/design-studio/DesignTopBar.tsx:105:5","design-studio","src/ui/design-studio/DesignTopBar.tsx:105","{props.label}","verified-boundary","Dispatch the named top-bar action and honour disabled state.","Undo/Redo and Apply availability derived from actual history/dirty state.","src/ui/design-studio/DesignControls.audit.test.tsx: top bar restores geometry with Undo and Redo, changes each view toggle, and requests Fit [Actual rendered React control, native click/change/pointer event and real local store or draft; jsdom canvas drawing is stubbed. No hardware.]
src/ui/design-studio/DesignControls.audit.test.tsx: top bar Apply writes project artwork once, Apply and Close updates it, and Close only stashes [Actual rendered React control, native click/change/pointer event and real local store or draft; jsdom canvas drawing is stubbed. No hardware.]","Fit is checked at its callback boundary. Undo/Redo and Apply are checked against real geometry/project state."
"src/ui/design-studio/DesignTopBar.tsx:124:5","design-studio","src/ui/design-studio/DesignTopBar.tsx:124","{props.label}","verified-behaviour","Dispatch every shared toggle and reflect its real store value.","Available while its containing view is open.","src/ui/design-studio/DesignControls.audit.test.tsx: top bar restores geometry with Undo and Redo, changes each view toggle, and requests Fit [Actual rendered React control, native click/change/pointer event and real local store or draft; jsdom canvas drawing is stubbed. No hardware.]",""
"src/ui/design-studio/ShapeInspector.tsx:64:7","design-studio","src/ui/design-studio/ShapeInspector.tsx:64","{KIND_LABEL[entity.kind]} {entity.construction === true ? <span style={badgeStyle}>guide</span> : null}","verified-behaviour","Drag the precision panel, clamp it to the viewport and stop moving on release without altering geometry.","Available while its containing view is open.","src/ui/design-studio/DesignGestures.audit.test.tsx: precision header drag moves and clamps only the panel, then releases its pointer ownership [Actual rendered React control, native click/change/pointer event and real local store or draft; jsdom canvas drawing is stubbed. No hardware.]",""
"src/ui/design-studio/ShapeInspector.tsx:69:9","design-studio","src/ui/design-studio/ShapeInspector.tsx:69","Precision tutorial","verified-boundary","Open the design-precision lesson without editing the project.","Available when its containing view is visible.","src/ui/tutorials/TutorialControls.audit.test.tsx: individual tutorial control outcomes 'design-precision' card and contextual button open the named lesson without editing the project [Executed shared TutorialButton with this exact lesson ID: lesson title/step, close, project/undo/dirty immutability asserted. The enclosing call-site ID was inspected in production source; not every enclosing view mounted in this case.]","Shared contextual-control contract plus inspected site binding; enclosing-site layout/visibility is a separate boundary."
"src/ui/design-studio/ShapeInspector.tsx:108:7","design-studio","src/ui/design-studio/ShapeInspector.tsx:108","Duplicate","verified-behaviour","Duplicate the selected shape with the defined offset.","Available while its containing view is open.","src/ui/design-studio/DesignControls.audit.test.tsx: precision inspector duplicates with offset, toggles construction and deletes the selected shape [Actual rendered React control, native click/change/pointer event and real local store or draft; jsdom canvas drawing is stubbed. No hardware.]",""
"src/ui/design-studio/ShapeInspector.tsx:116:7","design-studio","src/ui/design-studio/ShapeInspector.tsx:116","Guide","verified-behaviour","Toggle construction-guide status.","Available while its containing view is open.","src/ui/design-studio/DesignControls.audit.test.tsx: precision inspector duplicates with offset, toggles construction and deletes the selected shape [Actual rendered React control, native click/change/pointer event and real local store or draft; jsdom canvas drawing is stubbed. No hardware.]",""
"src/ui/design-studio/ShapeInspector.tsx:125:7","design-studio","src/ui/design-studio/ShapeInspector.tsx:125","Delete","verified-behaviour","Delete the selected geometry.","Available while its containing view is open.","src/ui/design-studio/DesignControls.audit.test.tsx: precision inspector duplicates with offset, toggles construction and deletes the selected shape [Actual rendered React control, native click/change/pointer event and real local store or draft; jsdom canvas drawing is stubbed. No hardware.]",""
"src/ui/design-studio/layers/DesignLayerFields.tsx:61:9","design-studio","src/ui/design-studio/layers/DesignLayerFields.tsx:61","`Flat depth for ${layer.name}`","verified-behaviour","Toggle the V-carve flat-depth option.","Available while its containing view is open.","src/ui/design-studio/layers/DesignLayers.audit.test.tsx: sets through depth from stock, toggles V-carve flat depth, and opens the matching lessons [Actual rendered React control, native click/change/pointer event and real local store or draft; jsdom canvas drawing is stubbed. No hardware.]",""
"src/ui/design-studio/layers/DesignLayerFields.tsx:179:9","design-studio","src/ui/design-studio/layers/DesignLayerFields.tsx:179","Through","verified-behaviour","Set cut depth to actual stock thickness.","Available while its containing view is open.","src/ui/design-studio/layers/DesignLayers.audit.test.tsx: sets through depth from stock, toggles V-carve flat depth, and opens the matching lessons [Actual rendered React control, native click/change/pointer event and real local store or draft; jsdom canvas drawing is stubbed. No hardware.]",""
"src/ui/design-studio/layers/DesignLayerRow.tsx:30:7","design-studio","src/ui/design-studio/layers/DesignLayerRow.tsx:30","{layer.name} {props.hasSelection ? ( <span style={selectionBadgeStyle} title=""The selected shape is on this layer""> selected </span> ) : null} {summary} {props.entityCount > 0 ? ` · ${props.entityCount} shape${props.entityCount === 1 ? '' : 's'}` : ''}","verified-behaviour","Select the carve layer.","Move controls disabled at stack edges; final remaining layer cannot be deleted.","src/ui/design-studio/layers/DesignLayers.audit.test.tsx: adds, selects, assigns, reorders and deletes carve layers with correct edge availability [Actual rendered React control, native click/change/pointer event and real local store or draft; jsdom canvas drawing is stubbed. No hardware.]",""
"src/ui/design-studio/layers/DesignLayerRow.tsx:55:7","design-studio","src/ui/design-studio/layers/DesignLayerRow.tsx:55","↑","verified-behaviour","Move a carve layer up.","Move controls disabled at stack edges; final remaining layer cannot be deleted.","src/ui/design-studio/layers/DesignLayers.audit.test.tsx: adds, selects, assigns, reorders and deletes carve layers with correct edge availability [Actual rendered React control, native click/change/pointer event and real local store or draft; jsdom canvas drawing is stubbed. No hardware.]",""
"src/ui/design-studio/layers/DesignLayerRow.tsx:64:7","design-studio","src/ui/design-studio/layers/DesignLayerRow.tsx:64","↓","verified-behaviour","Move a carve layer down.","Move controls disabled at stack edges; final remaining layer cannot be deleted.","src/ui/design-studio/layers/DesignLayers.audit.test.tsx: adds, selects, assigns, reorders and deletes carve layers with correct edge availability [Actual rendered React control, native click/change/pointer event and real local store or draft; jsdom canvas drawing is stubbed. No hardware.]",""
"src/ui/design-studio/layers/DesignLayerRow.tsx:73:7","design-studio","src/ui/design-studio/layers/DesignLayerRow.tsx:73","✕","verified-behaviour","Delete a removable carve layer.","Move controls disabled at stack edges; final remaining layer cannot be deleted.","src/ui/design-studio/layers/DesignLayers.audit.test.tsx: adds, selects, assigns, reorders and deletes carve layers with correct edge availability [Actual rendered React control, native click/change/pointer event and real local store or draft; jsdom canvas drawing is stubbed. No hardware.]",""
"src/ui/design-studio/layers/DesignLayerSettings.tsx:28:7","design-studio","src/ui/design-studio/layers/DesignLayerSettings.tsx:28","Cut type tutorial","verified-boundary","Open the lesson matching the cut type, including the tested V-carve route.","Shown for the selected carve layer.","src/ui/design-studio/layers/DesignLayers.audit.test.tsx: sets through depth from stock, toggles V-carve flat depth, and opens the matching lessons [Actual rendered React control, native click/change/pointer event and real local store or draft; jsdom canvas drawing is stubbed. No hardware.]","V-carve binding exercised in the enclosing view; the shared contextual lesson suite exercises all named lessons separately."
"src/ui/design-studio/layers/DesignLayersCard.tsx:124:7","design-studio","src/ui/design-studio/layers/DesignLayersCard.tsx:124","Carve layers","verified-boundary","Open the operations lesson without editing the project.","Available when its containing view is visible.","src/ui/tutorials/TutorialControls.audit.test.tsx: individual tutorial control outcomes 'operations' card and contextual button open the named lesson without editing the project [Executed shared TutorialButton with this exact lesson ID: lesson title/step, close, project/undo/dirty immutability asserted. The enclosing call-site ID was inspected in production source; not every enclosing view mounted in this case.]","Shared contextual-control contract plus inspected site binding; enclosing-site layout/visibility is a separate boundary."
"src/ui/design-studio/layers/DesignLayersCard.tsx:125:7","design-studio","src/ui/design-studio/layers/DesignLayersCard.tsx:125","Assign","verified-behaviour","Assign selected sketch entities to the active layer.","Assign requires selected geometry.","src/ui/design-studio/layers/DesignLayers.audit.test.tsx: adds, selects, assigns, reorders and deletes carve layers with correct edge availability [Actual rendered React control, native click/change/pointer event and real local store or draft; jsdom canvas drawing is stubbed. No hardware.]",""
"src/ui/design-studio/layers/DesignLayersCard.tsx:138:7","design-studio","src/ui/design-studio/layers/DesignLayersCard.tsx:138","+ New","verified-behaviour","Create a new carve layer.","Assign requires selected geometry.","src/ui/design-studio/layers/DesignLayers.audit.test.tsx: adds, selects, assigns, reorders and deletes carve layers with correct edge availability [Actual rendered React control, native click/change/pointer event and real local store or draft; jsdom canvas drawing is stubbed. No hardware.]",""
"src/ui/design-studio/preview3d/DesignSidePanel.tsx:20:7","design-studio","src/ui/design-studio/preview3d/DesignSidePanel.tsx:20","Resize the layers panel","verified-behaviour","Resize the layers panel by keyboard without also moving selected geometry/history.","Panel visible; keyboard separator focused.","src/ui/design-studio/preview3d/DesignSidePanel.test.tsx: DesignSidePanel keyboard ownership resizes on a bubbled arrow without also moving selected geometry or history [Actual rendered React control, native click/change/pointer event and real local store or draft; jsdom canvas drawing is stubbed. No hardware.]","Pointer dragging of this particular panel was not separately exercised; keyboard action is verified."
"src/ui/design-studio/viewport3d/DesignViewport3D.tsx:33:7","design-studio","src/ui/design-studio/viewport3d/DesignViewport3D.tsx:33","3D design space — draw with the left button, pan with middle, orbit with right or Shift+middle, zoom with the wheel","verified-boundary","Map a rectangle drag through the production 3D canvas and shared gesture engine into one real sketch/history step.","Requires a ready scene mapping; drawing is unavailable without a scene; 2D fallback remains available.","src/ui/design-studio/DesignGestures.audit.test.tsx: 3D production canvas commits a rectangle through its pointer mapping and shared gesture machine [Production 3D canvas and shared gesture engine commit real sketch geometry. Scene raycast/pixel scale and WebGL hook are replaced by a deterministic scene handle. Real GPU rendering/orbit requires a browser environment.]",""
"src/ui/design-studio/viewport3d/DesignViewportToolbar.tsx:18:7","design-studio","src/ui/design-studio/viewport3d/DesignViewportToolbar.tsx:18","Top","verified-boundary","Request top camera preset.","Bits disabled without a simulation; stale result is labelled.","src/ui/design-studio/DesignControls.audit.test.tsx: 3D toolbar dispatches each preset and tier, gates absent simulation, and requests simulation [Rendered 3D toolbar with callback spies: preset/tier/simulation request and disabled states checked; no WebGL rendering or completed tool simulation in this case.]",""
"src/ui/design-studio/viewport3d/DesignViewportToolbar.tsx:23:7","design-studio","src/ui/design-studio/viewport3d/DesignViewportToolbar.tsx:23","Iso","verified-boundary","Request isometric camera preset.","Bits disabled without a simulation; stale result is labelled.","src/ui/design-studio/DesignControls.audit.test.tsx: 3D toolbar dispatches each preset and tier, gates absent simulation, and requests simulation [Rendered 3D toolbar with callback spies: preset/tier/simulation request and disabled states checked; no WebGL rendering or completed tool simulation in this case.]",""
"src/ui/design-studio/viewport3d/DesignViewportToolbar.tsx:29:7","design-studio","src/ui/design-studio/viewport3d/DesignViewportToolbar.tsx:29","Design","verified-boundary","Select the live design tier.","Bits disabled without a simulation; stale result is labelled.","src/ui/design-studio/DesignControls.audit.test.tsx: 3D toolbar dispatches each preset and tier, gates absent simulation, and requests simulation [Rendered 3D toolbar with callback spies: preset/tier/simulation request and disabled states checked; no WebGL rendering or completed tool simulation in this case.]",""
"src/ui/design-studio/viewport3d/DesignViewportToolbar.tsx:35:7","design-studio","src/ui/design-studio/viewport3d/DesignViewportToolbar.tsx:35","props.isStale ? 'Bits (stale)' : 'Bits'","verified-boundary","Select the Bits simulation tier only if a result exists.","Bits disabled without a simulation; stale result is labelled.","src/ui/design-studio/DesignControls.audit.test.tsx: 3D toolbar dispatches each preset and tier, gates absent simulation, and requests simulation [Rendered 3D toolbar with callback spies: preset/tier/simulation request and disabled states checked; no WebGL rendering or completed tool simulation in this case.]",""
"src/ui/design-studio/viewport3d/DesignViewportToolbar.tsx:48:7","design-studio","src/ui/design-studio/viewport3d/DesignViewportToolbar.tsx:48","Simulate","verified-boundary","Request a new bit simulation.","Bits disabled without a simulation; stale result is labelled.","src/ui/design-studio/DesignControls.audit.test.tsx: 3D toolbar dispatches each preset and tier, gates absent simulation, and requests simulation [Rendered 3D toolbar with callback spies: preset/tier/simulation request and disabled states checked; no WebGL rendering or completed tool simulation in this case.]",""
"src/ui/design-studio/viewport3d/DesignViewportToolbar.tsx:70:5","design-studio","src/ui/design-studio/viewport3d/DesignViewportToolbar.tsx:70","{props.label}","verified-boundary","Dispatch each shared viewport button and honour unavailable Bits.","Bits disabled without a simulation; stale result is labelled.","src/ui/design-studio/DesignControls.audit.test.tsx: 3D toolbar dispatches each preset and tier, gates absent simulation, and requests simulation [Rendered 3D toolbar with callback spies: preset/tier/simulation request and disabled states checked; no WebGL rendering or completed tool simulation in this case.]",""
"src/ui/gcode-inspector/CanvasGcodeView.tsx:39:9","gcode-inspector","src/ui/gcode-inspector/CanvasGcodeView.tsx:39","{state.kind === 'compiling' ? 'Compiling…' : followingRun ? 'Current design' : 'Refresh'}","verified-boundary","Request compilation/current-design refresh and disable it during compilation or an active run; enable it after the run finishes.","Available while its containing view is open.","src/ui/gcode-inspector/InspectorControls.audit.test.tsx: canvas refresh dispatches compilation, is unavailable during compile or active run, and releases a completed run [Rendered canvas wrapper with compile/current-G-code hook replaced by state fixtures and refresh spy. Real running/finished enum values tested; no compiler or machine command launched.]",""
"src/ui/gcode-inspector/CanvasViewSwitch.tsx:41:5","gcode-inspector","src/ui/gcode-inspector/CanvasViewSwitch.tsx:41","{props.label}","verified-boundary","Select design or G-code view without changing controller state.","Available while its containing view is open.","src/ui/gcode-inspector/InspectorControls.audit.test.tsx: canvas view buttons dispatch design and G-code choices without changing machine state [Rendered view buttons dispatch boolean view selection; machine store remains identical.]",""
"src/ui/gcode-inspector/GcodeInspectorDialog.tsx:36:9","gcode-inspector","src/ui/gcode-inspector/GcodeInspectorDialog.tsx:36","TutorialButton","verified-boundary","Open the gcode lesson without editing the project.","Available when its containing view is visible.","src/ui/tutorials/TutorialControls.audit.test.tsx: individual tutorial control outcomes 'gcode' card and contextual button open the named lesson without editing the project [Executed shared TutorialButton with this exact lesson ID: lesson title/step, close, project/undo/dirty immutability asserted. The enclosing call-site ID was inspected in production source; not every enclosing view mounted in this case.]","Shared contextual-control contract plus inspected site binding; enclosing-site layout/visibility is a separate boundary."
"src/ui/gcode-inspector/GcodeInspectorDialog.tsx:37:9","gcode-inspector","src/ui/gcode-inspector/GcodeInspectorDialog.tsx:37","Close","verified-boundary","Notify owner to close the Inspector.","2D handoff omitted in laser mode.","src/ui/gcode-inspector/InspectorControls.audit.test.tsx: Inspector dialog Close and CNC-only simulator handoff invoke their respective callbacks [Rendered Inspector dialog Close and CNC-only handoff callback assertions; parser state is idle fixture.]",""
"src/ui/gcode-inspector/GcodeInspectorDialog.tsx:73:11","gcode-inspector","src/ui/gcode-inspector/GcodeInspectorDialog.tsx:73","Open in 2D simulator","verified-boundary","Hand the program to the 2D simulator owner for CNC only.","2D handoff omitted in laser mode.","src/ui/gcode-inspector/InspectorControls.audit.test.tsx: Inspector dialog Close and CNC-only simulator handoff invoke their respective callbacks [Rendered Inspector dialog Close and CNC-only handoff callback assertions; parser state is idle fixture.]",""
"src/ui/gcode-inspector/InspectorHealthPanel.tsx:59:9","gcode-inspector","src/ui/gcode-inspector/InspectorHealthPanel.tsx:59","Go to line {finding.line + 1}","verified-boundary","Navigate to the finding line using the correct zero-based callback.","No navigation button for a finding without a line.","src/ui/gcode-inspector/InspectorControls.audit.test.tsx: health findings use zero-based source positions and omit navigation when no line exists [Rendered finding button hands zero-based line to onLocate; no-line finding has no navigation control. Callback boundary.]",""
"src/ui/gcode-inspector/InspectorSidebar.tsx:48:11","gcode-inspector","src/ui/gcode-inspector/InspectorSidebar.tsx:48","Show or hide the non-cutting moves between shapes","verified-boundary","Toggle non-cutting travel display.","Available while its containing view is open.","src/ui/gcode-inspector/InspectorControls.audit.test.tsx: ready Inspector routes every camera control, source toggle and travel/direction switch to the scene [Real Inspector UI/state/model and source index; WebGL scene methods are spies. Camera/display/source requests checked, not GPU rendering or PNG file creation.]",""
"src/ui/gcode-inspector/InspectorSidebar.tsx:57:11","gcode-inspector","src/ui/gcode-inspector/InspectorSidebar.tsx:57","Mark the cut path with arrows showing direction of travel","verified-boundary","Toggle direction arrows on the cut path.","Available while its containing view is open.","src/ui/gcode-inspector/InspectorControls.audit.test.tsx: ready Inspector routes every camera control, source toggle and travel/direction switch to the scene [Real Inspector UI/state/model and source index; WebGL scene methods are spies. Camera/display/source requests checked, not GPU rendering or PNG file creation.]",""
"src/ui/gcode-inspector/InspectorSourcePane.tsx:127:5","gcode-inspector","src/ui/gcode-inspector/InspectorSourcePane.tsx:127","{props.line + 1} {props.badge} {props.text === '' ? ' ' : props.text}","verified-boundary","Jump the local playhead to the selected source line.","Available while its containing view is open.","src/ui/gcode-inspector/InspectorControls.audit.test.tsx: ready Inspector routes every camera control, source toggle and travel/direction switch to the scene [Real Inspector UI/state/model and source index; WebGL scene methods are spies. Camera/display/source requests checked, not GPU rendering or PNG file creation.]",""
"src/ui/gcode-inspector/InspectorTimeline.tsx:112:9","gcode-inspector","src/ui/gcode-inspector/InspectorTimeline.tsx:112","Restart","verified-boundary","Restart local preview.","Step and Play disabled for a zero-length program.","src/ui/gcode-inspector/InspectorControls.audit.test.tsx: all preview transport buttons dispatch their exact action and empty programs disable stepping and play [Rendered timeline with playback callback spies. Exact restart/play/pause/step direction and empty-program guards checked; no machine transport used.]",""
"src/ui/gcode-inspector/InspectorTimeline.tsx:120:9","gcode-inspector","src/ui/gcode-inspector/InspectorTimeline.tsx:120","`Step back ${STEP_SECONDS} seconds`","verified-boundary","Step preview backward by 0.25 seconds.","Step and Play disabled for a zero-length program.","src/ui/gcode-inspector/InspectorControls.audit.test.tsx: all preview transport buttons dispatch their exact action and empty programs disable stepping and play [Rendered timeline with playback callback spies. Exact restart/play/pause/step direction and empty-program guards checked; no machine transport used.]",""
"src/ui/gcode-inspector/InspectorTimeline.tsx:130:9","gcode-inspector","src/ui/gcode-inspector/InspectorTimeline.tsx:130","{playback.playing ? 'Pause' : 'Play'}","verified-boundary","Play or pause local preview.","Step and Play disabled for a zero-length program.","src/ui/gcode-inspector/InspectorControls.audit.test.tsx: all preview transport buttons dispatch their exact action and empty programs disable stepping and play [Rendered timeline with playback callback spies. Exact restart/play/pause/step direction and empty-program guards checked; no machine transport used.]",""
"src/ui/gcode-inspector/InspectorTimeline.tsx:140:9","gcode-inspector","src/ui/gcode-inspector/InspectorTimeline.tsx:140","`Step forward ${STEP_SECONDS} seconds`","verified-boundary","Step preview forward by 0.25 seconds.","Step and Play disabled for a zero-length program.","src/ui/gcode-inspector/InspectorControls.audit.test.tsx: all preview transport buttons dispatch their exact action and empty programs disable stepping and play [Rendered timeline with playback callback spies. Exact restart/play/pause/step direction and empty-program guards checked; no machine transport used.]",""
"src/ui/gcode-inspector/InspectorView.tsx:154:9","gcode-inspector","src/ui/gcode-inspector/InspectorView.tsx:154","TutorialButton","verified-boundary","Open the gcode lesson without editing the project.","Available when its containing view is visible.","src/ui/tutorials/TutorialControls.audit.test.tsx: individual tutorial control outcomes 'gcode' card and contextual button open the named lesson without editing the project [Executed shared TutorialButton with this exact lesson ID: lesson title/step, close, project/undo/dirty immutability asserted. The enclosing call-site ID was inspected in production source; not every enclosing view mounted in this case.]","Shared contextual-control contract plus inspected site binding; enclosing-site layout/visibility is a separate boundary."
"src/ui/gcode-inspector/InspectorView.tsx:156:11","gcode-inspector","src/ui/gcode-inspector/InspectorView.tsx:156","{session.liveMode ? 'Preview playback' : 'Watch live run'}","verified-boundary","Switch between reported run observation and local playback without controller mutation.","Only shown when the displayed source matches the recorded live run.","src/ui/gcode-inspector/InspectorView.live.test.tsx: InspectorView live scene integration switches to local playback and back without changing controller state [Production Inspector with real live-source matching and state transition; synthetic controller reports and WebGL scene boundary. Asserts controller state is untouched.]",""
"src/ui/gcode-inspector/InspectorView.tsx:167:11","gcode-inspector","src/ui/gcode-inspector/InspectorView.tsx:167","{props.sourceVisible ? 'Hide source' : 'Show source'}","verified-boundary","Show/hide the source pane.","Available in the full Inspector layout.","src/ui/gcode-inspector/InspectorControls.audit.test.tsx: ready Inspector routes every camera control, source toggle and travel/direction switch to the scene [Real Inspector UI/state/model and source index; WebGL scene methods are spies. Camera/display/source requests checked, not GPU rendering or PNG file creation.]",""
"src/ui/gcode-inspector/InspectorViewControls.tsx:42:11","gcode-inspector","src/ui/gcode-inspector/InspectorViewControls.tsx:42","{mode.label}","verified-boundary","Select Manual, Follow or Auto views camera mode.","Controls unavailable while the scene is not ready.","src/ui/gcode-inspector/InspectorControls.audit.test.tsx: ready Inspector routes every camera control, source toggle and travel/direction switch to the scene [Real Inspector UI/state/model and source index; WebGL scene methods are spies. Camera/display/source requests checked, not GPU rendering or PNG file creation.]","PNG case verifies captureImage dispatch only; browser download/real WebGL output remains outside the test."
"src/ui/gcode-inspector/InspectorViewControls.tsx:57:11","gcode-inspector","src/ui/gcode-inspector/InspectorViewControls.tsx:57","{CAMERA_PRESET_LABEL[preset]}","verified-boundary","Request each Iso/Top/Front/Right preset.","Controls unavailable while the scene is not ready.","src/ui/gcode-inspector/InspectorControls.audit.test.tsx: ready Inspector routes every camera control, source toggle and travel/direction switch to the scene [Real Inspector UI/state/model and source index; WebGL scene methods are spies. Camera/display/source requests checked, not GPU rendering or PNG file creation.]","PNG case verifies captureImage dispatch only; browser download/real WebGL output remains outside the test."
"src/ui/gcode-inspector/InspectorViewControls.tsx:68:9","gcode-inspector","src/ui/gcode-inspector/InspectorViewControls.tsx:68","Fit","verified-boundary","Request fitted isometric view.","Controls unavailable while the scene is not ready.","src/ui/gcode-inspector/InspectorControls.audit.test.tsx: ready Inspector routes every camera control, source toggle and travel/direction switch to the scene [Real Inspector UI/state/model and source index; WebGL scene methods are spies. Camera/display/source requests checked, not GPU rendering or PNG file creation.]","PNG case verifies captureImage dispatch only; browser download/real WebGL output remains outside the test."
"src/ui/gcode-inspector/InspectorViewControls.tsx:77:9","gcode-inspector","src/ui/gcode-inspector/InspectorViewControls.tsx:77","PNG","verified-boundary","Request scene PNG capture.","Controls unavailable while the scene is not ready.","src/ui/gcode-inspector/InspectorControls.audit.test.tsx: ready Inspector routes every camera control, source toggle and travel/direction switch to the scene [Real Inspector UI/state/model and source index; WebGL scene methods are spies. Camera/display/source requests checked, not GPU rendering or PNG file creation.]","PNG case verifies captureImage dispatch only; browser download/real WebGL output remains outside the test."
"src/ui/gcode-inspector/InspectorViewport.tsx:52:11","gcode-inspector","src/ui/gcode-inspector/InspectorViewport.tsx:52","Show or hide non-cutting travel moves","verified-boundary","Toggle non-cutting travel display from the viewport control.","Available while its containing view is open.","src/ui/gcode-inspector/InspectorControls.audit.test.tsx: ready Inspector routes every camera control, source toggle and travel/direction switch to the scene [Real Inspector UI/state/model and source index; WebGL scene methods are spies. Camera/display/source requests checked, not GPU rendering or PNG file creation.]",""
"src/ui/image-editor/AdjustDialog.tsx:24:7","image-editor","src/ui/image-editor/AdjustDialog.tsx:24","Image adjustments","verified-boundary","Open the image-tone lesson without editing the project.","Available when its containing view is visible.","src/ui/tutorials/TutorialControls.audit.test.tsx: individual tutorial control outcomes 'image-tone' card and contextual button open the named lesson without editing the project [Executed shared TutorialButton with this exact lesson ID: lesson title/step, close, project/undo/dirty immutability asserted. The enclosing call-site ID was inspected in production source; not every enclosing view mounted in this case.]","Shared contextual-control contract plus inspected site binding; enclosing-site layout/visibility is a separate boundary."
"src/ui/image-editor/AdjustDialog.tsx:84:9","image-editor","src/ui/image-editor/AdjustDialog.tsx:84","Preview on canvas","verified-behaviour","Toggle canvas preview without committing image pixels.","Available while its containing view is open.","src/ui/image-editor/EditorDialogs.audit.test.tsx: adjustment Preview changes preview availability without committing image pixels [Actual rendered React control, native click/change/pointer event and real local store or draft; jsdom canvas drawing is stubbed. No hardware.]",""
"src/ui/image-editor/AdjustDialog.tsx:94:9","image-editor","src/ui/image-editor/AdjustDialog.tsx:94","Reset","verified-behaviour","Restore default adjustment parameters.","Available while its containing view is open.","src/ui/image-editor/AdjustDialog.test.tsx: adjustment dialog keyboard actions preserves native Enter activation of Reset [Actual rendered React control, native click/change/pointer event and real local store or draft; jsdom canvas drawing is stubbed. No hardware.]",""
"src/ui/image-editor/AdjustDialog.tsx:102:9","image-editor","src/ui/image-editor/AdjustDialog.tsx:102","Cancel","verified-behaviour","Discard the adjustment without a pixel/history change.","Available while its containing view is open.","src/ui/image-editor/AdjustDialog.test.tsx: adjustment dialog keyboard actions preserves native Enter activation of Cancel [Actual rendered React control, native click/change/pointer event and real local store or draft; jsdom canvas drawing is stubbed. No hardware.]",""
"src/ui/image-editor/AdjustDialog.tsx:110:9","image-editor","src/ui/image-editor/AdjustDialog.tsx:110","OK","verified-behaviour","Commit adjusted pixels as exactly one undo step.","Available while its containing view is open.","src/ui/image-editor/AdjustDialog.test.tsx: adjustment dialog keyboard actions preserves native Enter activation of OK [Actual rendered React control, native click/change/pointer event and real local store or draft; jsdom canvas drawing is stubbed. No hardware.]",""
"src/ui/image-editor/ColorPickerDialog.tsx:63:11","image-editor","src/ui/image-editor/ColorPickerDialog.tsx:63","Paint colours","verified-boundary","Open the image-paint lesson without editing the project.","Available when its containing view is visible.","src/ui/tutorials/TutorialControls.audit.test.tsx: individual tutorial control outcomes 'image-paint' card and contextual button open the named lesson without editing the project [Executed shared TutorialButton with this exact lesson ID: lesson title/step, close, project/undo/dirty immutability asserted. The enclosing call-site ID was inspected in production source; not every enclosing view mounted in this case.]","Shared contextual-control contract plus inspected site binding; enclosing-site layout/visibility is a separate boundary."
"src/ui/image-editor/ColorPickerDialog.tsx:106:7","image-editor","src/ui/image-editor/ColorPickerDialog.tsx:106","Cancel","verified-behaviour","Close without committing the colour draft.","Available while its containing view is open.","src/ui/image-editor/EditorControls.audit.test.tsx: Image Studio control-by-control audit opens both colour pickers, commits foreground, cancels background, swaps and resets colours [Actual rendered React control, native click/change/pointer event and real local store or draft; jsdom canvas drawing is stubbed. No hardware.]",""
"src/ui/image-editor/ColorPickerDialog.tsx:114:7","image-editor","src/ui/image-editor/ColorPickerDialog.tsx:114","OK","verified-behaviour","Commit the colour and close the picker.","Available while its containing view is open.","src/ui/image-editor/EditorControls.audit.test.tsx: Image Studio control-by-control audit opens both colour pickers, commits foreground, cancels background, swaps and resets colours [Actual rendered React control, native click/change/pointer event and real local store or draft; jsdom canvas drawing is stubbed. No hardware.]",""
"src/ui/image-editor/ColorPickerPad.tsx:22:5","image-editor","src/ui/image-editor/ColorPickerPad.tsx:22","Saturation and brightness","verified-behaviour","Map pointer position to saturation/brightness, clamp outside drags, and support keyboard adjustment.","Available while its containing view is open.","src/ui/image-editor/EditorGestures.audit.test.tsx: colour pad maps pointer coordinates to saturation and brightness and clamps an outside drag [Actual rendered React control, native click/change/pointer event and real local store or draft; jsdom canvas drawing is stubbed. No hardware.]
src/ui/image-editor/ImageStudioAccessibility.test.tsx: Image Studio reachability scrolls the tool rail and gives the two-dimensional color pad keyboard control [Actual rendered React control, native click/change/pointer event and real local store or draft; jsdom canvas drawing is stubbed. No hardware.]",""
"src/ui/image-editor/CurvesEditor.tsx:75:5","image-editor","src/ui/image-editor/CurvesEditor.tsx:75","Tone curve editor: click to add a point, drag to shape the curve","verified-behaviour","Add, move and remove curve control points in the adjustment draft without committing image pixels.","Available while its containing view is open.","src/ui/image-editor/EditorGestures.audit.test.tsx: curve canvas adds, drags and removes a control point without committing document pixels [Actual rendered React control, native click/change/pointer event and real local store or draft; jsdom canvas drawing is stubbed. No hardware.]",""
"src/ui/image-editor/EditorAdjustMenus.tsx:48:7","image-editor","src/ui/image-editor/EditorAdjustMenus.tsx:48","Image","verified-behaviour","Open Image menu and route Image Size/Canvas Size to their dialogs.","Available while its containing view is open.","src/ui/image-editor/EditorDialogs.audit.test.tsx: Image menu routes both resize kinds, Text opens its dialog and backdrop dismisses a menu [Actual rendered React control, native click/change/pointer event and real local store or draft; jsdom canvas drawing is stubbed. No hardware.]",""
"src/ui/image-editor/EditorAdjustMenus.tsx:49:7","image-editor","src/ui/image-editor/EditorAdjustMenus.tsx:49","Adjust","verified-behaviour","Open Adjust and dispatch every listed adjustment.","Available while its containing view is open.","src/ui/image-editor/EditorDialogs.audit.test.tsx: menu routes 'brightness-contrast' to its actual dialog or instant image operation [Actual rendered React control, native click/change/pointer event and real local store or draft; jsdom canvas drawing is stubbed. No hardware.]
src/ui/image-editor/EditorDialogs.audit.test.tsx: menu routes 'levels' to its actual dialog or instant image operation [Actual rendered React control, native click/change/pointer event and real local store or draft; jsdom canvas drawing is stubbed. No hardware.]
src/ui/image-editor/EditorDialogs.audit.test.tsx: menu routes 'curves' to its actual dialog or instant image operation [Actual rendered React control, native click/change/pointer event and real local store or draft; jsdom canvas drawing is stubbed. No hardware.]
src/ui/image-editor/EditorDialogs.audit.test.tsx: menu routes 'threshold' to its actual dialog or instant image operation [Actual rendered React control, native click/change/pointer event and real local store or draft; jsdom canvas drawing is stubbed. No hardware.]
src/ui/image-editor/EditorDialogs.audit.test.tsx: menu routes 'posterize' to its actual dialog or instant image operation [Actual rendered React control, native click/change/pointer event and real local store or draft; jsdom canvas drawing is stubbed. No hardware.]
src/ui/image-editor/EditorDialogs.audit.test.tsx: menu routes 'invert' to its actual dialog or instant image operation [Actual rendered React control, native click/change/pointer event and real local store or draft; jsdom canvas drawing is stubbed. No hardware.]
src/ui/image-editor/EditorDialogs.audit.test.tsx: menu routes 'desaturate' to its actual dialog or instant image operation [Actual rendered React control, native click/change/pointer event and real local store or draft; jsdom canvas drawing is stubbed. No hardware.]
src/ui/image-editor/EditorDialogs.audit.test.tsx: menu routes 'gaussian-blur' to its actual dialog or instant image operation [Actual rendered React control, native click/change/pointer event and real local store or draft; jsdom canvas drawing is stubbed. No hardware.]
src/ui/image-editor/EditorDialogs.audit.test.tsx: menu routes 'unsharp-mask' to its actual dialog or instant image operation [Actual rendered React control, native click/change/pointer event and real local store or draft; jsdom canvas drawing is stubbed. No hardware.]
src/ui/image-editor/EditorDialogs.audit.test.tsx: menu routes 'high-pass' to its actual dialog or instant image operation [Actual rendered React control, native click/change/pointer event and real local store or draft; jsdom canvas drawing is stubbed. No hardware.]
src/ui/image-editor/EditorDialogs.audit.test.tsx: menu routes 'median' to its actual dialog or instant image operation [Actual rendered React control, native click/change/pointer event and real local store or draft; jsdom canvas drawing is stubbed. No hardware.]
src/ui/image-editor/EditorDialogs.audit.test.tsx: menu routes 'halftone' to its actual dialog or instant image operation [Actual rendered React control, native click/change/pointer event and real local store or draft; jsdom canvas drawing is stubbed. No hardware.]
src/ui/image-editor/EditorDialogs.audit.test.tsx: menu routes 'line-screen' to its actual dialog or instant image operation [Actual rendered React control, native click/change/pointer event and real local store or draft; jsdom canvas drawing is stubbed. No hardware.]
src/ui/image-editor/EditorDialogs.audit.test.tsx: Image menu routes both resize kinds, Text opens its dialog and backdrop dismisses a menu [Actual rendered React control, native click/change/pointer event and real local store or draft; jsdom canvas drawing is stubbed. No hardware.]
src/ui/image-editor/EditorDialogs.audit.test.tsx: Image menu routes both resize kinds, Text opens its dialog and backdrop dismisses a menu [Actual rendered React control, native click/change/pointer event and real local store or draft; jsdom canvas drawing is stubbed. No hardware.]",""
"src/ui/image-editor/EditorAdjustMenus.tsx:54:7","image-editor","src/ui/image-editor/EditorAdjustMenus.tsx:54","Filter","verified-behaviour","Open Filter and dispatch every listed filter.","Available while its containing view is open.","src/ui/image-editor/EditorDialogs.audit.test.tsx: menu routes 'brightness-contrast' to its actual dialog or instant image operation [Actual rendered React control, native click/change/pointer event and real local store or draft; jsdom canvas drawing is stubbed. No hardware.]
src/ui/image-editor/EditorDialogs.audit.test.tsx: menu routes 'levels' to its actual dialog or instant image operation [Actual rendered React control, native click/change/pointer event and real local store or draft; jsdom canvas drawing is stubbed. No hardware.]
src/ui/image-editor/EditorDialogs.audit.test.tsx: menu routes 'curves' to its actual dialog or instant image operation [Actual rendered React control, native click/change/pointer event and real local store or draft; jsdom canvas drawing is stubbed. No hardware.]
src/ui/image-editor/EditorDialogs.audit.test.tsx: menu routes 'threshold' to its actual dialog or instant image operation [Actual rendered React control, native click/change/pointer event and real local store or draft; jsdom canvas drawing is stubbed. No hardware.]
src/ui/image-editor/EditorDialogs.audit.test.tsx: menu routes 'posterize' to its actual dialog or instant image operation [Actual rendered React control, native click/change/pointer event and real local store or draft; jsdom canvas drawing is stubbed. No hardware.]
src/ui/image-editor/EditorDialogs.audit.test.tsx: menu routes 'invert' to its actual dialog or instant image operation [Actual rendered React control, native click/change/pointer event and real local store or draft; jsdom canvas drawing is stubbed. No hardware.]
src/ui/image-editor/EditorDialogs.audit.test.tsx: menu routes 'desaturate' to its actual dialog or instant image operation [Actual rendered React control, native click/change/pointer event and real local store or draft; jsdom canvas drawing is stubbed. No hardware.]
src/ui/image-editor/EditorDialogs.audit.test.tsx: menu routes 'gaussian-blur' to its actual dialog or instant image operation [Actual rendered React control, native click/change/pointer event and real local store or draft; jsdom canvas drawing is stubbed. No hardware.]
src/ui/image-editor/EditorDialogs.audit.test.tsx: menu routes 'unsharp-mask' to its actual dialog or instant image operation [Actual rendered React control, native click/change/pointer event and real local store or draft; jsdom canvas drawing is stubbed. No hardware.]
src/ui/image-editor/EditorDialogs.audit.test.tsx: menu routes 'high-pass' to its actual dialog or instant image operation [Actual rendered React control, native click/change/pointer event and real local store or draft; jsdom canvas drawing is stubbed. No hardware.]
src/ui/image-editor/EditorDialogs.audit.test.tsx: menu routes 'median' to its actual dialog or instant image operation [Actual rendered React control, native click/change/pointer event and real local store or draft; jsdom canvas drawing is stubbed. No hardware.]
src/ui/image-editor/EditorDialogs.audit.test.tsx: menu routes 'halftone' to its actual dialog or instant image operation [Actual rendered React control, native click/change/pointer event and real local store or draft; jsdom canvas drawing is stubbed. No hardware.]
src/ui/image-editor/EditorDialogs.audit.test.tsx: menu routes 'line-screen' to its actual dialog or instant image operation [Actual rendered React control, native click/change/pointer event and real local store or draft; jsdom canvas drawing is stubbed. No hardware.]
src/ui/image-editor/EditorDialogs.audit.test.tsx: Image menu routes both resize kinds, Text opens its dialog and backdrop dismisses a menu [Actual rendered React control, native click/change/pointer event and real local store or draft; jsdom canvas drawing is stubbed. No hardware.]
src/ui/image-editor/EditorDialogs.audit.test.tsx: Image menu routes both resize kinds, Text opens its dialog and backdrop dismisses a menu [Actual rendered React control, native click/change/pointer event and real local store or draft; jsdom canvas drawing is stubbed. No hardware.]",""
"src/ui/image-editor/EditorAdjustMenus.tsx:59:7","image-editor","src/ui/image-editor/EditorAdjustMenus.tsx:59","Text…","verified-behaviour","Open the image Text dialog.","Available while its containing view is open.","src/ui/image-editor/EditorDialogs.audit.test.tsx: Image menu routes both resize kinds, Text opens its dialog and backdrop dismisses a menu [Actual rendered React control, native click/change/pointer event and real local store or draft; jsdom canvas drawing is stubbed. No hardware.]",""
"src/ui/image-editor/EditorAdjustMenus.tsx:96:7","image-editor","src/ui/image-editor/EditorAdjustMenus.tsx:96","{props.label} ▾","defect-fixed","Open/focus either end of a menu with arrow keys, navigate/dismiss it, and disable image operations during an unfinished transform.","Disabled while a transform is unfinished; keyboard focus and Escape tested.","src/ui/image-editor/EditorAdjustMenus.test.tsx: Image Studio operation menus opens at either end with arrow keys, moves focus, and dismisses with Escape [Actual rendered React control, native click/change/pointer event and real local store or draft; jsdom canvas drawing is stubbed. No hardware.]
src/ui/image-editor/EditorAdjustMenus.test.tsx: Image Studio operation menus explains why image operations cannot run during an unfinished transform [Actual rendered React control, native click/change/pointer event and real local store or draft; jsdom canvas drawing is stubbed. No hardware.]","Menu keyboard/focus and transform-state fixes from the earlier pass remain included in this audit."
"src/ui/image-editor/EditorAdjustMenus.tsx:119:11","image-editor","src/ui/image-editor/EditorAdjustMenus.tsx:119","div","verified-behaviour","Dismiss the open operation menu when its backdrop is clicked.","Available while its containing view is open.","src/ui/image-editor/EditorDialogs.audit.test.tsx: Image menu routes both resize kinds, Text opens its dialog and backdrop dismisses a menu [Actual rendered React control, native click/change/pointer event and real local store or draft; jsdom canvas drawing is stubbed. No hardware.]",""
"src/ui/image-editor/EditorAdjustMenus.tsx:137:15","image-editor","src/ui/image-editor/EditorAdjustMenus.tsx:137","{item.label} {item.hint === '' ? null : <span style={hintStyle}>{item.hint}</span>}","verified-behaviour","Close the menu and open the selected dialog or apply an instant image operation.","Available while its containing view is open.","src/ui/image-editor/EditorDialogs.audit.test.tsx: menu routes 'brightness-contrast' to its actual dialog or instant image operation [Actual rendered React control, native click/change/pointer event and real local store or draft; jsdom canvas drawing is stubbed. No hardware.]
src/ui/image-editor/EditorDialogs.audit.test.tsx: menu routes 'levels' to its actual dialog or instant image operation [Actual rendered React control, native click/change/pointer event and real local store or draft; jsdom canvas drawing is stubbed. No hardware.]
src/ui/image-editor/EditorDialogs.audit.test.tsx: menu routes 'curves' to its actual dialog or instant image operation [Actual rendered React control, native click/change/pointer event and real local store or draft; jsdom canvas drawing is stubbed. No hardware.]
src/ui/image-editor/EditorDialogs.audit.test.tsx: menu routes 'threshold' to its actual dialog or instant image operation [Actual rendered React control, native click/change/pointer event and real local store or draft; jsdom canvas drawing is stubbed. No hardware.]
src/ui/image-editor/EditorDialogs.audit.test.tsx: menu routes 'posterize' to its actual dialog or instant image operation [Actual rendered React control, native click/change/pointer event and real local store or draft; jsdom canvas drawing is stubbed. No hardware.]
src/ui/image-editor/EditorDialogs.audit.test.tsx: menu routes 'invert' to its actual dialog or instant image operation [Actual rendered React control, native click/change/pointer event and real local store or draft; jsdom canvas drawing is stubbed. No hardware.]
src/ui/image-editor/EditorDialogs.audit.test.tsx: menu routes 'desaturate' to its actual dialog or instant image operation [Actual rendered React control, native click/change/pointer event and real local store or draft; jsdom canvas drawing is stubbed. No hardware.]
src/ui/image-editor/EditorDialogs.audit.test.tsx: menu routes 'gaussian-blur' to its actual dialog or instant image operation [Actual rendered React control, native click/change/pointer event and real local store or draft; jsdom canvas drawing is stubbed. No hardware.]
src/ui/image-editor/EditorDialogs.audit.test.tsx: menu routes 'unsharp-mask' to its actual dialog or instant image operation [Actual rendered React control, native click/change/pointer event and real local store or draft; jsdom canvas drawing is stubbed. No hardware.]
src/ui/image-editor/EditorDialogs.audit.test.tsx: menu routes 'high-pass' to its actual dialog or instant image operation [Actual rendered React control, native click/change/pointer event and real local store or draft; jsdom canvas drawing is stubbed. No hardware.]
src/ui/image-editor/EditorDialogs.audit.test.tsx: menu routes 'median' to its actual dialog or instant image operation [Actual rendered React control, native click/change/pointer event and real local store or draft; jsdom canvas drawing is stubbed. No hardware.]
src/ui/image-editor/EditorDialogs.audit.test.tsx: menu routes 'halftone' to its actual dialog or instant image operation [Actual rendered React control, native click/change/pointer event and real local store or draft; jsdom canvas drawing is stubbed. No hardware.]
src/ui/image-editor/EditorDialogs.audit.test.tsx: menu routes 'line-screen' to its actual dialog or instant image operation [Actual rendered React control, native click/change/pointer event and real local store or draft; jsdom canvas drawing is stubbed. No hardware.]
src/ui/image-editor/EditorDialogs.audit.test.tsx: Image menu routes both resize kinds, Text opens its dialog and backdrop dismisses a menu [Actual rendered React control, native click/change/pointer event and real local store or draft; jsdom canvas drawing is stubbed. No hardware.]
src/ui/image-editor/EditorDialogs.audit.test.tsx: Image menu routes both resize kinds, Text opens its dialog and backdrop dismisses a menu [Actual rendered React control, native click/change/pointer event and real local store or draft; jsdom canvas drawing is stubbed. No hardware.]",""
"src/ui/image-editor/EditorCanvas.tsx:101:7","image-editor","src/ui/image-editor/EditorCanvas.tsx:101","Image Studio document canvas","verified-behaviour","Commit a drawn pencil stroke as one undo step, cancel an unfinished stroke and zoom the view without editing pixels.","Requires an open image session; modal adjustment/transform ownership is handled by the gesture engine.","src/ui/image-editor/EditorGestures.audit.test.tsx: document canvas draws one undoable pencil stroke, cancels an unfinished stroke, and zooms without changing pixels [Actual rendered React control, native click/change/pointer event and real local store or draft; jsdom canvas drawing is stubbed. No hardware.]","Representative production-canvas gesture exercised; this is not exhaustive testing of every tool, modifier, platform pointer device or rendered pixel."
"src/ui/image-editor/EditorOptionsBar.tsx:59:7","image-editor","src/ui/image-editor/EditorOptionsBar.tsx:59","Tool tutorial","verified-boundary","Open the current image-tool lesson; paint-tool route exercised.","Context changes with selected tool.","src/ui/image-editor/EditorControls.audit.test.tsx: Image Studio control-by-control audit chooses each paint swatch and opens its contextual lesson [Actual rendered React control, native click/change/pointer event and real local store or draft; jsdom canvas drawing is stubbed. No hardware.]","Paint route mounted here; other tool lesson IDs are source-reviewed and independently exercised by the shared tutorial suite."
"src/ui/image-editor/EditorOptionsBar.tsx:91:9","image-editor","src/ui/image-editor/EditorOptionsBar.tsx:91","{shape === 'linear' ? 'Linear' : 'Radial'}","verified-behaviour","Select linear or radial gradient mode.","Available while its containing view is open.","src/ui/image-editor/EditorControls.audit.test.tsx: Image Studio control-by-control audit switches both gradient shapes and wand contiguity through the options bar [Actual rendered React control, native click/change/pointer event and real local store or draft; jsdom canvas drawing is stubbed. No hardware.]",""
"src/ui/image-editor/EditorOptionsBar.tsx:124:7","image-editor","src/ui/image-editor/EditorOptionsBar.tsx:124","✓ Crop","verified-behaviour","Commit the crop box and change actual pixel dimensions.","Crop mode only; both actions disabled when there is no pending box.","src/ui/image-editor/EditorControls.audit.test.tsx: Image Studio control-by-control audit disables empty crop actions, cancels the box, and commits actual pixel dimensions [Actual rendered React control, native click/change/pointer event and real local store or draft; jsdom canvas drawing is stubbed. No hardware.]",""
"src/ui/image-editor/EditorOptionsBar.tsx:134:7","image-editor","src/ui/image-editor/EditorOptionsBar.tsx:134","✕","verified-behaviour","Discard the pending crop box without changing dimensions.","Crop mode only; both actions disabled when there is no pending box.","src/ui/image-editor/EditorControls.audit.test.tsx: Image Studio control-by-control audit disables empty crop actions, cancels the box, and commits actual pixel dimensions [Actual rendered React control, native click/change/pointer event and real local store or draft; jsdom canvas drawing is stubbed. No hardware.]",""
"src/ui/image-editor/EditorOptionsBar.tsx:184:15","image-editor","src/ui/image-editor/EditorOptionsBar.tsx:184","`Paint ${swatch.r === 0 ? 'black' : swatch.r === 255 ? 'white' : 'gray'}`","verified-behaviour","Set the paint colour to each black, gray or white swatch.","Available while its containing view is open.","src/ui/image-editor/EditorControls.audit.test.tsx: Image Studio control-by-control audit chooses each paint swatch and opens its contextual lesson [Actual rendered React control, native click/change/pointer event and real local store or draft; jsdom canvas drawing is stubbed. No hardware.]",""
"src/ui/image-editor/EditorOptionsBar.tsx:220:9","image-editor","src/ui/image-editor/EditorOptionsBar.tsx:220","Select only the connected region under the click; off selects every matching pixel","verified-behaviour","Toggle whether the magic wand selects only a connected region.","Available while its containing view is open.","src/ui/image-editor/EditorControls.audit.test.tsx: Image Studio control-by-control audit switches both gradient shapes and wand contiguity through the options bar [Actual rendered React control, native click/change/pointer event and real local store or draft; jsdom canvas drawing is stubbed. No hardware.]",""
"src/ui/image-editor/EditorSelectionControls.tsx:38:9","image-editor","src/ui/image-editor/EditorSelectionControls.tsx:38","{entry.glyph}","verified-behaviour","Select Replace, Add, Subtract or Intersect selection mode.","Selection actions are disabled without a selection; mode controls remain available.","src/ui/image-editor/EditorControls.audit.test.tsx: Image Studio control-by-control audit sets all selection modes and gates pixel actions until a selection exists [Actual rendered React control, native click/change/pointer event and real local store or draft; jsdom canvas drawing is stubbed. No hardware.]",""
"src/ui/image-editor/EditorSelectionControls.tsx:90:9","image-editor","src/ui/image-editor/EditorSelectionControls.tsx:90","{entry.label}","verified-behaviour","Dispatch Expand, Contract, Border, Feather and Smooth with the selected radius into the real mask operation.","Available while its containing view is open.","src/ui/image-editor/EditorDialogs.audit.test.tsx: all five Modify buttons dispatch their precise operation and radius into the real selection store [Actual rendered React control, native click/change/pointer event and real local store or draft; jsdom canvas drawing is stubbed. No hardware.]",""
"src/ui/image-editor/EditorSelectionControls.tsx:116:7","image-editor","src/ui/image-editor/EditorSelectionControls.tsx:116","Delete","verified-behaviour","Delete selected pixels.","Selection actions are disabled without a selection; mode controls remain available.","src/ui/image-editor/EditorControls.audit.test.tsx: Image Studio control-by-control audit sets all selection modes and gates pixel actions until a selection exists [Actual rendered React control, native click/change/pointer event and real local store or draft; jsdom canvas drawing is stubbed. No hardware.]",""
"src/ui/image-editor/EditorSelectionControls.tsx:122:7","image-editor","src/ui/image-editor/EditorSelectionControls.tsx:122","Fill","verified-behaviour","Fill selected pixels with foreground colour.","Selection actions are disabled without a selection; mode controls remain available.","src/ui/image-editor/EditorControls.audit.test.tsx: Image Studio control-by-control audit sets all selection modes and gates pixel actions until a selection exists [Actual rendered React control, native click/change/pointer event and real local store or draft; jsdom canvas drawing is stubbed. No hardware.]",""
"src/ui/image-editor/EditorSelectionControls.tsx:128:7","image-editor","src/ui/image-editor/EditorSelectionControls.tsx:128","Invert","verified-behaviour","Invert the selected mask.","Selection actions are disabled without a selection; mode controls remain available.","src/ui/image-editor/EditorControls.audit.test.tsx: Image Studio control-by-control audit sets all selection modes and gates pixel actions until a selection exists [Actual rendered React control, native click/change/pointer event and real local store or draft; jsdom canvas drawing is stubbed. No hardware.]",""
"src/ui/image-editor/EditorSelectionControls.tsx:134:7","image-editor","src/ui/image-editor/EditorSelectionControls.tsx:134","Deselect","verified-behaviour","Clear the mask.","Selection actions are disabled without a selection; mode controls remain available.","src/ui/image-editor/EditorControls.audit.test.tsx: Image Studio control-by-control audit sets all selection modes and gates pixel actions until a selection exists [Actual rendered React control, native click/change/pointer event and real local store or draft; jsdom canvas drawing is stubbed. No hardware.]",""
"src/ui/image-editor/EditorSelectionControls.tsx:151:5","image-editor","src/ui/image-editor/EditorSelectionControls.tsx:151","{props.label}","verified-behaviour","Dispatch each reusable selection action only when enabled.","Selection actions are disabled without a selection; mode controls remain available.","src/ui/image-editor/EditorControls.audit.test.tsx: Image Studio control-by-control audit sets all selection modes and gates pixel actions until a selection exists [Actual rendered React control, native click/change/pointer event and real local store or draft; jsdom canvas drawing is stubbed. No hardware.]",""
"src/ui/image-editor/EditorToolStrip.tsx:72:11","image-editor","src/ui/image-editor/EditorToolStrip.tsx:72","entry.label","verified-behaviour","Select each of the 13 displayed image tools and announce only the active tool.","Available while its containing view is open.","src/ui/image-editor/EditorControls.audit.test.tsx: Image Studio control-by-control audit arms every displayed tool and announces exactly the active tool [Actual rendered React control, native click/change/pointer event and real local store or draft; jsdom canvas drawing is stubbed. No hardware.]",""
"src/ui/image-editor/EditorToolStrip.tsx:102:9","image-editor","src/ui/image-editor/EditorToolStrip.tsx:102","Choose background color","verified-behaviour","Open the background picker; Cancel leaves the colour intact.","Available while its containing view is open.","src/ui/image-editor/EditorControls.audit.test.tsx: Image Studio control-by-control audit opens both colour pickers, commits foreground, cancels background, swaps and resets colours [Actual rendered React control, native click/change/pointer event and real local store or draft; jsdom canvas drawing is stubbed. No hardware.]",""
"src/ui/image-editor/EditorToolStrip.tsx:109:9","image-editor","src/ui/image-editor/EditorToolStrip.tsx:109","Choose foreground color","verified-behaviour","Open the foreground picker and commit the chosen colour.","Available while its containing view is open.","src/ui/image-editor/EditorControls.audit.test.tsx: Image Studio control-by-control audit opens both colour pickers, commits foreground, cancels background, swaps and resets colours [Actual rendered React control, native click/change/pointer event and real local store or draft; jsdom canvas drawing is stubbed. No hardware.]",""
"src/ui/image-editor/EditorToolStrip.tsx:118:9","image-editor","src/ui/image-editor/EditorToolStrip.tsx:118","⇄","verified-behaviour","Swap foreground and background colours.","Available while its containing view is open.","src/ui/image-editor/EditorControls.audit.test.tsx: Image Studio control-by-control audit opens both colour pickers, commits foreground, cancels background, swaps and resets colours [Actual rendered React control, native click/change/pointer event and real local store or draft; jsdom canvas drawing is stubbed. No hardware.]",""
"src/ui/image-editor/EditorToolStrip.tsx:126:9","image-editor","src/ui/image-editor/EditorToolStrip.tsx:126","▨","verified-behaviour","Restore black foreground and white background.","Available while its containing view is open.","src/ui/image-editor/EditorControls.audit.test.tsx: Image Studio control-by-control audit opens both colour pickers, commits foreground, cancels background, swaps and resets colours [Actual rendered React control, native click/change/pointer event and real local store or draft; jsdom canvas drawing is stubbed. No hardware.]",""
"src/ui/image-editor/HistoryPanel.tsx:54:9","image-editor","src/ui/image-editor/HistoryPanel.tsx:54","Image history","verified-boundary","Open the image-layers lesson without editing the project.","Available when its containing view is visible.","src/ui/tutorials/TutorialControls.audit.test.tsx: individual tutorial control outcomes 'image-layers' card and contextual button open the named lesson without editing the project [Executed shared TutorialButton with this exact lesson ID: lesson title/step, close, project/undo/dirty immutability asserted. The enclosing call-site ID was inspected in production source; not every enclosing view mounted in this case.]","Shared contextual-control contract plus inspected site binding; enclosing-site layout/visibility is a separate boundary."
"src/ui/image-editor/HistoryPanel.tsx:58:11","image-editor","src/ui/image-editor/HistoryPanel.tsx:58","{row.label}","verified-behaviour","Move backward and forward to the clicked history point and restore its actual image pixels.","Available while its containing view is open.","src/ui/image-editor/EditorLayers.audit.test.tsx: jumps backward and forward through actual image pixels from History rows [Actual rendered React control, native click/change/pointer event and real local store or draft; jsdom canvas drawing is stubbed. No hardware.]",""
"src/ui/image-editor/ImageEditorTopBar.tsx:32:9","image-editor","src/ui/image-editor/ImageEditorTopBar.tsx:32","TutorialButton","verified-boundary","Open the image-studio lesson without editing the project.","Available when its containing view is visible.","src/ui/tutorials/TutorialControls.audit.test.tsx: individual tutorial control outcomes 'image-studio' card and contextual button open the named lesson without editing the project [Executed shared TutorialButton with this exact lesson ID: lesson title/step, close, project/undo/dirty immutability asserted. The enclosing call-site ID was inspected in production source; not every enclosing view mounted in this case.]","Shared contextual-control contract plus inspected site binding; enclosing-site layout/visibility is a separate boundary."
"src/ui/image-editor/ImageEditorTopBar.tsx:33:9","image-editor","src/ui/image-editor/ImageEditorTopBar.tsx:33","Panels","verified-boundary","Ask the window to toggle Layers/History panels.","Undo/Redo require their history direction; Revert requires edits; Apply requires dirty pixels and no in-flight Apply; Apply & Trace blocked while applying.","src/ui/image-editor/EditorDialogs.audit.test.tsx: top bar dispatches each session action and prevents empty or in-flight operations [Rendered top bar with action callback spies. Verifies routing and enabled states, not the application/image-encoding implementation behind those callbacks.]","This verifies UI-to-owner routing. It does not by itself establish PNG encoding or project persistence."
"src/ui/image-editor/ImageEditorTopBar.tsx:64:7","image-editor","src/ui/image-editor/ImageEditorTopBar.tsx:64","Undo","verified-boundary","Dispatch session Undo.","Undo/Redo require their history direction; Revert requires edits; Apply requires dirty pixels and no in-flight Apply; Apply & Trace blocked while applying.","src/ui/image-editor/EditorDialogs.audit.test.tsx: top bar dispatches each session action and prevents empty or in-flight operations [Rendered top bar with action callback spies. Verifies routing and enabled states, not the application/image-encoding implementation behind those callbacks.]","This verifies UI-to-owner routing. It does not by itself establish PNG encoding or project persistence."
"src/ui/image-editor/ImageEditorTopBar.tsx:73:7","image-editor","src/ui/image-editor/ImageEditorTopBar.tsx:73","Redo","verified-boundary","Dispatch session Redo.","Undo/Redo require their history direction; Revert requires edits; Apply requires dirty pixels and no in-flight Apply; Apply & Trace blocked while applying.","src/ui/image-editor/EditorDialogs.audit.test.tsx: top bar dispatches each session action and prevents empty or in-flight operations [Rendered top bar with action callback spies. Verifies routing and enabled states, not the application/image-encoding implementation behind those callbacks.]","This verifies UI-to-owner routing. It does not by itself establish PNG encoding or project persistence."
"src/ui/image-editor/ImageEditorTopBar.tsx:82:7","image-editor","src/ui/image-editor/ImageEditorTopBar.tsx:82","Revert","verified-boundary","Dispatch session Revert.","Undo/Redo require their history direction; Revert requires edits; Apply requires dirty pixels and no in-flight Apply; Apply & Trace blocked while applying.","src/ui/image-editor/EditorDialogs.audit.test.tsx: top bar dispatches each session action and prevents empty or in-flight operations [Rendered top bar with action callback spies. Verifies routing and enabled states, not the application/image-encoding implementation behind those callbacks.]","This verifies UI-to-owner routing. It does not by itself establish PNG encoding or project persistence."
"src/ui/image-editor/ImageEditorTopBar.tsx:91:7","image-editor","src/ui/image-editor/ImageEditorTopBar.tsx:91","{props.isApplying ? 'Applying…' : 'Apply'}","verified-boundary","Dispatch Apply once pending edits exist.","Undo/Redo require their history direction; Revert requires edits; Apply requires dirty pixels and no in-flight Apply; Apply & Trace blocked while applying.","src/ui/image-editor/EditorDialogs.audit.test.tsx: top bar dispatches each session action and prevents empty or in-flight operations [Rendered top bar with action callback spies. Verifies routing and enabled states, not the application/image-encoding implementation behind those callbacks.]","This verifies UI-to-owner routing. It does not by itself establish PNG encoding or project persistence."
"src/ui/image-editor/ImageEditorTopBar.tsx:100:7","image-editor","src/ui/image-editor/ImageEditorTopBar.tsx:100","Apply &amp; Trace","verified-boundary","Dispatch Apply and Trace.","Undo/Redo require their history direction; Revert requires edits; Apply requires dirty pixels and no in-flight Apply; Apply & Trace blocked while applying.","src/ui/image-editor/EditorDialogs.audit.test.tsx: top bar dispatches each session action and prevents empty or in-flight operations [Rendered top bar with action callback spies. Verifies routing and enabled states, not the application/image-encoding implementation behind those callbacks.]","This verifies UI-to-owner routing. It does not by itself establish PNG encoding or project persistence."
"src/ui/image-editor/ImageEditorTopBar.tsx:109:7","image-editor","src/ui/image-editor/ImageEditorTopBar.tsx:109","✕","verified-boundary","Dispatch Close while retaining the session owner policy.","Undo/Redo require their history direction; Revert requires edits; Apply requires dirty pixels and no in-flight Apply; Apply & Trace blocked while applying.","src/ui/image-editor/EditorDialogs.audit.test.tsx: top bar dispatches each session action and prevents empty or in-flight operations [Rendered top bar with action callback spies. Verifies routing and enabled states, not the application/image-encoding implementation behind those callbacks.]","This verifies UI-to-owner routing. It does not by itself establish PNG encoding or project persistence."
"src/ui/image-editor/KerfStatus.tsx:20:9","image-editor","src/ui/image-editor/KerfStatus.tsx:20","Thicken","verified-boundary","Offer the correction only for a reversible target and hand that exact target to Thicken.","Only displayed when the loss check can identify a reversible target.","src/ui/image-editor/KerfStatus.test.tsx: KerfStatus offers Thicken only for a reversible target [Rendered control availability and callback to applyThicken checked against a reversible-target fixture. This case does not qualify the physical kerf correction.]",""
"src/ui/image-editor/LayersPanel.tsx:42:9","image-editor","src/ui/image-editor/LayersPanel.tsx:43","Image layers","verified-boundary","Open the image-layers lesson without editing the project.","Available when its containing view is visible.","src/ui/tutorials/TutorialControls.audit.test.tsx: individual tutorial control outcomes 'image-layers' card and contextual button open the named lesson without editing the project [Executed shared TutorialButton with this exact lesson ID: lesson title/step, close, project/undo/dirty immutability asserted. The enclosing call-site ID was inspected in production source; not every enclosing view mounted in this case.]","Shared contextual-control contract plus inspected site binding; enclosing-site layout/visibility is a separate boundary."
"src/ui/image-editor/LayersPanel.tsx:64:13","image-editor","src/ui/image-editor/LayersPanel.tsx:69","{layer.isVisible ? '👁' : '—'}","verified-behaviour","Toggle a layer visibility while activating the target layer.","Available while its containing view is open.","src/ui/image-editor/EditorLayers.audit.test.tsx: selects paint layers, toggles visibility, and opens the layers lesson [Actual rendered React control, native click/change/pointer event and real local store or draft; jsdom canvas drawing is stubbed. No hardware.]",""
"src/ui/image-editor/LayersPanel.tsx:82:13","image-editor","src/ui/image-editor/LayersPanel.tsx:87","{layer.name}","verified-behaviour","Select the clicked paint layer.","Available while its containing view is open.","src/ui/image-editor/EditorLayers.audit.test.tsx: selects paint layers, toggles visibility, and opens the layers lesson [Actual rendered React control, native click/change/pointer event and real local store or draft; jsdom canvas drawing is stubbed. No hardware.]",""
"src/ui/image-editor/LayersPanel.tsx:143:7","image-editor","src/ui/image-editor/LayersPanel.tsx:152","+","verified-behaviour","Insert a new layer above the active layer.","Delete disabled when only one layer remains.","src/ui/image-editor/EditorLayers.audit.test.tsx: gates stack-edge actions and adds, reorders, duplicates, deletes and merges actual layers [Actual rendered React control, native click/change/pointer event and real local store or draft; jsdom canvas drawing is stubbed. No hardware.]",""
"src/ui/image-editor/LayersPanel.tsx:152:7","image-editor","src/ui/image-editor/LayersPanel.tsx:161","⧉","verified-behaviour","Duplicate the active layer.","Delete disabled when only one layer remains.","src/ui/image-editor/EditorLayers.audit.test.tsx: gates stack-edge actions and adds, reorders, duplicates, deletes and merges actual layers [Actual rendered React control, native click/change/pointer event and real local store or draft; jsdom canvas drawing is stubbed. No hardware.]",""
"src/ui/image-editor/LayersPanel.tsx:161:7","image-editor","src/ui/image-editor/LayersPanel.tsx:170","↑","defect-fixed","Move a layer up only when a higher stack position exists.","Up disabled at top, Down/Merge disabled at bottom.","src/ui/image-editor/EditorLayers.audit.test.tsx: gates stack-edge actions and adds, reorders, duplicates, deletes and merges actual layers [Actual rendered React control, native click/change/pointer event and real local store or draft; jsdom canvas drawing is stubbed. No hardware.]","Reproduced enabled no-op controls, then introduced separate movement/delete availability predicates. Initial failures retained in studios-reproduction-tests.json."
"src/ui/image-editor/LayersPanel.tsx:170:7","image-editor","src/ui/image-editor/LayersPanel.tsx:180","↓","defect-fixed","Move a layer down only when a lower stack position exists.","Up disabled at top, Down/Merge disabled at bottom.","src/ui/image-editor/EditorLayers.audit.test.tsx: gates stack-edge actions and adds, reorders, duplicates, deletes and merges actual layers [Actual rendered React control, native click/change/pointer event and real local store or draft; jsdom canvas drawing is stubbed. No hardware.]","Reproduced enabled no-op controls, then introduced separate movement/delete availability predicates. Initial failures retained in studios-reproduction-tests.json."
"src/ui/image-editor/LayersPanel.tsx:179:7","image-editor","src/ui/image-editor/LayersPanel.tsx:190","⤓","defect-fixed","Merge into the lower layer only when one exists.","Up disabled at top, Down/Merge disabled at bottom.","src/ui/image-editor/EditorLayers.audit.test.tsx: gates stack-edge actions and adds, reorders, duplicates, deletes and merges actual layers [Actual rendered React control, native click/change/pointer event and real local store or draft; jsdom canvas drawing is stubbed. No hardware.]","Reproduced enabled no-op controls, then introduced separate movement/delete availability predicates. Initial failures retained in studios-reproduction-tests.json."
"src/ui/image-editor/LayersPanel.tsx:189:7","image-editor","src/ui/image-editor/LayersPanel.tsx:200","🗑","verified-behaviour","Delete the active layer while preserving the last remaining layer.","Delete disabled when only one layer remains.","src/ui/image-editor/EditorLayers.audit.test.tsx: gates stack-edge actions and adds, reorders, duplicates, deletes and merges actual layers [Actual rendered React control, native click/change/pointer event and real local store or draft; jsdom canvas drawing is stubbed. No hardware.]",""
"src/ui/image-editor/ResizeDialog.tsx:49:11","image-editor","src/ui/image-editor/ResizeDialog.tsx:49","Image size","verified-boundary","Open the image-transform lesson without editing the project.","Available when its containing view is visible.","src/ui/tutorials/TutorialControls.audit.test.tsx: individual tutorial control outcomes 'image-transform' card and contextual button open the named lesson without editing the project [Executed shared TutorialButton with this exact lesson ID: lesson title/step, close, project/undo/dirty immutability asserted. The enclosing call-site ID was inspected in production source; not every enclosing view mounted in this case.]","Shared contextual-control contract plus inspected site binding; enclosing-site layout/visibility is a separate boundary."
"src/ui/image-editor/ResizeDialog.tsx:65:13","image-editor","src/ui/image-editor/ResizeDialog.tsx:65","Constrain proportions","verified-behaviour","Toggle proportional resizing and retain the appropriate height/width relation.","Available while its containing view is open.","src/ui/image-editor/EditorDialogs.audit.test.tsx: resizes pixels with aspect lock and commits each of the nine canvas anchors [Actual rendered React control, native click/change/pointer event and real local store or draft; jsdom canvas drawing is stubbed. No hardware.]",""
"src/ui/image-editor/ResizeDialog.tsx:83:11","image-editor","src/ui/image-editor/ResizeDialog.tsx:83","Cancel","verified-behaviour","Cancel the resize draft without committing it, including native Enter activation.","Available while its containing view is open.","src/ui/image-editor/ImageStudioAccessibility.test.tsx: Image Studio reachability lets the production Resize Cancel button keep native Enter semantics [Actual rendered React control, native click/change/pointer event and real local store or draft; jsdom canvas drawing is stubbed. No hardware.]",""
"src/ui/image-editor/ResizeDialog.tsx:91:11","image-editor","src/ui/image-editor/ResizeDialog.tsx:91","OK","verified-behaviour","Commit image or canvas dimensions to actual pixels.","Available while its containing view is open.","src/ui/image-editor/EditorDialogs.audit.test.tsx: resizes pixels with aspect lock and commits each of the nine canvas anchors [Actual rendered React control, native click/change/pointer event and real local store or draft; jsdom canvas drawing is stubbed. No hardware.]",""
"src/ui/image-editor/ResizeDialog.tsx:141:13","image-editor","src/ui/image-editor/ResizeDialog.tsx:141","{isActive ? '●' : '·'}","verified-behaviour","Select each of nine canvas anchors and use the selected anchor in canvas resizing.","Available while its containing view is open.","src/ui/image-editor/EditorDialogs.audit.test.tsx: resizes pixels with aspect lock and commits each of the nine canvas anchors [Actual rendered React control, native click/change/pointer event and real local store or draft; jsdom canvas drawing is stubbed. No hardware.]",""
"src/ui/image-editor/TextDialog.tsx:46:11","image-editor","src/ui/image-editor/TextDialog.tsx:46","Image text","verified-boundary","Open the image-text lesson without editing the project.","Available when its containing view is visible.","src/ui/tutorials/TutorialControls.audit.test.tsx: individual tutorial control outcomes 'image-text' card and contextual button open the named lesson without editing the project [Executed shared TutorialButton with this exact lesson ID: lesson title/step, close, project/undo/dirty immutability asserted. The enclosing call-site ID was inspected in production source; not every enclosing view mounted in this case.]","Shared contextual-control contract plus inspected site binding; enclosing-site layout/visibility is a separate boundary."
"src/ui/image-editor/TextDialog.tsx:64:11","image-editor","src/ui/image-editor/TextDialog.tsx:64","Cancel","verified-boundary","Cancel without inserting a paint layer.","OK disabled for blank text. Glyph rasterization replaced with a deterministic buffer.","src/ui/image-editor/EditorDialogs.audit.test.tsx: text Cancel preserves layers and OK creates one named layer from the rasterizer boundary [Rendered Text dialog; fake glyph rasterizer returns a known pixel buffer; real layer commit and cancellation checked. Typeface rasterization is outside this case.]",""
"src/ui/image-editor/TextDialog.tsx:72:11","image-editor","src/ui/image-editor/TextDialog.tsx:72","OK","verified-boundary","Rasterize the entered text and insert one named paint layer.","OK disabled for blank text. Glyph rasterization replaced with a deterministic buffer.","src/ui/image-editor/EditorDialogs.audit.test.tsx: text Cancel preserves layers and OK creates one named layer from the rasterizer boundary [Rendered Text dialog; fake glyph rasterizer returns a known pixel buffer; real layer commit and cancellation checked. Typeface rasterization is outside this case.]",""
"src/ui/raster/AdjustImageDialog.fields.tsx:246:7","raster","src/ui/raster/AdjustImageDialog.fields.tsx:246","checkboxFieldTitle(props.name, props.label)","verified-boundary","Toggle negative output/pass-through in the local draft; preview inversion does not become negative output.","Available while its containing view is open.","src/ui/raster/AdjustImageDialog.test.tsx: AdjustImageDialog stages image and layer changes until OK [Actual Adjust Image form and local draft; submit callback receives exact patches. Underlying scene mutation/rendering is owned outside this component.]
src/ui/raster/AdjustImageDialog.test.tsx: AdjustImageDialog labels preview inversion separately from burn negative output [Actual rendered React control, native click/change/pointer event and real local store or draft; jsdom canvas drawing is stubbed. No hardware.]",""
"src/ui/raster/AdjustImageDialog.presets.tsx:56:9","raster","src/ui/raster/AdjustImageDialog.presets.tsx:56","Save","verified-behaviour","Save the named settings preset without applying artwork changes.","Delete unavailable for a built-in or absent user preset.","src/ui/raster/AdjustImageDialog.test.tsx: AdjustImageDialog saves, reapplies, and deletes user presets without applying to the scene [Actual rendered React control, native click/change/pointer event and real local store or draft; jsdom canvas drawing is stubbed. No hardware.]",""
"src/ui/raster/AdjustImageDialog.presets.tsx:64:9","raster","src/ui/raster/AdjustImageDialog.presets.tsx:64","Delete","verified-behaviour","Delete a saved user preset without applying artwork changes.","Delete unavailable for a built-in or absent user preset.","src/ui/raster/AdjustImageDialog.test.tsx: AdjustImageDialog saves, reapplies, and deletes user presets without applying to the scene [Actual rendered React control, native click/change/pointer event and real local store or draft; jsdom canvas drawing is stubbed. No hardware.]",""
"src/ui/raster/AdjustImageDialog.tsx:178:9","raster","src/ui/raster/AdjustImageDialog.tsx:178","TutorialButton","verified-boundary","Open the image-adjust lesson without editing the project.","Available when its containing view is visible.","src/ui/tutorials/TutorialControls.audit.test.tsx: individual tutorial control outcomes 'image-adjust' card and contextual button open the named lesson without editing the project [Executed shared TutorialButton with this exact lesson ID: lesson title/step, close, project/undo/dirty immutability asserted. The enclosing call-site ID was inspected in production source; not every enclosing view mounted in this case.]","Shared contextual-control contract plus inspected site binding; enclosing-site layout/visibility is a separate boundary."
"src/ui/raster/AdjustImageDialog.tsx:214:7","raster","src/ui/raster/AdjustImageDialog.tsx:214","Cancel","verified-boundary","Discard local changes and notify Cancel.","Available while its containing view is open.","src/ui/raster/AdjustImageDialog.test.tsx: AdjustImageDialog stages image and layer changes until OK [Actual Adjust Image form and local draft; submit callback receives exact patches. Underlying scene mutation/rendering is owned outside this component.]
src/ui/raster/AdjustImageDialog.test.tsx: AdjustImageDialog discards staged changes on Cancel and exposes source and processed previews [Actual Adjust Image draft and rendered Cancel; onCancel spy called, onApply untouched.]
src/ui/raster/ViewerAndConversionControls.audit.test.tsx: Adjust Image native OK submits the actual dialog form exactly once [Native OK click submits the actual dialog form once and delivers the exact image patch to its owner callback.]",""
"src/ui/raster/AdjustImageDialog.tsx:215:7","raster","src/ui/raster/AdjustImageDialog.tsx:215","OK","verified-boundary","Submit the staged image/layer patches.","Available while its containing view is open.","src/ui/raster/AdjustImageDialog.test.tsx: AdjustImageDialog stages image and layer changes until OK [Actual Adjust Image form and local draft; submit callback receives exact patches. Underlying scene mutation/rendering is owned outside this component.]
src/ui/raster/AdjustImageDialog.test.tsx: AdjustImageDialog discards staged changes on Cancel and exposes source and processed previews [Actual Adjust Image draft and rendered Cancel; onCancel spy called, onApply untouched.]
src/ui/raster/ViewerAndConversionControls.audit.test.tsx: Adjust Image native OK submits the actual dialog form exactly once [Native OK click submits the actual dialog form once and delivers the exact image patch to its owner callback.]",""
"src/ui/raster/ConvertToBitmapDialog.tsx:62:11","raster","src/ui/raster/ConvertToBitmapDialog.tsx:62","TutorialButton","verified-boundary","Open the convert lesson without editing the project.","Available when its containing view is visible.","src/ui/tutorials/TutorialControls.audit.test.tsx: individual tutorial control outcomes 'convert' card and contextual button open the named lesson without editing the project [Executed shared TutorialButton with this exact lesson ID: lesson title/step, close, project/undo/dirty immutability asserted. The enclosing call-site ID was inspected in production source; not every enclosing view mounted in this case.]","Shared contextual-control contract plus inspected site binding; enclosing-site layout/visibility is a separate boundary."
"src/ui/raster/ConvertToBitmapDialog.tsx:88:11","raster","src/ui/raster/ConvertToBitmapDialog.tsx:88","Cancel","verified-boundary","Cancel while busy without invoking conversion.","Available while its containing view is open.","src/ui/raster/ConvertToBitmapDialog.test.tsx: ConvertToBitmapDialog submits when the operator clicks Convert [Actual conversion form/native Convert click, output options sent to callback. Raster generation/file output is outside this UI boundary.]
src/ui/raster/ConvertToBitmapDialog.test.tsx: ConvertToBitmapDialog disables Convert when the requested DPI exceeds the raster budget [Actual rendered React control, native click/change/pointer event and real local store or draft; jsdom canvas drawing is stubbed. No hardware.]
src/ui/raster/ViewerAndConversionControls.audit.test.tsx: bitmap Cancel remains usable while busy and does not invoke conversion [Actual busy conversion dialog; Cancel callback remains usable and conversion callback untouched.]",""
"src/ui/raster/ConvertToBitmapDialog.tsx:89:11","raster","src/ui/raster/ConvertToBitmapDialog.tsx:89","{props.busy ? 'Converting…' : 'Convert'}","verified-boundary","Send conversion options only when not busy and within raster budget.","Available while its containing view is open.","src/ui/raster/ConvertToBitmapDialog.test.tsx: ConvertToBitmapDialog submits when the operator clicks Convert [Actual conversion form/native Convert click, output options sent to callback. Raster generation/file output is outside this UI boundary.]
src/ui/raster/ConvertToBitmapDialog.test.tsx: ConvertToBitmapDialog disables Convert when the requested DPI exceeds the raster budget [Actual rendered React control, native click/change/pointer event and real local store or draft; jsdom canvas drawing is stubbed. No hardware.]
src/ui/raster/ViewerAndConversionControls.audit.test.tsx: bitmap Cancel remains usable while busy and does not invoke conversion [Actual busy conversion dialog; Cancel callback remains usable and conversion callback untouched.]",""
"src/ui/relief-viewer/Viewer3DDialogShell.tsx:59:50","relief-viewer","src/ui/relief-viewer/Viewer3DDialogShell.tsx:59","TutorialButton","verified-boundary","Open the supplied contextual viewer lesson while the scene is building.","Lesson appears only when an ID is supplied.","src/ui/raster/ViewerAndConversionControls.audit.test.tsx: 3D viewer lesson remains available while building and Close invokes the dialog owner [Actual viewer shell with no scene while building; contextual lesson and Close owner callback checked.]",""
"src/ui/relief-viewer/Viewer3DDialogShell.tsx:60:9","relief-viewer","src/ui/relief-viewer/Viewer3DDialogShell.tsx:60","Close","verified-boundary","Notify the dialog owner to close the viewer.","Lesson appears only when an ID is supplied.","src/ui/raster/ViewerAndConversionControls.audit.test.tsx: 3D viewer lesson remains available while building and Close invokes the dialog owner [Actual viewer shell with no scene while building; contextual lesson and Close owner callback checked.]",""
"src/ui/text/AddTextDialog.tsx:84:9","text","src/ui/text/AddTextDialog.tsx:84","TutorialButton","verified-boundary","Open the text lesson without editing the project.","Available when its containing view is visible.","src/ui/tutorials/TutorialControls.audit.test.tsx: individual tutorial control outcomes 'text' card and contextual button open the named lesson without editing the project [Executed shared TutorialButton with this exact lesson ID: lesson title/step, close, project/undo/dirty immutability asserted. The enclosing call-site ID was inspected in production source; not every enclosing view mounted in this case.]","Shared contextual-control contract plus inspected site binding; enclosing-site layout/visibility is a separate boundary."
"src/ui/text/AddTextDialog.tsx:170:11","text","src/ui/text/AddTextDialog.tsx:170","`Insert ${char}`","verified-behaviour","Insert an accented character at the text cursor.","Available while its containing view is open.","src/ui/text/AddTextDialog.test.tsx: AddTextDialog unknown font safety inserts a diacritic into the content box when the accent button is clicked [Actual rendered React control, native click/change/pointer event and real local store or draft; jsdom canvas drawing is stubbed. No hardware.]",""
"src/ui/text/AddTextDialog.tsx:195:7","text","src/ui/text/AddTextDialog.tsx:195","Cancel","verified-behaviour","Cancel and close without editing the project.","Disabled while submitting.","src/ui/text/TextControls.audit.test.tsx: Add Text Cancel closes without editing the project [Actual rendered React control, native click/change/pointer event and real local store or draft; jsdom canvas drawing is stubbed. No hardware.]",""
"src/ui/text/AddTextDialog.tsx:198:7","text","src/ui/text/AddTextDialog.tsx:198","{props.submitting ? 'Rendering…' : props.mode === 'add' ? 'Add' : 'Save'}","verified-boundary","Submit text and retain the selected path guide in committed project geometry.","Submit disabled when text/font/path prerequisites are unavailable or submitting.","src/ui/text/AddTextDialog.test.tsx: AddTextDialog unknown font safety links new text to the selected vector guide [Production Add Text dialog with deterministic font/render fixture; committed project text and guide linkage checked. Real platform font rendering not qualified.]",""
"src/ui/text/CanvasTextPanel.tsx:33:9","text","src/ui/text/CanvasTextPanel.tsx:33","Text","verified-boundary","Open the text lesson without editing the project.","Available when its containing view is visible.","src/ui/tutorials/TutorialControls.audit.test.tsx: individual tutorial control outcomes 'text' card and contextual button open the named lesson without editing the project [Executed shared TutorialButton with this exact lesson ID: lesson title/step, close, project/undo/dirty immutability asserted. The enclosing call-site ID was inspected in production source; not every enclosing view mounted in this case.]","Shared contextual-control contract plus inspected site binding; enclosing-site layout/visibility is a separate boundary."
"src/ui/text/CanvasTextPanel.tsx:66:9","text","src/ui/text/CanvasTextPanel.tsx:66","Cancel","verified-boundary","Notify the text owner to cancel.","Done requires available font/path and no save in flight.","src/ui/text/TextControls.audit.test.tsx: canvas text Done and Cancel invoke separate owners and variable field inserts retain exact template tokens [Actual draft fields and variable controls; Done/Cancel owner callbacks and exact six template insertions checked. No text rendering in this boundary test.]","Owner callback boundary checked; existing CanvasTextEditor cases additionally cover actual commit/cancel ownership."
"src/ui/text/CanvasTextPanel.tsx:67:9","text","src/ui/text/CanvasTextPanel.tsx:67","Done","verified-boundary","Notify the text owner to save the canvas text.","Done requires available font/path and no save in flight.","src/ui/text/TextControls.audit.test.tsx: canvas text Done and Cancel invoke separate owners and variable field inserts retain exact template tokens [Actual draft fields and variable controls; Done/Cancel owner callbacks and exact six template insertions checked. No text rendering in this boundary test.]","Owner callback boundary checked; existing CanvasTextEditor cases additionally cover actual commit/cancel ownership."
"src/ui/text/CanvasTextSymbols.tsx:6:7","text","src/ui/text/CanvasTextSymbols.tsx:6","Accents & symbols","verified-boundary","Expand accented letters and symbols.","Available while its containing view is open.","src/ui/text/TextControls.audit.test.tsx: symbol disclosure expands and each accent button inserts its own character [Rendered disclosure and all 15 accent buttons dispatch exact characters to a callback.]",""
"src/ui/text/CanvasTextSymbols.tsx:11:11","text","src/ui/text/CanvasTextSymbols.tsx:11","`Insert ${char}`","verified-boundary","Insert the exact selected accented character.","Available while its containing view is open.","src/ui/text/TextControls.audit.test.tsx: symbol disclosure expands and each accent button inserts its own character [Rendered disclosure and all 15 accent buttons dispatch exact characters to a callback.]",""
"src/ui/text/CanvasVariableTextFields.tsx:16:7","text","src/ui/text/CanvasVariableTextFields.tsx:16","Variable text tutorial","verified-boundary","Open the variable-text lesson without editing the project.","Available when its containing view is visible.","src/ui/tutorials/TutorialControls.audit.test.tsx: individual tutorial control outcomes 'variable-text' card and contextual button open the named lesson without editing the project [Executed shared TutorialButton with this exact lesson ID: lesson title/step, close, project/undo/dirty immutability asserted. The enclosing call-site ID was inspected in production source; not every enclosing view mounted in this case.]","Shared contextual-control contract plus inspected site binding; enclosing-site layout/visibility is a separate boundary."
"src/ui/text/CanvasVariableTextFields.tsx:18:9","text","src/ui/text/CanvasVariableTextFields.tsx:18","Evaluate typed fields when previewing, framing, exporting, or starting this job.","verified-boundary","Enable template evaluation for the canvas text draft.","Available while its containing view is open.","src/ui/text/TextControls.audit.test.tsx: canvas text Done and Cancel invoke separate owners and variable field inserts retain exact template tokens [Actual draft fields and variable controls; Done/Cancel owner callbacks and exact six template insertions checked. No text rendering in this boundary test.]",""
"src/ui/text/FontImportButton.tsx:12:7","text","src/ui/text/FontImportButton.tsx:12","Import","verified-boundary","Open the native picker boundary and pass the chosen font File to import.","Available while its containing view is open.","src/ui/text/TextControls.audit.test.tsx: font Import opens the native picker boundary and sends the selected file to the import callback [Native file-input click and file selection are simulated; exact File reaches the import callback, with no OS picker/network/file write.]
src/ui/text/AddTextDialog.test.tsx: AddTextDialog unknown font safety embeds an imported font and uses its stable project key [Actual rendered React control, native click/change/pointer event and real local store or draft; jsdom canvas drawing is stubbed. No hardware.]",""
"src/ui/text/FontPicker.tsx:56:7","text","src/ui/text/FontPicker.tsx:56","{selectedEmbedded !== undefined ? ( <> <span style={triggerNameStyle}>{selectedEmbedded.fileName}</span> <span style={triggerClassStyle}>(project font)</span> </> ) : selected === undefined ? ( <> <span style={triggerNameStyle}>Missing font: {props.value}</span> <span style={triggerClassStyle}>(choose replacement)</span> </> ) : ( <> <span style={triggerNameStyle}>{selected.displayName}</span> <span style={triggerClassStyle}>({selected.styleClass})</span> </> )} ▾","verified-boundary","Open and close the font list.","Available while its containing view is open.","src/ui/text/TextControls.audit.test.tsx: font picker opens, chooses every built-in and the embedded font, then closes each time [Rendered font picker chooses every registry font and one embedded font; CSS/font byte loading stubbed. Callback key and popup dismissal checked, not glyph rasterization.]",""
"src/ui/text/FontPicker.tsx:93:15","text","src/ui/text/FontPicker.tsx:93","( {f.styleClass} )","verified-boundary","Choose every bundled font key and close the menu.","Available while its containing view is open.","src/ui/text/TextControls.audit.test.tsx: font picker opens, chooses every built-in and the embedded font, then closes each time [Rendered font picker chooses every registry font and one embedded font; CSS/font byte loading stubbed. Callback key and popup dismissal checked, not glyph rasterization.]",""
"src/ui/text/FontPicker.tsx:151:11","text","src/ui/text/FontPicker.tsx:151","{font.fileName} (project)","verified-boundary","Choose the embedded project font key and close the menu.","Available while its containing view is open.","src/ui/text/TextControls.audit.test.tsx: font picker opens, chooses every built-in and the embedded font, then closes each time [Rendered font picker chooses every registry font and one embedded font; CSS/font byte loading stubbed. Callback key and popup dismissal checked, not glyph rasterization.]",""
"src/ui/text/PathTextFields.tsx:17:9","text","src/ui/text/PathTextFields.tsx:17","Place text along a selected vector path.","verified-behaviour","Enable/disable path text on an available guide.","Path enable disabled when there is no guide. Reverse shown only for enabled path text.","src/ui/text/TextControls.audit.test.tsx: formatting radio, weld, path enable/reverse and variable toggles update the actual text draft [Actual rendered React control, native click/change/pointer event and real local store or draft; jsdom canvas drawing is stubbed. No hardware.]
src/ui/text/TextControls.audit.test.tsx: canvas text Done and Cancel invoke separate owners and variable field inserts retain exact template tokens [Actual draft fields and variable controls; Done/Cancel owner callbacks and exact six template insertions checked. No text rendering in this boundary test.]",""
"src/ui/text/PathTextFields.tsx:59:13","text","src/ui/text/PathTextFields.tsx:59","Reverse text direction along the guide.","verified-behaviour","Reverse text direction along the enabled guide.","Path enable disabled when there is no guide. Reverse shown only for enabled path text.","src/ui/text/TextControls.audit.test.tsx: formatting radio, weld, path enable/reverse and variable toggles update the actual text draft [Actual rendered React control, native click/change/pointer event and real local store or draft; jsdom canvas drawing is stubbed. No hardware.]
src/ui/text/TextControls.audit.test.tsx: canvas text Done and Cancel invoke separate owners and variable field inserts retain exact template tokens [Actual draft fields and variable controls; Done/Cancel owner callbacks and exact six template insertions checked. No text rendering in this boundary test.]",""
"src/ui/text/TextFormattingFields.tsx:37:9","text","src/ui/text/TextFormattingFields.tsx:37","FontImportButton","verified-boundary","Expose the import-font control within formatting fields.","Available while its containing view is open.","src/ui/text/TextControls.audit.test.tsx: font Import opens the native picker boundary and sends the selected file to the import callback [Native file-input click and file selection are simulated; exact File reaches the import callback, with no OS picker/network/file write.]
src/ui/text/AddTextDialog.test.tsx: AddTextDialog unknown font safety embeds an imported font and uses its stable project key [Actual rendered React control, native click/change/pointer event and real local store or draft; jsdom canvas drawing is stubbed. No hardware.]",""
"src/ui/text/TextFormattingFields.tsx:40:7","text","src/ui/text/TextFormattingFields.tsx:40","Text layout tutorial","verified-boundary","Open the text-layout lesson without editing the project.","Available when its containing view is visible.","src/ui/tutorials/TutorialControls.audit.test.tsx: individual tutorial control outcomes 'text-layout' card and contextual button open the named lesson without editing the project [Executed shared TutorialButton with this exact lesson ID: lesson title/step, close, project/undo/dirty immutability asserted. The enclosing call-site ID was inspected in production source; not every enclosing view mounted in this case.]","Shared contextual-control contract plus inspected site binding; enclosing-site layout/visibility is a separate boundary."
"src/ui/text/TextFormattingFields.tsx:45:9","text","src/ui/text/TextFormattingFields.tsx:45","Weld overlapping letters","verified-behaviour","Toggle letter welding for outline fonts and disable welding for stroke fonts.","Available while its containing view is open.","src/ui/text/TextControls.audit.test.tsx: formatting radio, weld, path enable/reverse and variable toggles update the actual text draft [Actual rendered React control, native click/change/pointer event and real local store or draft; jsdom canvas drawing is stubbed. No hardware.]",""
"src/ui/text/TextFormattingFields.tsx:104:11","text","src/ui/text/TextFormattingFields.tsx:104","`Align text ${alignment}.`","verified-behaviour","Select left/centre/right text alignment.","Available while its containing view is open.","src/ui/text/TextControls.audit.test.tsx: formatting radio, weld, path enable/reverse and variable toggles update the actual text draft [Actual rendered React control, native click/change/pointer event and real local store or draft; jsdom canvas drawing is stubbed. No hardware.]",""
"src/ui/text/VariableCsvImport.tsx:25:7","text","src/ui/text/VariableCsvImport.tsx:25","Import CSV...","verified-boundary","Open CSV import and parse/publish the file only for the current picker/document owner.","Available while its containing view is open.","src/ui/text/VariableCsvImport.test.tsx: VariableCsvImport request ownership owns a selection dispatched synchronously by the native picker click [Actual CSV picker ownership and parsing path with native picker event and fake File input. No OS dialog or external file modified.]",""
"src/ui/text/VariableSequenceControls.tsx:76:9","text","src/ui/text/VariableSequenceControls.tsx:76","Previous","verified-boundary","Dispatch Previous record.","Available while its containing view is open.","src/ui/text/VariableSequenceControls.test.tsx: VariableSequenceControls edits ranges, removes serial wrapping, and exposes transport actions [Rendered range controls with real draft state; Previous/Reset/Next callback spies and wrap-state mutations checked.]",""
"src/ui/text/VariableSequenceControls.tsx:77:9","text","src/ui/text/VariableSequenceControls.tsx:77","Reset","verified-boundary","Dispatch sequence Reset.","Available while its containing view is open.","src/ui/text/VariableSequenceControls.test.tsx: VariableSequenceControls edits ranges, removes serial wrapping, and exposes transport actions [Rendered range controls with real draft state; Previous/Reset/Next callback spies and wrap-state mutations checked.]",""
"src/ui/text/VariableSequenceControls.tsx:78:9","text","src/ui/text/VariableSequenceControls.tsx:78","Next","verified-boundary","Dispatch Next record.","Available while its containing view is open.","src/ui/text/VariableSequenceControls.test.tsx: VariableSequenceControls edits ranges, removes serial wrapping, and exposes transport actions [Rendered range controls with real draft state; Previous/Reset/Next callback spies and wrap-state mutations checked.]",""
"src/ui/text/VariableSequenceControls.tsx:92:9","text","src/ui/text/VariableSequenceControls.tsx:92","Wrap serial","verified-behaviour","Enable/remove serial wrapping while keeping the endpoint persistable.","Available while its containing view is open.","src/ui/text/VariableSequenceControls.test.tsx: VariableSequenceControls edits ranges, removes serial wrapping, and exposes transport actions [Rendered range controls with real draft state; Previous/Reset/Next callback spies and wrap-state mutations checked.]
src/ui/text/VariableSequenceControls.test.tsx: VariableSequenceControls stores a persistable serial wrap endpoint for 'ordinary values' [Actual rendered React control, native click/change/pointer event and real local store or draft; jsdom canvas drawing is stubbed. No hardware.]
src/ui/text/VariableSequenceControls.test.tsx: VariableSequenceControls stores a persistable serial wrap endpoint for 'the exact safe-integer ceiling' [Actual rendered React control, native click/change/pointer event and real local store or draft; jsdom canvas drawing is stubbed. No hardware.]
src/ui/text/VariableSequenceControls.test.tsx: VariableSequenceControls stores a persistable serial wrap endpoint for 'one step beyond the ceiling' [Actual rendered React control, native click/change/pointer event and real local store or draft; jsdom canvas drawing is stubbed. No hardware.]
src/ui/text/VariableSequenceControls.test.tsx: VariableSequenceControls stores a persistable serial wrap endpoint for 'a maximum stride beyond the ceiling' [Actual rendered React control, native click/change/pointer event and real local store or draft; jsdom canvas drawing is stubbed. No hardware.]",""
"src/ui/text/VariableTextControls.tsx:95:5","text","src/ui/text/VariableTextControls.tsx:95","{props.label}","verified-boundary","Insert exact date/time/serial/power/speed/passes template tokens.","Variable-text controls visible when template evaluation is enabled.","src/ui/text/TextControls.audit.test.tsx: canvas text Done and Cancel invoke separate owners and variable field inserts retain exact template tokens [Actual draft fields and variable controls; Done/Cancel owner callbacks and exact six template insertions checked. No text rendering in this boundary test.]",""
"src/ui/text/VariableTextFields.tsx:22:7","text","src/ui/text/VariableTextFields.tsx:22","Variable text tutorial","verified-boundary","Open the variable-text lesson without editing the project.","Available when its containing view is visible.","src/ui/tutorials/TutorialControls.audit.test.tsx: individual tutorial control outcomes 'variable-text' card and contextual button open the named lesson without editing the project [Executed shared TutorialButton with this exact lesson ID: lesson title/step, close, project/undo/dirty immutability asserted. The enclosing call-site ID was inspected in production source; not every enclosing view mounted in this case.]","Shared contextual-control contract plus inspected site binding; enclosing-site layout/visibility is a separate boundary."
"src/ui/text/VariableTextFields.tsx:24:9","text","src/ui/text/VariableTextFields.tsx:24","Evaluate typed fields when previewing, framing, exporting, or starting this job.","verified-behaviour","Enable template evaluation for the dialog draft.","Available while its containing view is open.","src/ui/text/TextControls.audit.test.tsx: formatting radio, weld, path enable/reverse and variable toggles update the actual text draft [Actual rendered React control, native click/change/pointer event and real local store or draft; jsdom canvas drawing is stubbed. No hardware.]",""
"src/ui/trace/TraceSettingsControls.tsx:74:9","trace","src/ui/trace/TraceSettingsControls.tsx:74","Curve finishing","verified-behaviour","Expand Edge Detection finishing settings.","Reset disabled with no overrides; alpha option unavailable before source transparency is known or if the source is opaque.","src/ui/trace/TraceControls.audit.test.tsx: opens 'Sharp' finishing disclosure and Reset clears real override state [Actual rendered React control, native click/change/pointer event and real local store or draft; jsdom canvas drawing is stubbed. No hardware.]
src/ui/trace/TraceControls.audit.test.tsx: opens 'Edge Detection' finishing disclosure and Reset clears real override state [Actual rendered React control, native click/change/pointer event and real local store or draft; jsdom canvas drawing is stubbed. No hardware.]",""
"src/ui/trace/TraceSettingsControls.tsx:79:7","trace","src/ui/trace/TraceSettingsControls.tsx:79","ResetTraceSettingsButton","verified-behaviour","Render/reset Edge Detection overrides.","Reset disabled with no overrides; alpha option unavailable before source transparency is known or if the source is opaque.","src/ui/trace/TraceControls.audit.test.tsx: opens 'Sharp' finishing disclosure and Reset clears real override state [Actual rendered React control, native click/change/pointer event and real local store or draft; jsdom canvas drawing is stubbed. No hardware.]
src/ui/trace/TraceControls.audit.test.tsx: opens 'Edge Detection' finishing disclosure and Reset clears real override state [Actual rendered React control, native click/change/pointer event and real local store or draft; jsdom canvas drawing is stubbed. No hardware.]",""
"src/ui/trace/TraceSettingsControls.tsx:106:11","trace","src/ui/trace/TraceSettingsControls.tsx:106","Curve finishing","verified-behaviour","Expand filled-contour finishing settings.","Reset disabled with no overrides; alpha option unavailable before source transparency is known or if the source is opaque.","src/ui/trace/TraceControls.audit.test.tsx: opens 'Sharp' finishing disclosure and Reset clears real override state [Actual rendered React control, native click/change/pointer event and real local store or draft; jsdom canvas drawing is stubbed. No hardware.]
src/ui/trace/TraceControls.audit.test.tsx: opens 'Edge Detection' finishing disclosure and Reset clears real override state [Actual rendered React control, native click/change/pointer event and real local store or draft; jsdom canvas drawing is stubbed. No hardware.]",""
"src/ui/trace/TraceSettingsControls.tsx:113:9","trace","src/ui/trace/TraceSettingsControls.tsx:113","Transparency","verified-behaviour","Expand transparency options.","Reset disabled with no overrides; alpha option unavailable before source transparency is known or if the source is opaque.","src/ui/trace/TraceControls.audit.test.tsx: opens 'Sharp' finishing disclosure and Reset clears real override state [Actual rendered React control, native click/change/pointer event and real local store or draft; jsdom canvas drawing is stubbed. No hardware.]
src/ui/trace/TraceControls.audit.test.tsx: opens 'Edge Detection' finishing disclosure and Reset clears real override state [Actual rendered React control, native click/change/pointer event and real local store or draft; jsdom canvas drawing is stubbed. No hardware.]",""
"src/ui/trace/TraceSettingsControls.tsx:125:7","trace","src/ui/trace/TraceSettingsControls.tsx:125","ResetTraceSettingsButton","verified-behaviour","Render/reset filled-contour overrides.","Reset disabled with no overrides; alpha option unavailable before source transparency is known or if the source is opaque.","src/ui/trace/TraceControls.audit.test.tsx: opens 'Sharp' finishing disclosure and Reset clears real override state [Actual rendered React control, native click/change/pointer event and real local store or draft; jsdom canvas drawing is stubbed. No hardware.]
src/ui/trace/TraceControls.audit.test.tsx: opens 'Edge Detection' finishing disclosure and Reset clears real override state [Actual rendered React control, native click/change/pointer event and real local store or draft; jsdom canvas drawing is stubbed. No hardware.]",""
"src/ui/trace/TraceSettingsControls.tsx:250:7","trace","src/ui/trace/TraceSettingsControls.tsx:250","Reset trace settings","verified-behaviour","Clear overrides back to the chosen preset and disable Reset when already empty.","Reset disabled with no overrides; alpha option unavailable before source transparency is known or if the source is opaque.","src/ui/trace/TraceControls.audit.test.tsx: opens 'Sharp' finishing disclosure and Reset clears real override state [Actual rendered React control, native click/change/pointer event and real local store or draft; jsdom canvas drawing is stubbed. No hardware.]
src/ui/trace/TraceControls.audit.test.tsx: opens 'Edge Detection' finishing disclosure and Reset clears real override state [Actual rendered React control, native click/change/pointer event and real local store or draft; jsdom canvas drawing is stubbed. No hardware.]",""
"src/ui/trace/TraceSettingsControls.tsx:343:7","trace","src/ui/trace/TraceSettingsControls.tsx:343","traceCheckboxTitle(props.label)","verified-behaviour","Enable tracing transparent alpha when available.","Reset disabled with no overrides; alpha option unavailable before source transparency is known or if the source is opaque.","src/ui/trace/TraceControls.audit.test.tsx: opens 'Sharp' finishing disclosure and Reset clears real override state [Actual rendered React control, native click/change/pointer event and real local store or draft; jsdom canvas drawing is stubbed. No hardware.]
src/ui/trace/TraceControls.audit.test.tsx: opens 'Edge Detection' finishing disclosure and Reset clears real override state [Actual rendered React control, native click/change/pointer event and real local store or draft; jsdom canvas drawing is stubbed. No hardware.]",""
"src/ui/trace/dialog-parts.tsx:47:7","trace","src/ui/trace/dialog-parts.tsx:47","TutorialButton","verified-boundary","Open the trace lesson without editing the project.","Available when its containing view is visible.","src/ui/tutorials/TutorialControls.audit.test.tsx: individual tutorial control outcomes 'trace' card and contextual button open the named lesson without editing the project [Executed shared TutorialButton with this exact lesson ID: lesson title/step, close, project/undo/dirty immutability asserted. The enclosing call-site ID was inspected in production source; not every enclosing view mounted in this case.]","Shared contextual-control contract plus inspected site binding; enclosing-site layout/visibility is a separate boundary."
"src/ui/trace/dialog-parts.tsx:48:7","trace","src/ui/trace/dialog-parts.tsx:48","Close trace image","verified-boundary","Close trace preview without creating output.","Available while its containing view is open.","src/ui/trace/TraceControls.audit.test.tsx: trace header Close, source-removal toggle, Cancel and submit dispatch distinct dialog actions [Rendered header/actions and native form Submit. Distinct close/cancel/submit/removal callbacks asserted; trace computation is separate.]
src/ui/trace/ImportImageDialog.test.ts: commit source revalidation (P2-A) passes Delete Image After trace through commit and reports source deleted [Actual trace commit ownership path with deterministic decode/trace boundaries; verifies source removal semantics.]",""
"src/ui/trace/dialog-parts.tsx:214:7","trace","src/ui/trace/dialog-parts.tsx:214","Remove the source bitmap after creating the trace. Uncheck to keep it for Re-trace Original.","verified-boundary","Choose whether to remove the source bitmap after commit.","Available while its containing view is open.","src/ui/trace/TraceControls.audit.test.tsx: trace header Close, source-removal toggle, Cancel and submit dispatch distinct dialog actions [Rendered header/actions and native form Submit. Distinct close/cancel/submit/removal callbacks asserted; trace computation is separate.]
src/ui/trace/ImportImageDialog.test.ts: commit source revalidation (P2-A) passes Delete Image After trace through commit and reports source deleted [Actual trace commit ownership path with deterministic decode/trace boundaries; verifies source removal semantics.]",""
"src/ui/trace/dialog-parts.tsx:233:7","trace","src/ui/trace/dialog-parts.tsx:233","Cancel","verified-behaviour","Cancel a pending trace without committing its later reply.","Available while its containing view is open.","src/ui/trace/ImportImageDialog.cancel.test.tsx: Trace Cancel while successful work is pending closes ordinary-vector before its successful reply and preserves document state [Actual trace dialog click Cancel while a successful mocked trace reply is pending; document and ownership remain unchanged after reply.]",""
"src/ui/trace/dialog-parts.tsx:234:7","trace","src/ui/trace/dialog-parts.tsx:234","{props.busy ? 'Tracing…' : 'Trace'}","verified-boundary","Submit Trace exactly once when allowed and disable during tracing/unavailable preview.","Available while its containing view is open.","src/ui/trace/TraceControls.audit.test.tsx: trace header Close, source-removal toggle, Cancel and submit dispatch distinct dialog actions [Rendered header/actions and native form Submit. Distinct close/cancel/submit/removal callbacks asserted; trace computation is separate.]
src/ui/trace/ImportImageDialog.test.ts: commit source revalidation (P2-A) passes Delete Image After trace through commit and reports source deleted [Actual trace commit ownership path with deterministic decode/trace boundaries; verifies source removal semantics.]",""
"src/ui/trace/trace-preview-controls.tsx:29:11","trace","src/ui/trace/trace-preview-controls.tsx:29","Fade Image","verified-behaviour","Fade only the source comparison image.","Available while its containing view is open.","src/ui/trace/TracePreview.test.tsx: TracePreview source overlay controls changes only the source image opacity when Fade Image is toggled [Actual rendered React control, native click/change/pointer event and real local store or draft; jsdom canvas drawing is stubbed. No hardware.]
src/ui/trace/TracePreview.test.tsx: TracePreview source overlay controls shows traced nodes when Show Points is toggled [Actual rendered React control, native click/change/pointer event and real local store or draft; jsdom canvas drawing is stubbed. No hardware.]
src/ui/trace/TracePreview.test.tsx: TracePreview source overlay controls clears the active Boundary rectangle [Actual rendered React control, native click/change/pointer event and real local store or draft; jsdom canvas drawing is stubbed. No hardware.]",""
"src/ui/trace/trace-preview-controls.tsx:41:11","trace","src/ui/trace/trace-preview-controls.tsx:41","Show Points","verified-behaviour","Show/hide trace points.","Available while its containing view is open.","src/ui/trace/TracePreview.test.tsx: TracePreview source overlay controls changes only the source image opacity when Fade Image is toggled [Actual rendered React control, native click/change/pointer event and real local store or draft; jsdom canvas drawing is stubbed. No hardware.]
src/ui/trace/TracePreview.test.tsx: TracePreview source overlay controls shows traced nodes when Show Points is toggled [Actual rendered React control, native click/change/pointer event and real local store or draft; jsdom canvas drawing is stubbed. No hardware.]
src/ui/trace/TracePreview.test.tsx: TracePreview source overlay controls clears the active Boundary rectangle [Actual rendered React control, native click/change/pointer event and real local store or draft; jsdom canvas drawing is stubbed. No hardware.]",""
"src/ui/trace/trace-preview-controls.tsx:53:11","trace","src/ui/trace/trace-preview-controls.tsx:53","Clear Boundary","verified-behaviour","Clear the active trace boundary.","Available while its containing view is open.","src/ui/trace/TracePreview.test.tsx: TracePreview source overlay controls changes only the source image opacity when Fade Image is toggled [Actual rendered React control, native click/change/pointer event and real local store or draft; jsdom canvas drawing is stubbed. No hardware.]
src/ui/trace/TracePreview.test.tsx: TracePreview source overlay controls shows traced nodes when Show Points is toggled [Actual rendered React control, native click/change/pointer event and real local store or draft; jsdom canvas drawing is stubbed. No hardware.]
src/ui/trace/TracePreview.test.tsx: TracePreview source overlay controls clears the active Boundary rectangle [Actual rendered React control, native click/change/pointer event and real local store or draft; jsdom canvas drawing is stubbed. No hardware.]",""
"src/ui/trace/trace-preview-controls.tsx:75:9","trace","src/ui/trace/trace-preview-controls.tsx:75","accessibleLabel","verified-behaviour","Switch Original/Overlay/Trace while retaining trace geometry and point state.","Available while its containing view is open.","src/ui/trace/trace-preview-view.test.tsx: TracePreview comparison and inspection starts in Overlay and switches layers without replacing the trace or points [Actual rendered React control, native click/change/pointer event and real local store or draft; jsdom canvas drawing is stubbed. No hardware.]",""
"src/ui/trace/trace-preview-controls.tsx:98:7","trace","src/ui/trace/trace-preview-controls.tsx:98","Zoom out","verified-behaviour","Zoom out in bounded half-steps.","Available while its containing view is open.","src/ui/trace/trace-preview-view.test.tsx: TracePreview comparison and inspection zooms every layer together, preserves the viewport centre, and resets with Fit [Actual rendered React control, native click/change/pointer event and real local store or draft; jsdom canvas drawing is stubbed. No hardware.]
src/ui/trace/trace-preview-view.test.tsx: TracePreview comparison and inspection bounds inspection zoom and leaves every view control separate from form submission [Actual rendered React control, native click/change/pointer event and real local store or draft; jsdom canvas drawing is stubbed. No hardware.]",""
"src/ui/trace/trace-preview-controls.tsx:111:7","trace","src/ui/trace/trace-preview-controls.tsx:111","Zoom in","verified-behaviour","Zoom in in bounded double-steps.","Available while its containing view is open.","src/ui/trace/trace-preview-view.test.tsx: TracePreview comparison and inspection zooms every layer together, preserves the viewport centre, and resets with Fit [Actual rendered React control, native click/change/pointer event and real local store or draft; jsdom canvas drawing is stubbed. No hardware.]
src/ui/trace/trace-preview-view.test.tsx: TracePreview comparison and inspection bounds inspection zoom and leaves every view control separate from form submission [Actual rendered React control, native click/change/pointer event and real local store or draft; jsdom canvas drawing is stubbed. No hardware.]",""
"src/ui/trace/trace-preview-controls.tsx:121:7","trace","src/ui/trace/trace-preview-controls.tsx:121","Fit","verified-behaviour","Fit all comparison layers and reset the viewport.","Available while its containing view is open.","src/ui/trace/trace-preview-view.test.tsx: TracePreview comparison and inspection zooms every layer together, preserves the viewport centre, and resets with Fit [Actual rendered React control, native click/change/pointer event and real local store or draft; jsdom canvas drawing is stubbed. No hardware.]
src/ui/trace/trace-preview-view.test.tsx: TracePreview comparison and inspection bounds inspection zoom and leaves every view control separate from form submission [Actual rendered React control, native click/change/pointer event and real local store or draft; jsdom canvas drawing is stubbed. No hardware.]",""
